booking_id,booking_date,lead_time_days,stay_duration_nights,adults,children,room_type,booking_channel,guest_country,adr,is_canceled,special_requests,previous_bookings,loyalty_member,total_revenue
1,2023-03-07,66,2,2,1,Standard,OTA,India,79.87,0,0,0,1,159.74
2,2024-07-18,82,3,2,0,Standard,Corporate,India,106.14,0,1,2,0,318.42
3,2024-04-22,18,4,4,1,Standard,Direct,USA,75.99,0,0,2,1,303.96
4,2023-11-17,75,4,2,0,Executive,Travel Agent,India,580.48,0,2,2,0,2321.92
5,2023-11-13,26,5,2,1,Deluxe,OTA,UK,142.31,0,1,1,0,711.55
6,2024-09-18,39,2,3,0,Deluxe,Corporate,UAE,128.43,1,1,1,0,0.0
7,2023-03-04,45,4,2,0,Deluxe,Direct,Australia,162.98,0,0,1,1,651.92
8,2024-05-24,71,2,1,0,Standard,Corporate,USA,91.66,0,0,0,1,183.32
9,2023-05-28,55,3,2,0,Executive,Corporate,India,401.98,0,0,2,1,1205.94
10,2023-03-10,26,8,2,0,Deluxe,Direct,India,112.31,1,1,2,1,0.0
11,2024-01-20,3,3,2,0,Standard,OTA,UK,122.54,1,1,2,0,0.0
12,2024-12-13,48,1,4,0,Deluxe,Direct,India,195.79,0,0,1,1,195.79
13,2024-06-21,38,4,2,0,Standard,Direct,Australia,108.94,1,0,0,0,0.0
14,2024-07-09,11,2,3,0,Deluxe,OTA,USA,126.37,0,0,0,0,252.74
15,2024-06-07,41,4,2,0,Deluxe,OTA,UK,173.13,0,1,0,1,692.52
16,2024-07-27,34,3,1,0,Executive,OTA,USA,397.23,0,1,1,0,1191.69
17,2024-01-10,81,3,2,0,Executive,OTA,India,416.82,1,2,0,0,0.0
18,2023-04-04,112,2,2,0,Standard,OTA,Germany,90.54,0,1,1,0,181.08
19,2024-09-05,65,4,3,0,Standard,Direct,USA,81.07,0,1,5,0,324.28
20,2023-11-25,32,4,2,0,Suite,Direct,USA,358.67,0,0,2,1,1434.68
21,2024-01-01,36,3,2,0,Deluxe,OTA,UAE,201.98,0,0,1,1,605.94
22,2023-09-28,17,2,2,2,Deluxe,Direct,India,148.55,0,0,0,0,297.1
23,2023-05-14,20,5,4,0,Deluxe,Travel Agent,UK,106.72,1,2,0,0,0.0
24,2024-11-07,31,2,1,1,Deluxe,Travel Agent,UAE,192.29,0,0,0,0,384.58
25,2024-07-24,29,6,1,0,Deluxe,Corporate,Singapore,170.81,0,1,1,0,1024.86
26,2024-04-15,10,4,2,0,Executive,OTA,UAE,290.56,0,0,2,0,1162.24
27,2023-10-21,82,3,2,0,Deluxe,Direct,India,141.27,1,0,2,0,0.0
28,2024-08-23,89,1,2,0,Standard,Direct,UK,95.44,0,0,0,0,95.44
29,2024-02-03,80,5,1,1,Standard,OTA,UK,70.57,0,1,0,0,352.85
30,2023-11-20,91,6,2,0,Executive,Corporate,India,446.3,0,0,0,0,2677.8
31,2023-11-25,133,3,1,0,Deluxe,OTA,UAE,220.36,0,1,0,0,661.08
32,2023-06-15,18,6,1,0,Deluxe,Corporate,India,154.13,0,0,1,0,924.78
33,2023-03-09,129,4,2,0,Standard,Corporate,UK,86.81,1,1,0,0,0.0
34,2024-02-09,26,3,1,0,Executive,OTA,India,387.38,0,0,0,0,1162.14
35,2024-10-10,53,3,2,0,Deluxe,OTA,India,101.99,0,2,0,1,305.97
36,2023-02-16,8,4,2,2,Executive,OTA,India,308.98,0,0,0,0,1235.92
37,2024-09-18,23,4,1,0,Standard,Travel Agent,India,77.67,0,0,0,0,310.68
38,2024-08-27,67,2,2,0,Standard,OTA,Singapore,100.98,1,1,1,0,0.0
39,2023-07-22,55,2,2,1,Standard,Direct,UAE,112.87,0,0,0,1,225.74
40,2024-04-06,25,2,1,2,Standard,Corporate,India,100.5,0,1,3,0,201.0
41,2023-05-01,36,2,2,2,Executive,Travel Agent,India,243.02,0,0,1,0,486.04
42,2024-07-07,21,3,1,0,Standard,Corporate,Australia,127.81,0,1,1,1,383.43
43,2024-05-26,66,4,4,1,Suite,Direct,UK,237.1,0,0,1,1,948.4
44,2023-09-16,85,3,2,0,Suite,Travel Agent,USA,248.92,0,1,2,1,746.76
45,2023-02-19,18,2,2,1,Standard,OTA,USA,72.57,0,1,1,1,145.14
46,2024-12-09,33,2,3,1,Deluxe,Direct,India,173.32,0,0,1,1,346.64
47,2023-11-22,10,3,2,0,Suite,OTA,India,296.35,0,1,0,1,889.05
48,2024-10-13,40,5,2,0,Deluxe,Direct,India,148.07,1,1,1,1,0.0
49,2024-05-09,49,4,2,1,Standard,Direct,UAE,72.94,0,1,0,0,291.76
50,2024-07-22,43,3,2,0,Suite,OTA,India,225.36,0,0,0,0,676.08
51,2024-07-08,47,4,2,2,Deluxe,Corporate,USA,168.01,0,1,0,1,672.04
52,2023-05-23,31,6,2,1,Executive,Corporate,Australia,237.46,0,1,0,1,1424.76
53,2023-09-23,31,2,3,1,Deluxe,Direct,USA,163.93,0,0,0,1,327.86
54,2023-12-07,30,4,4,0,Standard,OTA,India,129.96,0,0,2,0,519.84
55,2023-12-30,22,4,1,0,Standard,Direct,USA,157.24,0,1,1,0,628.96
56,2023-02-01,25,2,3,1,Suite,Direct,India,191.39,0,2,0,0,382.78
57,2024-02-03,48,3,1,0,Executive,Travel Agent,UAE,369.46,0,2,2,0,1108.38
58,2023-04-23,82,5,4,0,Standard,Corporate,UAE,85.79,1,0,0,0,0.0
59,2024-06-26,15,4,2,0,Standard,Corporate,India,110.11,0,1,0,0,440.44
60,2024-05-13,31,3,2,0,Standard,OTA,USA,83.77,0,0,2,0,251.31
61,2024-11-04,12,2,2,0,Standard,Travel Agent,USA,104.21,0,0,0,0,208.42
62,2024-06-27,23,5,1,0,Standard,OTA,Australia,85.51,0,3,1,1,427.55
63,2023-09-25,26,4,3,0,Standard,Travel Agent,India,76.45,0,0,1,0,305.8
64,2024-12-07,38,5,1,0,Standard,Direct,UK,114.15,0,2,1,0,570.75
65,2023-10-27,37,6,2,0,Deluxe,Direct,Singapore,149.06,1,1,3,0,0.0
66,2023-08-26,33,1,3,0,Executive,Corporate,India,415.35,0,1,0,0,415.35
67,2024-10-23,45,2,2,1,Standard,OTA,UAE,74.68,1,1,4,0,0.0
68,2023-09-28,16,8,2,0,Deluxe,Corporate,UK,119.95,0,3,0,0,959.6
69,2023-02-25,38,1,4,0,Standard,Direct,India,98.93,0,0,0,0,98.93
70,2023-12-09,56,3,1,0,Deluxe,Travel Agent,Singapore,218.79,0,1,2,0,656.37
71,2024-08-03,16,5,2,0,Executive,Corporate,Germany,373.62,0,0,1,0,1868.1
72,2023-05-19,6,3,1,0,Standard,Direct,USA,91.4,0,1,0,0,274.2
73,2023-12-04,66,3,1,1,Suite,OTA,UK,266.2,1,0,0,1,0.0
74,2023-04-05,13,3,1,1,Standard,Travel Agent,India,105.04,0,1,0,1,315.12
75,2024-05-16,22,2,2,0,Standard,Direct,India,70.97,0,1,0,0,141.94
76,2023-12-14,55,3,2,0,Standard,OTA,Australia,111.28,1,1,3,0,0.0
77,2023-08-30,15,4,2,0,Standard,OTA,UK,101.13,0,0,1,0,404.52
78,2023-06-15,63,1,2,2,Standard,Direct,India,88.34,0,2,1,0,88.34
79,2024-02-17,19,4,2,2,Deluxe,Direct,Australia,134.07,0,0,1,0,536.28
80,2024-05-03,17,3,2,2,Standard,Direct,USA,88.91,0,0,0,0,266.73
81,2024-11-17,12,3,1,0,Suite,Direct,India,306.1,0,1,0,0,918.3
82,2023-11-16,19,3,2,1,Standard,Corporate,India,110.44,0,0,2,0,331.32
83,2023-04-28,50,2,2,0,Standard,Direct,Singapore,82.62,1,1,2,0,0.0
84,2024-08-30,22,2,3,0,Deluxe,Direct,India,182.56,0,0,1,1,365.12
85,2024-04-04,66,5,2,0,Deluxe,Travel Agent,India,97.8,0,0,0,1,489.0
86,2024-05-26,34,4,2,0,Suite,Travel Agent,USA,228.5,0,1,1,0,914.0
87,2023-03-12,36,2,2,0,Suite,OTA,UK,240.25,0,1,2,1,480.5
88,2023-08-17,17,5,2,0,Deluxe,OTA,USA,174.73,0,0,0,0,873.65
89,2024-07-14,73,3,2,0,Executive,OTA,Singapore,322.2,0,0,0,0,966.6
90,2024-08-30,56,6,2,0,Standard,Corporate,India,123.85,0,1,1,0,743.1
91,2023-11-14,55,2,2,0,Executive,Corporate,India,437.06,0,0,1,0,874.12
92,2024-08-10,29,3,3,0,Standard,OTA,Singapore,86.75,0,0,0,0,260.25
93,2024-09-06,11,3,1,0,Standard,OTA,India,97.94,0,0,1,1,293.82
94,2023-10-10,38,3,3,0,Standard,Travel Agent,Singapore,71.07,0,0,2,1,213.21
95,2024-10-17,48,5,3,0,Deluxe,Travel Agent,Germany,138.91,0,0,2,1,694.55
96,2023-07-30,49,4,1,1,Deluxe,Direct,Germany,192.97,0,0,1,1,771.88
97,2023-06-24,44,6,1,0,Standard,Corporate,India,120.91,0,1,1,0,725.46
98,2024-05-13,43,5,2,1,Standard,Travel Agent,India,74.51,1,1,4,1,0.0
99,2024-04-09,19,2,1,2,Deluxe,OTA,India,140.64,0,0,2,0,281.28
100,2023-04-13,20,3,1,1,Deluxe,OTA,USA,154.02,0,1,0,0,462.06
101,2024-08-30,12,3,2,0,Executive,OTA,Germany,399.53,0,2,0,0,1198.59
102,2023-05-26,67,5,2,1,Executive,Travel Agent,India,338.2,0,0,1,1,1691.0
103,2024-08-10,109,3,1,0,Deluxe,OTA,India,194.69,0,0,1,0,584.07
104,2023-01-06,176,3,4,2,Deluxe,Travel Agent,India,132.88,1,1,1,1,0.0
105,2024-08-04,40,3,1,0,Deluxe,Corporate,USA,158.27,0,2,1,1,474.81
106,2024-07-28,43,6,1,0,Suite,Travel Agent,India,340.29,0,0,0,1,2041.74
107,2024-07-23,30,2,1,0,Deluxe,Direct,UAE,158.88,0,1,0,0,317.76
108,2024-04-30,39,6,3,1,Deluxe,OTA,India,126.64,0,1,0,1,759.84
109,2023-12-11,15,4,3,0,Standard,OTA,USA,95.8,0,1,0,0,383.2
110,2024-05-29,30,5,1,0,Suite,Direct,Germany,220.7,0,0,0,0,1103.5
111,2023-07-22,17,2,2,0,Deluxe,OTA,UK,167.97,0,1,0,0,335.94
112,2024-07-23,27,5,1,1,Standard,OTA,Australia,75.88,0,1,1,0,379.4
113,2024-02-10,19,5,1,2,Deluxe,Direct,Germany,172.87,0,0,1,0,864.35
114,2023-12-02,48,6,1,0,Standard,OTA,India,113.84,0,0,0,1,683.04
115,2024-01-05,53,6,3,0,Standard,Direct,India,120.15,1,1,2,0,0.0
116,2024-02-20,42,5,2,0,Deluxe,Corporate,Australia,102.18,0,0,1,1,510.9
117,2023-01-28,20,1,2,0,Deluxe,OTA,UK,188.86,0,0,0,0,188.86
118,2023-04-13,12,3,1,0,Executive,Direct,Australia,336.21,0,1,0,1,1008.63
119,2023-06-29,53,3,3,0,Executive,Corporate,India,400.22,0,2,1,0,1200.66
120,2023-03-25,34,5,4,0,Standard,Direct,Singapore,92.28,0,1,1,0,461.4
121,2023-11-17,6,2,1,1,Standard,Direct,Singapore,114.89,0,2,2,0,229.78
122,2024-05-02,38,3,2,0,Standard,OTA,India,80.25,0,0,1,0,240.75
123,2024-04-22,43,4,2,0,Executive,Direct,India,318.2,0,1,0,0,1272.8
124,2023-12-10,8,2,4,0,Standard,Travel Agent,India,101.89,0,1,0,1,203.78
125,2024-09-16,49,5,2,0,Standard,Corporate,USA,82.41,0,1,0,0,412.05
126,2024-02-17,9,2,1,0,Deluxe,Travel Agent,India,163.25,0,1,3,0,326.5
127,2023-02-27,18,3,2,0,Standard,OTA,India,79.42,0,0,1,1,238.26
128,2024-07-12,10,4,2,0,Deluxe,OTA,Australia,178.98,0,0,0,0,715.92
129,2024-02-24,17,3,2,0,Suite,OTA,India,230.95,0,0,2,1,692.85
130,2024-04-08,12,2,1,0,Deluxe,Direct,Australia,134.64,1,0,1,0,0.0
131,2024-02-17,66,6,3,0,Standard,Corporate,India,109.76,0,0,0,1,658.56
132,2024-02-09,28,3,3,0,Standard,Direct,Germany,107.53,1,1,0,0,0.0
133,2023-03-08,24,2,2,0,Standard,OTA,India,74.47,0,0,0,0,148.94
134,2024-02-13,71,2,2,0,Standard,Travel Agent,India,76.4,1,2,1,1,0.0
135,2024-08-03,68,8,2,0,Standard,OTA,Germany,128.49,1,0,0,0,0.0
136,2023-08-10,25,1,2,0,Standard,Corporate,India,102.85,0,2,3,0,102.85
137,2024-03-16,42,1,1,0,Deluxe,Corporate,India,159.81,0,0,0,1,159.81
138,2023-01-23,21,3,2,0,Standard,OTA,USA,84.57,0,2,2,1,253.71
139,2023-09-11,32,3,2,0,Deluxe,Corporate,UK,144.27,0,0,2,0,432.81
140,2023-11-15,14,4,4,1,Standard,Corporate,UK,104.37,0,0,0,1,417.48
141,2024-12-18,46,5,1,1,Deluxe,Corporate,India,180.42,1,0,0,1,0.0
142,2023-06-06,72,5,2,0,Deluxe,Corporate,Singapore,142.79,0,1,1,1,713.95
143,2023-07-21,64,3,2,0,Standard,OTA,India,132.25,1,1,0,0,0.0
144,2023-10-26,35,3,3,0,Deluxe,Direct,Germany,114.79,1,1,0,0,0.0
145,2024-12-25,5,4,2,0,Deluxe,Corporate,UAE,216.62,0,0,2,0,866.48
146,2024-09-14,21,5,2,0,Deluxe,OTA,India,150.01,0,0,0,0,750.05
147,2023-01-26,32,4,2,1,Executive,Corporate,UK,396.87,0,0,2,0,1587.48
148,2023-06-20,10,5,2,0,Suite,OTA,USA,236.02,0,0,0,0,1180.1
149,2024-08-22,9,5,2,2,Deluxe,OTA,UK,146.21,0,0,1,1,731.05
150,2023-02-12,86,7,2,0,Suite,Travel Agent,UAE,246.83,0,0,1,1,1727.81
151,2024-09-16,59,2,2,0,Executive,OTA,USA,304.85,1,0,0,0,0.0
152,2023-07-25,48,1,2,0,Suite,Direct,UAE,281.09,0,0,3,0,281.09
153,2024-10-31,55,4,1,0,Deluxe,Travel Agent,India,126.75,0,0,1,0,507.0
154,2023-08-03,12,2,2,0,Suite,OTA,UAE,281.06,1,1,0,0,0.0
155,2023-11-14,16,7,4,1,Standard,Travel Agent,USA,123.33,0,2,2,1,863.31
156,2024-04-28,40,4,2,0,Executive,Corporate,Singapore,388.83,0,0,1,0,1555.32
157,2023-04-03,42,3,3,2,Standard,OTA,Australia,86.02,0,1,1,0,258.06
158,2024-02-11,10,3,2,1,Standard,OTA,India,97.52,0,0,0,1,292.56
159,2024-01-04,38,6,2,0,Standard,Direct,UAE,94.26,0,1,0,1,565.56
160,2024-07-26,32,2,2,1,Suite,Travel Agent,UK,311.21,0,3,1,1,622.42
161,2024-12-28,63,2,4,0,Standard,OTA,UAE,108.03,0,0,1,1,216.06
162,2024-04-29,42,5,1,1,Deluxe,OTA,India,145.86,0,0,0,0,729.3
163,2023-10-26,92,3,1,0,Deluxe,Corporate,Germany,134.5,0,1,1,0,403.5
164,2023-10-24,25,4,1,0,Standard,OTA,India,90.85,0,0,2,0,363.4
165,2023-11-02,13,3,2,0,Suite,Travel Agent,Australia,338.89,0,0,1,1,1016.67
166,2024-08-17,90,3,2,1,Standard,OTA,USA,116.24,1,3,1,1,0.0
167,2023-08-23,44,2,2,1,Deluxe,Corporate,India,143.34,1,1,1,0,0.0
168,2023-05-02,32,2,1,0,Suite,OTA,UAE,160.8,1,0,0,1,0.0
169,2023-09-02,17,6,2,0,Standard,OTA,India,97.99,0,0,0,0,587.94
170,2023-01-17,26,3,1,0,Standard,Direct,India,105.82,0,0,2,0,317.46
171,2023-03-19,25,1,2,1,Standard,Travel Agent,UK,100.84,0,1,1,1,100.84
172,2023-03-07,12,3,2,0,Deluxe,OTA,India,140.89,1,1,0,0,0.0
173,2024-07-17,3,4,2,0,Suite,Travel Agent,India,282.96,0,0,0,0,1131.84
174,2024-06-11,24,3,2,0,Standard,Corporate,UK,98.85,0,0,1,0,296.55
175,2024-05-23,56,3,2,1,Standard,Travel Agent,India,64.08,0,2,2,0,192.24
176,2023-12-04,76,1,2,1,Deluxe,OTA,India,202.12,0,0,1,1,202.12
177,2024-06-07,65,2,4,0,Deluxe,Corporate,India,152.34,0,1,2,0,304.68
178,2023-04-28,67,3,2,0,Standard,Travel Agent,USA,84.85,1,0,2,0,0.0
179,2024-10-19,14,3,2,1,Standard,Travel Agent,UK,88.35,0,0,1,1,265.05
180,2024-01-01,40,5,2,0,Standard,Corporate,USA,108.24,0,0,1,0,541.2
181,2024-11-15,49,6,2,0,Standard,Direct,Australia,119.44,0,2,1,0,716.64
182,2023-04-22,51,3,2,2,Deluxe,OTA,India,139.53,0,1,2,0,418.59
183,2023-12-30,32,5,2,0,Deluxe,Direct,Australia,221.26,0,0,0,1,1106.3
184,2024-05-23,37,5,2,2,Suite,Travel Agent,USA,184.85,0,0,1,0,924.25
185,2023-12-28,63,2,2,0,Deluxe,OTA,UAE,166.77,0,0,1,0,333.54
186,2023-11-22,47,3,4,0,Standard,Travel Agent,USA,80.83,0,0,1,0,242.49
187,2023-05-02,54,2,1,2,Standard,Direct,India,70.1,0,3,0,1,140.2
188,2023-10-06,23,3,2,0,Suite,OTA,USA,205.54,0,0,1,0,616.62
189,2023-06-24,52,4,2,1,Deluxe,Direct,UAE,195.2,0,1,1,1,780.8
190,2023-08-09,37,5,1,1,Suite,OTA,India,269.92,0,1,0,1,1349.6
191,2024-05-14,59,4,1,0,Standard,OTA,India,72.23,0,0,0,1,288.92
192,2024-04-05,19,2,2,0,Standard,OTA,UAE,56.69,0,2,1,1,113.38
193,2024-03-19,56,3,1,0,Suite,OTA,UAE,179.72,0,1,0,0,539.16
194,2023-09-22,26,4,3,1,Standard,Travel Agent,USA,79.87,0,0,2,0,319.48
195,2024-12-01,56,3,2,1,Standard,Direct,UAE,118.83,1,2,2,0,0.0
196,2023-03-05,41,3,2,0,Deluxe,OTA,Germany,163.1,0,0,1,0,489.3
197,2023-09-08,35,5,2,0,Deluxe,OTA,USA,123.69,0,0,1,0,618.45
198,2023-03-28,27,11,1,0,Deluxe,Direct,UAE,108.93,0,0,2,0,1198.23
199,2023-09-05,32,2,1,0,Deluxe,Corporate,India,103.86,0,0,1,1,207.72
200,2024-12-03,24,3,2,0,Standard,Corporate,India,108.04,0,1,0,0,324.12
201,2023-09-25,27,2,2,2,Suite,Direct,UK,162.73,0,0,2,0,325.46
202,2024-10-25,47,4,2,0,Suite,Direct,UK,199.41,0,0,2,0,797.64
203,2023-12-28,7,4,2,0,Deluxe,Travel Agent,India,185.43,0,0,2,1,741.72
204,2024-05-25,56,7,2,0,Standard,Corporate,UK,108.83,0,1,1,1,761.81
205,2023-11-30,56,7,3,0,Deluxe,OTA,India,176.84,0,1,2,1,1237.88
206,2023-07-14,28,3,2,0,Suite,Travel Agent,UAE,292.16,0,1,3,0,876.48
207,2024-07-11,38,4,2,1,Standard,Direct,India,121.09,0,4,0,0,484.36
208,2024-12-08,15,1,1,0,Standard,Direct,UK,116.43,0,0,0,0,116.43
209,2023-07-12,45,1,2,1,Executive,Direct,Singapore,337.61,0,0,0,0,337.61
210,2024-07-22,17,3,2,0,Suite,OTA,USA,247.01,0,0,0,1,741.03
211,2023-07-10,1,3,2,0,Executive,OTA,USA,424.83,0,0,3,0,1274.49
212,2024-06-07,75,2,1,0,Deluxe,OTA,India,191.0,1,0,2,0,0.0
213,2024-07-29,14,1,1,0,Standard,Direct,India,102.09,0,0,1,0,102.09
214,2023-11-25,32,5,2,0,Standard,Direct,Australia,129.07,0,0,1,1,645.35
215,2024-06-21,39,3,2,0,Deluxe,OTA,Australia,169.57,1,3,1,1,0.0
216,2023-07-18,47,3,2,0,Suite,OTA,Germany,253.76,0,1,1,0,761.28
217,2023-02-27,34,3,2,0,Standard,OTA,Singapore,70.74,1,0,1,1,0.0
218,2023-03-12,41,4,1,0,Standard,OTA,India,87.63,0,0,1,1,350.52
219,2023-11-23,27,5,2,0,Suite,OTA,UAE,307.07,1,0,1,0,0.0
220,2024-10-20,8,3,2,2,Standard,Corporate,India,89.84,0,0,0,1,269.52
221,2023-04-04,33,5,1,0,Standard,Travel Agent,UK,87.77,0,2,3,0,438.85
222,2023-11-29,51,4,1,1,Executive,OTA,UAE,417.76,0,0,2,0,1671.04
223,2024-05-28,15,4,2,0,Deluxe,Corporate,UAE,132.96,0,1,1,1,531.84
224,2023-05-28,39,4,2,0,Suite,OTA,India,226.65,0,1,2,0,906.6
225,2024-06-10,104,4,2,0,Executive,OTA,Australia,307.02,1,0,2,0,0.0
226,2023-08-12,31,3,1,0,Suite,Travel Agent,UK,262.57,0,0,0,1,787.71
227,2024-08-13,33,1,2,0,Deluxe,Corporate,Australia,176.36,0,1,3,1,176.36
228,2024-02-27,8,3,2,0,Deluxe,Direct,USA,103.06,0,1,0,1,309.18
229,2024-02-04,13,4,3,0,Deluxe,Direct,India,152.91,0,0,2,1,611.64
230,2023-05-10,17,4,2,0,Executive,Travel Agent,Australia,306.86,0,0,1,0,1227.44
231,2023-12-05,50,4,1,0,Standard,OTA,Germany,99.13,0,1,1,1,396.52
232,2024-09-17,15,2,4,0,Deluxe,Corporate,India,129.44,0,0,1,0,258.88
233,2023-01-15,5,2,2,1,Suite,OTA,USA,348.57,1,0,2,0,0.0
234,2024-07-07,44,2,4,0,Standard,Corporate,India,95.1,0,0,0,0,190.2
235,2023-12-26,18,4,2,0,Deluxe,Direct,Australia,158.87,0,1,1,0,635.48
236,2024-06-09,8,5,2,0,Standard,Corporate,USA,108.62,0,0,1,0,543.1
237,2024-04-29,54,3,2,0,Standard,Travel Agent,India,79.01,0,0,0,0,237.03
238,2023-11-12,25,2,1,0,Standard,Corporate,India,103.01,0,0,2,0,206.02
239,2023-08-14,47,6,2,0,Deluxe,Direct,India,156.06,0,0,0,0,936.36
240,2024-04-02,8,2,1,1,Standard,OTA,India,80.4,1,0,1,0,0.0
241,2023-04-13,3,7,1,1,Deluxe,Direct,Singapore,144.29,0,1,0,0,1010.03
242,2024-03-02,36,3,2,0,Standard,Travel Agent,Singapore,90.84,1,0,1,0,0.0
243,2023-03-11,13,1,4,0,Standard,OTA,USA,86.62,0,0,0,0,86.62
244,2024-04-19,36,3,4,0,Standard,OTA,Australia,99.55,0,1,0,0,298.65
245,2024-04-03,37,3,2,0,Deluxe,Direct,Germany,146.07,0,0,1,0,438.21
246,2023-03-03,33,1,2,2,Standard,Travel Agent,UAE,75.79,0,0,0,1,75.79
247,2024-07-06,67,6,1,0,Deluxe,Travel Agent,India,166.29,0,1,0,0,997.74
248,2023-10-31,161,2,2,0,Suite,Direct,UAE,161.91,0,0,1,0,323.82
249,2024-07-28,43,3,4,0,Suite,OTA,Singapore,265.4,0,2,1,0,796.2
250,2023-01-31,104,5,2,1,Deluxe,Direct,Germany,204.92,0,0,1,0,1024.6
251,2023-05-12,25,2,2,0,Deluxe,Corporate,USA,128.64,0,1,1,0,257.28
252,2023-12-27,10,3,2,0,Deluxe,Corporate,India,183.41,0,1,1,1,550.23
253,2023-05-18,19,1,2,0,Deluxe,Direct,India,134.99,0,1,3,0,134.99
254,2023-08-29,27,6,4,0,Standard,OTA,UK,88.23,0,0,0,1,529.38
255,2024-04-27,109,3,4,0,Executive,OTA,India,322.43,1,0,1,0,0.0
256,2023-04-16,35,6,2,2,Suite,Travel Agent,USA,292.51,0,0,1,0,1755.06
257,2024-05-09,68,4,1,0,Deluxe,Corporate,UAE,143.3,1,1,0,1,0.0
258,2023-03-17,24,3,4,0,Deluxe,OTA,Australia,188.0,0,2,1,0,564.0
259,2023-05-08,22,3,2,0,Deluxe,OTA,UAE,88.72,0,1,1,1,266.16
260,2024-03-04,7,5,1,0,Standard,Direct,UK,84.25,0,1,0,0,421.25
261,2024-08-02,107,3,1,1,Standard,OTA,India,77.6,0,1,0,1,232.8
262,2023-05-05,83,1,2,0,Standard,Corporate,UAE,90.53,0,0,1,1,90.53
263,2023-08-07,39,3,3,0,Suite,Corporate,Germany,253.96,0,1,1,0,761.88
264,2024-11-06,28,3,4,0,Deluxe,OTA,USA,149.34,1,0,0,0,0.0
265,2024-12-23,36,2,4,0,Standard,Direct,Australia,98.91,0,0,1,1,197.82
266,2024-02-29,10,2,2,0,Standard,OTA,India,76.19,0,0,1,1,152.38
267,2023-11-23,47,3,4,1,Suite,OTA,UK,309.11,0,0,1,0,927.33
268,2023-09-11,79,3,1,2,Suite,Travel Agent,Germany,187.16,0,1,0,1,561.48
269,2024-03-23,82,4,1,0,Suite,OTA,Australia,227.64,0,2,2,0,910.56
270,2024-03-07,8,5,1,0,Standard,OTA,USA,84.05,0,1,0,1,420.25
271,2023-08-04,68,3,2,0,Deluxe,OTA,USA,192.77,0,0,1,0,578.31
272,2023-01-17,10,4,3,1,Deluxe,OTA,Singapore,228.82,0,1,0,0,915.28
273,2023-04-21,3,6,3,0,Standard,OTA,USA,92.76,0,0,0,0,556.56
274,2024-11-30,70,3,4,1,Standard,OTA,India,132.16,1,1,1,0,0.0
275,2023-11-02,22,3,2,1,Deluxe,OTA,USA,168.69,0,0,2,1,506.07
276,2023-12-19,63,3,2,0,Deluxe,Corporate,UK,202.95,0,0,2,1,608.85
277,2023-12-07,60,2,2,0,Standard,OTA,UAE,94.63,0,2,0,0,189.26
278,2024-07-25,55,4,2,0,Standard,Direct,India,94.08,0,2,2,1,376.32
279,2023-02-17,35,6,2,1,Standard,Direct,UK,93.67,0,0,0,0,562.02
280,2023-03-02,11,8,2,0,Deluxe,Travel Agent,UK,136.07,0,1,3,0,1088.56
281,2023-07-21,27,5,1,2,Deluxe,OTA,UAE,197.41,0,0,1,0,987.05
282,2023-12-22,82,4,2,0,Suite,OTA,India,329.13,1,0,0,0,0.0
283,2024-05-04,64,2,3,0,Standard,Direct,UAE,100.76,0,1,0,0,201.52
284,2023-12-25,28,3,2,0,Deluxe,Corporate,Germany,143.61,0,0,0,1,430.83
285,2023-11-19,27,2,2,0,Standard,OTA,India,126.47,0,0,0,0,252.94
286,2024-11-15,51,6,4,2,Deluxe,Direct,Germany,153.69,0,1,3,0,922.14
287,2023-04-28,37,3,2,0,Suite,OTA,UK,243.11,0,2,0,0,729.33
288,2024-02-22,29,4,2,2,Deluxe,OTA,USA,167.45,1,0,1,1,0.0
289,2024-01-31,48,2,2,0,Suite,Corporate,Germany,302.93,0,1,0,1,605.86
290,2023-12-12,47,5,2,0,Standard,Corporate,India,100.52,0,0,1,1,502.6
291,2024-08-12,20,5,2,0,Executive,Travel Agent,India,377.92,1,0,2,0,0.0
292,2023-07-14,43,5,2,0,Suite,OTA,Australia,298.23,0,0,1,0,1491.15
293,2024-11-27,45,4,2,0,Standard,Corporate,India,92.13,0,0,0,0,368.52
294,2023-08-31,33,1,2,1,Deluxe,OTA,Australia,119.6,1,1,4,1,0.0
295,2024-02-02,18,4,1,0,Deluxe,OTA,UK,147.48,0,0,0,0,589.92
296,2024-01-16,26,6,3,0,Executive,OTA,India,390.69,0,0,1,1,2344.14
297,2024-09-12,15,2,2,0,Standard,OTA,India,76.6,0,1,1,0,153.2
298,2023-11-17,43,1,3,1,Deluxe,Direct,India,219.84,0,0,2,0,219.84
299,2023-07-27,8,5,2,1,Deluxe,Direct,Germany,180.19,0,0,0,0,900.95
300,2023-01-16,88,3,1,0,Standard,Travel Agent,India,116.36,0,3,2,0,349.08
301,2023-09-23,77,6,2,0,Suite,OTA,UK,240.38,1,1,1,0,0.0
302,2024-08-26,46,2,2,0,Deluxe,Corporate,Australia,157.01,0,0,2,0,314.02
303,2023-01-08,62,3,2,2,Deluxe,OTA,Australia,226.84,1,2,0,1,0.0
304,2024-10-16,59,4,2,1,Executive,Direct,Germany,329.21,0,0,1,0,1316.84
305,2024-02-01,38,4,2,0,Executive,Direct,USA,318.34,0,0,1,0,1273.36
306,2023-04-13,29,4,2,0,Suite,Travel Agent,India,205.45,0,3,2,0,821.8
307,2023-08-09,27,3,2,1,Standard,OTA,India,107.95,0,1,1,0,323.85
308,2024-02-09,90,6,3,0,Suite,Direct,India,293.84,0,2,2,1,1763.04
309,2023-08-19,18,4,2,0,Standard,OTA,Singapore,121.26,0,0,0,0,485.04
310,2023-03-21,18,3,2,0,Deluxe,Travel Agent,Germany,175.91,0,0,0,0,527.73
311,2024-05-01,65,2,1,0,Executive,OTA,India,326.96,0,1,2,0,653.92
312,2024-05-05,61,2,1,0,Standard,Direct,USA,104.67,0,1,1,0,209.34
313,2023-03-28,28,5,2,0,Standard,Corporate,India,86.15,1,1,0,0,0.0
314,2023-07-25,50,5,2,1,Suite,Corporate,USA,259.89,0,0,1,0,1299.45
315,2023-06-28,54,3,3,0,Standard,Travel Agent,India,82.45,0,2,2,0,247.35
316,2024-04-26,11,4,2,0,Standard,Direct,Germany,83.51,0,0,0,0,334.04
317,2024-06-17,80,2,2,0,Standard,Travel Agent,USA,87.26,0,0,0,0,174.52
318,2024-06-14,54,4,2,0,Deluxe,OTA,UK,153.37,0,1,3,0,613.48
319,2024-11-16,47,2,3,0,Deluxe,Direct,India,194.88,0,1,0,1,389.76
320,2024-07-15,54,6,4,0,Standard,OTA,USA,96.04,0,0,1,0,576.24
321,2023-08-23,43,3,2,2,Executive,Corporate,USA,411.47,1,0,1,1,0.0
322,2023-03-20,32,5,2,0,Suite,OTA,India,188.18,0,0,0,0,940.9
323,2024-03-24,38,3,3,0,Deluxe,Direct,India,165.5,1,1,0,0,0.0
324,2024-10-30,10,4,1,0,Standard,Direct,UK,82.57,0,0,1,1,330.28
325,2024-12-12,113,6,2,0,Suite,OTA,UK,310.42,1,2,1,1,0.0
326,2023-06-18,32,5,4,0,Standard,Travel Agent,UK,109.13,0,2,0,1,545.65
327,2023-06-22,112,5,2,0,Executive,Direct,Australia,450.37,0,2,2,0,2251.85
328,2023-01-28,38,3,4,0,Standard,Direct,Singapore,112.48,0,2,2,0,337.44
329,2023-04-14,21,5,2,0,Suite,Corporate,Germany,236.05,0,0,0,0,1180.25
330,2024-02-10,78,3,2,0,Executive,Corporate,India,349.87,0,0,1,0,1049.61
331,2024-02-04,45,4,2,0,Standard,Corporate,India,96.37,0,2,1,0,385.48
332,2023-09-28,139,3,2,1,Standard,Direct,Germany,82.16,1,1,1,1,0.0
333,2023-08-15,21,2,3,1,Standard,Corporate,Australia,95.42,0,0,2,0,190.84
334,2024-08-28,80,3,2,1,Standard,OTA,Australia,102.06,0,0,0,1,306.18
335,2023-12-02,83,5,4,0,Deluxe,OTA,UAE,216.4,1,0,0,0,0.0
336,2024-08-13,57,4,2,0,Standard,OTA,Germany,95.56,1,0,0,1,0.0
337,2024-12-04,84,3,4,0,Standard,Corporate,India,131.8,1,3,2,0,0.0
338,2023-08-20,32,2,2,0,Standard,OTA,India,116.25,0,1,1,0,232.5
339,2023-05-28,18,1,1,2,Standard,Corporate,India,88.96,0,0,0,0,88.96
340,2024-11-26,23,3,2,0,Suite,Corporate,India,341.32,0,0,2,1,1023.96
341,2024-04-08,36,3,1,0,Standard,Corporate,Germany,60.52,0,1,0,0,181.56
342,2023-08-01,59,4,1,1,Standard,OTA,India,83.04,0,0,0,1,332.16
343,2024-03-29,19,6,3,0,Standard,OTA,UAE,89.75,0,0,1,0,538.5
344,2024-01-11,27,3,4,0,Standard,Direct,UAE,92.73,1,0,0,1,0.0
345,2024-10-23,20,3,1,0,Standard,OTA,Australia,87.71,0,0,0,0,263.13
346,2023-07-06,66,4,1,0,Standard,Direct,Singapore,104.86,0,0,0,0,419.44
347,2024-12-24,111,3,2,0,Standard,OTA,UAE,129.14,1,1,0,0,0.0
348,2024-11-14,15,1,3,0,Standard,Corporate,UAE,100.51,0,2,1,0,100.51
349,2023-05-12,51,3,2,1,Deluxe,Corporate,Germany,159.68,0,2,2,1,479.04
350,2023-05-01,72,4,2,0,Deluxe,OTA,India,149.96,0,1,0,0,599.84
351,2024-01-25,30,3,2,0,Executive,OTA,UAE,412.9,1,0,1,1,0.0
352,2023-02-02,10,4,4,0,Deluxe,OTA,Australia,145.38,0,0,1,1,581.52
353,2023-08-07,78,3,2,0,Standard,Corporate,USA,94.85,0,1,4,0,284.55
354,2023-11-14,10,2,1,0,Standard,Direct,India,125.04,0,0,1,1,250.08
355,2024-12-08,93,1,2,0,Deluxe,OTA,India,183.39,0,0,2,1,183.39
356,2024-12-25,20,3,4,0,Deluxe,Direct,India,142.82,0,0,0,1,428.46
357,2023-04-21,8,3,2,0,Standard,Travel Agent,UK,87.82,0,2,1,0,263.46
358,2024-10-12,24,7,3,0,Suite,OTA,Germany,250.33,0,0,0,1,1752.31
359,2023-03-08,34,3,3,0,Standard,Corporate,India,84.2,0,1,0,0,252.6
360,2024-06-30,40,2,1,0,Standard,Corporate,USA,116.38,0,0,0,1,232.76
361,2024-09-09,54,4,2,2,Deluxe,Corporate,UAE,118.93,0,0,1,0,475.72
362,2024-10-12,42,2,3,0,Executive,OTA,Australia,303.66,1,0,0,0,0.0
363,2023-06-13,106,2,1,0,Suite,Corporate,India,315.53,1,2,0,1,0.0
364,2024-10-14,33,3,2,0,Executive,OTA,USA,295.04,1,1,1,1,0.0
365,2023-03-26,44,4,2,1,Standard,OTA,India,86.75,0,0,0,0,347.0
366,2024-01-14,41,6,3,0,Standard,OTA,India,128.95,0,0,2,0,773.7
367,2023-12-09,7,6,1,0,Standard,OTA,India,109.75,0,0,0,1,658.5
368,2023-08-19,13,4,2,1,Deluxe,Direct,India,164.01,0,3,0,0,656.04
369,2023-01-17,37,1,2,0,Suite,OTA,India,325.22,0,0,0,1,325.22
370,2024-07-17,48,1,2,1,Standard,Corporate,India,84.31,0,1,0,1,84.31
371,2023-09-02,4,2,1,0,Standard,Direct,India,77.33,0,2,0,0,154.66
372,2024-04-28,109,2,1,0,Executive,Direct,Australia,330.28,1,1,2,0,0.0
373,2023-10-27,50,4,3,0,Standard,Corporate,Singapore,94.86,0,1,1,0,379.44
374,2023-09-30,35,3,4,0,Standard,Travel Agent,Australia,107.18,0,0,1,0,321.54
375,2024-10-08,49,4,2,0,Executive,Direct,India,312.26,0,0,2,0,1249.04
376,2023-03-10,23,5,1,0,Standard,OTA,India,97.7,0,3,2,0,488.5
377,2024-06-21,40,4,2,0,Suite,OTA,USA,266.34,0,0,1,0,1065.36
378,2024-06-29,45,3,2,1,Standard,Direct,India,112.88,0,1,1,0,338.64
379,2023-10-05,78,3,2,2,Standard,Direct,Germany,69.26,0,1,2,0,207.78
380,2023-07-11,31,4,1,0,Standard,Direct,UAE,106.55,0,0,1,0,426.2
381,2023-01-04,10,3,1,0,Standard,OTA,India,109.47,0,0,1,0,328.41
382,2024-11-14,17,5,1,1,Standard,OTA,India,107.33,0,2,0,0,536.65
383,2024-11-22,29,5,2,0,Deluxe,OTA,UK,214.07,0,2,0,1,1070.35
384,2023-06-25,11,4,2,0,Deluxe,OTA,Germany,168.84,0,0,0,0,675.36
385,2023-01-24,16,4,2,1,Standard,Direct,UK,101.71,0,0,0,1,406.84
386,2023-03-31,17,5,2,0,Standard,OTA,India,81.5,1,1,1,0,0.0
387,2023-02-19,28,3,2,0,Deluxe,Travel Agent,UK,181.45,0,0,1,1,544.35
388,2024-08-29,50,3,2,1,Standard,Corporate,USA,93.38,0,2,1,0,280.14
389,2024-10-13,27,4,2,0,Standard,Direct,Germany,88.51,1,1,0,0,0.0
390,2023-04-22,52,1,1,0,Executive,Direct,USA,373.72,0,1,1,1,373.72
391,2024-06-29,35,2,1,1,Executive,Travel Agent,UAE,414.58,0,1,0,0,829.16
392,2023-05-11,16,3,2,0,Standard,OTA,India,57.71,1,1,1,1,0.0
393,2023-09-26,45,4,2,1,Standard,OTA,India,99.42,0,0,3,1,397.68
394,2024-03-13,40,4,2,0,Deluxe,Travel Agent,UAE,122.52,0,1,0,1,490.08
395,2024-06-09,53,2,2,1,Standard,OTA,Singapore,99.28,0,1,3,1,198.56
396,2024-09-30,61,3,1,0,Suite,OTA,Singapore,215.71,0,0,0,0,647.13
397,2023-02-02,80,3,1,0,Standard,OTA,UAE,75.05,0,0,0,1,225.15
398,2023-05-24,51,3,2,0,Standard,OTA,UK,75.23,0,0,2,0,225.69
399,2023-07-24,40,5,2,1,Deluxe,Direct,India,158.18,0,2,0,0,790.9
400,2023-08-15,53,4,2,1,Standard,Direct,Australia,74.57,0,2,0,0,298.28
401,2024-12-29,25,10,1,0,Standard,OTA,USA,135.15,0,1,1,0,1351.5
402,2024-07-21,23,2,3,2,Deluxe,Direct,UAE,199.94,0,0,0,0,399.88
403,2023-08-22,87,4,2,0,Executive,OTA,UK,287.01,1,1,1,0,0.0
404,2024-12-10,23,4,2,1,Standard,OTA,Australia,113.9,0,0,3,0,455.6
405,2023-12-31,18,3,2,0,Deluxe,OTA,UAE,181.09,0,0,0,1,543.27
406,2024-01-01,51,6,2,0,Standard,Direct,India,102.33,0,0,1,1,613.98
407,2023-11-13,25,4,2,0,Suite,Corporate,Australia,309.54,0,1,2,0,1238.16
408,2023-04-16,60,2,1,2,Standard,Direct,India,101.57,0,0,1,1,203.14
409,2024-11-13,76,5,1,0,Standard,Corporate,India,112.29,0,3,0,0,561.45
410,2023-01-11,20,5,1,0,Standard,Corporate,India,90.0,0,2,0,0,450.0
411,2023-05-08,55,3,4,0,Suite,Direct,India,221.69,0,1,1,0,665.07
412,2023-06-17,22,3,3,0,Standard,Direct,Germany,116.88,1,1,2,0,0.0
413,2023-07-23,30,2,2,0,Deluxe,Direct,USA,162.77,0,0,1,0,325.54
414,2023-04-07,44,4,2,0,Standard,Corporate,Australia,82.66,0,1,2,0,330.64
415,2023-01-14,23,5,1,1,Deluxe,Corporate,India,200.09,0,2,1,0,1000.45
416,2024-05-09,41,4,3,1,Executive,OTA,India,320.65,0,2,0,1,1282.6
417,2024-12-08,32,3,1,0,Standard,Corporate,UAE,115.75,0,2,1,0,347.25
418,2023-03-30,61,3,2,0,Deluxe,Travel Agent,India,133.75,0,1,0,0,401.25
419,2023-08-05,61,1,3,1,Standard,OTA,India,93.7,0,1,3,1,93.7
420,2024-01-05,23,8,2,0,Deluxe,Corporate,India,208.38,0,1,2,1,1667.04
421,2024-11-08,45,5,3,0,Standard,OTA,India,97.05,0,4,1,0,485.25
422,2024-05-21,68,4,2,0,Standard,OTA,UK,82.97,0,0,1,1,331.88
423,2024-07-13,15,3,3,0,Suite,Travel Agent,India,335.71,1,1,1,0,0.0
424,2024-02-29,31,5,2,0,Standard,Travel Agent,UK,78.4,1,2,0,0,0.0
425,2023-11-01,43,5,2,0,Standard,OTA,UAE,115.22,0,1,0,1,576.1
426,2023-05-26,15,4,2,1,Standard,OTA,UAE,94.71,0,1,0,0,378.84
427,2024-09-22,26,4,3,0,Deluxe,Direct,UK,124.79,0,1,0,1,499.16
428,2024-08-10,99,2,2,0,Executive,Direct,USA,355.32,0,2,1,0,710.64
429,2023-01-19,23,2,3,0,Suite,OTA,Singapore,284.1,0,1,1,1,568.2
430,2024-06-06,25,3,4,0,Suite,OTA,India,259.29,0,1,3,0,777.87
431,2023-03-03,51,4,2,0,Executive,Direct,UAE,312.6,0,1,2,1,1250.4
432,2024-06-23,13,2,3,0,Deluxe,Direct,India,153.13,0,2,1,0,306.26
433,2024-08-25,32,4,2,0,Deluxe,Direct,Germany,117.91,0,0,0,0,471.64
434,2023-04-06,18,3,4,0,Deluxe,Corporate,UK,156.11,0,1,5,0,468.33
435,2023-11-13,41,3,3,0,Executive,OTA,India,487.85,0,0,1,0,1463.55
436,2023-04-01,1,7,1,0,Standard,Direct,Germany,82.67,0,0,0,0,578.69
437,2024-02-19,37,2,2,0,Deluxe,OTA,India,107.53,0,0,1,0,215.06
438,2024-11-08,44,3,2,0,Suite,OTA,Germany,401.18,0,0,1,1,1203.54
439,2023-03-01,26,1,3,1,Standard,OTA,UK,59.65,0,0,1,0,59.65
440,2023-10-18,27,4,1,0,Suite,Travel Agent,India,247.14,0,1,1,1,988.56
441,2024-12-11,24,3,2,0,Suite,OTA,UK,319.69,0,0,2,1,959.07
442,2023-08-08,32,3,2,1,Deluxe,OTA,UK,149.46,0,1,1,0,448.38
443,2023-04-07,88,2,2,0,Suite,Travel Agent,India,295.29,1,2,0,0,0.0
444,2023-12-23,63,1,4,2,Standard,Direct,Germany,114.37,1,0,3,1,0.0
445,2024-01-07,32,6,2,0,Executive,Corporate,India,512.73,0,2,0,1,3076.38
446,2024-04-28,26,1,2,0,Standard,Corporate,India,89.24,0,1,1,1,89.24
447,2023-08-18,59,4,3,0,Standard,OTA,India,94.28,0,0,0,0,377.12
448,2024-11-28,39,5,1,1,Deluxe,Travel Agent,Australia,218.52,1,0,1,0,0.0
449,2024-01-16,14,5,2,1,Deluxe,Corporate,India,160.58,0,0,2,0,802.9
450,2023-07-29,29,2,2,0,Deluxe,Corporate,Germany,170.16,0,0,1,0,340.32
451,2024-12-02,82,1,4,1,Deluxe,Direct,Germany,192.63,0,0,0,0,192.63
452,2024-11-06,49,2,3,0,Suite,Direct,UK,341.2,1,1,2,1,0.0
453,2023-12-31,26,7,2,0,Deluxe,OTA,USA,169.89,0,1,2,1,1189.23
454,2023-01-19,9,2,2,0,Suite,OTA,India,348.35,1,1,1,0,0.0
455,2024-03-11,41,3,2,0,Standard,OTA,India,79.94,0,1,0,1,239.82
456,2024-02-10,35,6,2,0,Executive,Direct,UAE,341.36,0,1,0,1,2048.16
457,2023-04-19,31,2,2,0,Suite,OTA,USA,215.58,1,2,3,1,0.0
458,2024-04-07,59,7,2,0,Suite,OTA,India,252.49,0,0,0,1,1767.43
459,2024-09-05,50,2,1,0,Standard,OTA,India,65.03,0,1,0,0,130.06
460,2023-03-19,10,6,3,0,Executive,OTA,India,361.83,0,1,0,0,2170.98
461,2024-06-12,35,2,2,0,Standard,OTA,India,98.35,1,0,1,1,0.0
462,2023-04-13,12,5,1,0,Standard,OTA,USA,76.47,0,3,2,0,382.35
463,2024-06-30,24,5,4,0,Standard,OTA,Singapore,113.12,1,1,1,0,0.0
464,2023-11-02,11,1,2,0,Executive,Direct,Singapore,395.03,0,0,0,1,395.03
465,2023-01-05,12,5,2,0,Executive,OTA,India,401.4,1,0,2,1,0.0
466,2024-12-06,44,3,1,0,Deluxe,OTA,UK,211.94,0,1,1,0,635.82
467,2023-05-02,41,6,4,1,Suite,Direct,India,214.04,0,2,1,1,1284.24
468,2024-03-11,34,1,1,1,Deluxe,OTA,UK,117.87,0,0,0,0,117.87
469,2023-05-13,22,3,4,0,Standard,OTA,India,100.38,0,1,2,1,301.14
470,2024-11-12,10,4,2,0,Deluxe,OTA,USA,152.86,0,1,1,0,611.44
471,2024-06-22,24,4,1,0,Standard,Corporate,USA,124.33,0,1,2,0,497.32
472,2024-08-10,42,1,1,0,Deluxe,Travel Agent,UK,172.0,0,0,0,0,172.0
473,2023-11-12,41,4,3,0,Standard,Corporate,India,137.25,1,2,2,1,0.0
474,2023-12-08,81,2,1,0,Standard,OTA,UK,145.63,0,0,2,0,291.26
475,2024-04-08,74,4,1,2,Deluxe,OTA,India,129.07,1,1,1,0,0.0
476,2024-07-26,34,4,2,1,Deluxe,OTA,USA,198.17,1,0,1,1,0.0
477,2024-09-10,24,1,1,0,Suite,OTA,Australia,236.64,1,2,2,0,0.0
478,2023-01-14,18,5,2,0,Deluxe,OTA,India,206.25,0,0,1,0,1031.25
479,2024-04-29,9,5,2,0,Standard,OTA,India,85.79,0,1,1,0,428.95
480,2023-03-21,13,1,1,0,Suite,Direct,USA,212.61,0,0,0,1,212.61
481,2023-07-30,42,1,2,1,Standard,Travel Agent,USA,132.15,0,0,2,1,132.15
482,2024-08-28,52,3,1,0,Deluxe,OTA,USA,157.58,0,0,1,0,472.74
483,2023-07-02,28,6,4,0,Standard,OTA,UAE,100.72,1,0,1,0,0.0
484,2024-08-04,136,4,1,0,Standard,OTA,UK,104.65,1,3,0,0,0.0
485,2023-12-04,13,3,2,0,Deluxe,OTA,USA,194.19,0,1,1,1,582.57
486,2023-06-19,8,4,2,0,Executive,OTA,India,320.24,1,0,1,0,0.0
487,2023-09-01,135,1,2,0,Standard,OTA,India,112.89,1,0,1,0,0.0
488,2024-01-23,10,3,2,0,Executive,Direct,UAE,468.45,0,0,1,0,1405.35
489,2024-07-12,27,3,1,1,Deluxe,Direct,USA,152.9,0,0,0,0,458.7
490,2024-03-18,19,4,2,0,Standard,Direct,India,87.42,1,1,0,0,0.0
491,2024-11-12,44,3,2,0,Deluxe,OTA,UAE,155.12,1,1,1,0,0.0
492,2024-09-25,26,5,2,0,Deluxe,OTA,USA,117.0,1,0,1,0,0.0
493,2024-07-03,52,5,1,0,Deluxe,Direct,USA,147.22,0,2,1,0,736.1
494,2024-03-16,60,2,2,0,Standard,Direct,India,83.8,0,1,3,1,167.6
495,2023-07-31,9,3,1,0,Suite,Travel Agent,Australia,286.98,0,0,0,1,860.94
496,2023-10-29,18,1,2,0,Suite,Direct,Germany,260.7,0,1,1,0,260.7
497,2023-03-28,55,3,2,0,Suite,OTA,Germany,231.16,0,1,1,0,693.48
498,2023-10-01,68,1,1,0,Suite,OTA,India,253.09,1,0,0,1,0.0
499,2024-11-07,38,5,4,0,Standard,OTA,USA,101.16,0,1,0,0,505.8
500,2023-11-07,46,5,2,1,Deluxe,Direct,Singapore,164.54,0,1,2,0,822.7
501,2023-03-25,84,4,1,2,Deluxe,Travel Agent,Australia,169.34,0,1,0,0,677.36
502,2024-04-20,26,3,1,1,Standard,Direct,India,88.15,0,0,2,0,264.45
503,2024-12-03,38,7,2,0,Deluxe,OTA,India,204.89,0,1,4,1,1434.23
504,2024-09-25,74,4,3,0,Standard,OTA,USA,73.9,0,5,0,1,295.6
505,2023-07-20,77,3,1,0,Suite,OTA,India,265.46,1,1,2,0,0.0
506,2023-11-28,32,5,2,1,Standard,OTA,India,112.01,0,1,0,0,560.05
507,2024-01-23,18,4,2,0,Suite,Corporate,USA,339.12,0,0,2,0,1356.48
508,2023-06-30,31,1,2,1,Standard,OTA,India,123.24,1,2,0,0,0.0
509,2023-07-16,34,4,2,0,Executive,Direct,UK,429.27,0,3,0,0,1717.08
510,2023-06-22,18,5,2,2,Deluxe,OTA,India,157.4,0,0,1,0,787.0
511,2024-12-27,20,3,2,1,Standard,OTA,India,110.66,0,1,0,0,331.98
512,2024-06-28,77,4,1,0,Standard,Direct,Germany,107.85,0,1,1,1,431.4
513,2024-09-05,47,4,2,0,Deluxe,Corporate,USA,165.3,0,1,1,0,661.2
514,2024-08-19,28,4,1,0,Standard,Direct,Australia,84.96,0,0,1,0,339.84
515,2024-12-01,14,2,1,0,Suite,Corporate,India,318.49,0,0,0,0,636.98
516,2023-03-18,20,5,4,0,Suite,OTA,UK,211.04,0,1,0,1,1055.2
517,2024-10-05,7,3,1,0,Deluxe,OTA,USA,136.09,0,1,0,0,408.27
518,2023-02-18,39,5,1,0,Standard,OTA,Singapore,78.94,1,1,0,0,0.0
519,2023-12-14,19,7,3,1,Standard,Direct,India,92.11,0,2,0,1,644.77
520,2024-03-09,41,3,4,0,Deluxe,OTA,USA,155.29,0,0,1,0,465.87
521,2023-09-19,55,3,3,1,Deluxe,OTA,India,141.39,1,0,2,0,0.0
522,2023-04-17,42,4,1,0,Deluxe,Direct,Australia,135.5,0,0,0,0,542.0
523,2023-05-21,25,3,2,1,Deluxe,OTA,India,131.17,0,1,2,0,393.51
524,2024-08-25,17,3,2,0,Deluxe,Direct,USA,143.15,0,0,0,0,429.45
525,2023-08-21,12,4,2,0,Deluxe,OTA,UAE,117.72,0,1,2,0,470.88
526,2023-08-15,72,5,1,2,Deluxe,OTA,India,133.18,0,2,0,0,665.9
527,2024-11-05,41,3,2,0,Suite,Corporate,India,260.43,0,0,2,1,781.29
528,2023-04-16,26,2,2,1,Standard,Corporate,USA,86.93,0,1,0,1,173.86
529,2024-10-30,50,3,2,0,Standard,Direct,India,82.52,0,0,0,0,247.56
530,2024-11-03,65,4,2,0,Standard,Travel Agent,India,118.44,0,1,1,0,473.76
531,2024-03-12,20,1,2,0,Standard,Direct,India,95.21,0,0,0,1,95.21
532,2023-05-01,40,3,2,0,Deluxe,OTA,Germany,165.98,0,0,0,1,497.94
533,2023-04-24,40,3,3,0,Suite,Travel Agent,UAE,217.19,0,0,1,1,651.57
534,2023-07-27,82,7,3,0,Deluxe,OTA,UAE,120.17,1,3,1,0,0.0
535,2024-02-26,26,4,2,0,Executive,Travel Agent,USA,280.67,0,0,3,1,1122.68
536,2023-04-23,16,4,1,0,Standard,Direct,USA,89.05,0,2,0,0,356.2
537,2023-11-29,43,3,3,0,Standard,Corporate,UK,116.89,0,0,0,0,350.67
538,2023-03-26,53,5,1,0,Standard,OTA,Singapore,77.25,0,1,0,1,386.25
539,2024-01-30,37,5,1,0,Deluxe,Direct,India,141.32,0,2,0,0,706.6
540,2023-01-16,86,4,2,0,Standard,Direct,UAE,111.4,0,1,1,0,445.6
541,2024-06-01,26,3,2,0,Standard,OTA,UK,103.16,1,1,1,1,0.0
542,2023-02-10,38,4,1,2,Standard,OTA,UK,85.79,0,1,1,0,343.16
543,2023-05-23,10,2,2,0,Suite,OTA,India,196.78,0,0,1,0,393.56
544,2023-05-08,16,6,1,0,Standard,OTA,UAE,76.12,0,1,0,0,456.72
545,2024-08-29,20,3,2,1,Standard,OTA,USA,98.29,0,0,1,0,294.87
546,2023-02-08,29,4,2,2,Deluxe,OTA,India,92.51,0,0,0,0,370.04
547,2023-11-10,11,2,2,0,Standard,Direct,USA,124.44,0,1,2,0,248.88
548,2024-03-07,50,3,2,1,Deluxe,Direct,Australia,140.73,0,1,1,0,422.19
549,2024-01-12,18,4,3,0,Deluxe,OTA,UK,212.65,0,1,1,0,850.6
550,2024-05-11,121,4,2,0,Suite,Travel Agent,India,316.98,1,1,2,0,0.0
551,2024-08-09,19,4,2,0,Suite,OTA,India,287.66,0,1,1,0,1150.64
552,2023-10-15,35,1,2,0,Standard,Direct,UAE,90.97,0,1,0,0,90.97
553,2024-08-27,32,1,2,0,Suite,Corporate,Australia,304.35,0,1,0,1,304.35
554,2023-08-21,15,3,2,0,Deluxe,OTA,USA,157.01,0,0,2,0,471.03
555,2024-12-19,29,4,1,0,Suite,Direct,UK,350.66,0,2,1,0,1402.64
556,2024-01-04,29,4,3,0,Deluxe,OTA,India,192.7,0,1,1,1,770.8
557,2024-06-21,60,3,2,2,Standard,Corporate,India,112.31,0,0,1,1,336.93
558,2024-09-30,44,4,3,0,Deluxe,Travel Agent,USA,129.82,1,0,0,1,0.0
559,2024-08-01,49,1,2,0,Executive,OTA,USA,349.86,0,1,2,0,349.86
560,2024-09-13,59,3,2,0,Executive,Travel Agent,UK,343.56,0,1,0,0,1030.68
561,2024-01-27,50,8,1,2,Standard,OTA,India,111.6,0,0,0,0,892.8
562,2023-02-01,39,2,2,0,Deluxe,Travel Agent,India,140.57,0,1,1,0,281.14
563,2023-12-26,19,5,2,0,Suite,Travel Agent,India,365.23,0,1,0,0,1826.15
564,2023-05-13,38,3,3,0,Standard,OTA,Germany,72.0,1,0,0,0,0.0
565,2024-10-11,17,3,3,0,Deluxe,OTA,India,170.65,0,0,2,0,511.95
566,2023-06-22,31,4,2,0,Executive,Direct,UAE,370.45,0,0,0,1,1481.8
567,2023-06-16,28,1,3,0,Deluxe,OTA,India,201.88,0,1,0,0,201.88
568,2023-07-02,29,2,3,0,Standard,Direct,India,102.62,0,0,1,0,205.24
569,2024-04-14,11,2,4,0,Standard,OTA,India,90.0,0,1,1,0,180.0
570,2024-02-21,1,2,2,1,Deluxe,Corporate,USA,149.74,0,2,1,0,299.48
571,2024-11-23,24,5,1,0,Deluxe,OTA,India,200.63,0,1,2,0,1003.15
572,2023-10-31,68,3,4,0,Executive,Direct,India,329.7,0,2,0,0,989.1
573,2023-07-26,35,2,2,0,Suite,Direct,UK,245.36,0,0,0,1,490.72
574,2023-02-05,65,4,2,0,Standard,Corporate,Germany,89.81,1,1,1,0,0.0
575,2023-01-06,17,1,2,0,Suite,Travel Agent,UAE,362.43,0,0,1,1,362.43
576,2023-09-30,23,3,1,0,Standard,Travel Agent,USA,96.47,0,0,1,0,289.41
577,2024-11-06,126,2,1,0,Standard,OTA,India,118.72,0,0,1,1,237.44
578,2024-01-18,18,7,2,2,Deluxe,OTA,UK,168.32,0,0,1,1,1178.24
579,2024-10-14,49,2,2,0,Deluxe,OTA,USA,130.0,0,2,1,1,260.0
580,2023-03-16,49,2,2,0,Standard,Travel Agent,UAE,89.3,0,1,3,0,178.6
581,2023-03-10,45,2,2,0,Deluxe,OTA,Australia,175.38,0,0,1,0,350.76
582,2024-08-31,49,3,1,0,Executive,OTA,India,372.32,0,0,2,0,1116.96
583,2023-03-19,17,4,1,0,Deluxe,OTA,India,170.81,0,0,0,0,683.24
584,2023-02-07,25,8,2,1,Standard,OTA,India,72.62,0,1,0,0,580.96
585,2023-10-22,2,3,1,0,Executive,Direct,USA,353.6,1,0,0,0,0.0
586,2024-11-06,84,6,3,0,Standard,OTA,USA,111.66,1,1,1,1,0.0
587,2024-05-18,49,2,2,0,Standard,OTA,Australia,86.62,0,3,1,1,173.24
588,2023-03-14,20,3,2,1,Standard,Corporate,USA,78.3,0,1,1,0,234.9
589,2024-09-03,17,3,2,0,Standard,OTA,USA,63.02,0,0,1,1,189.06
590,2024-09-07,69,4,2,2,Standard,OTA,India,100.0,0,0,1,1,400.0
591,2024-08-07,19,3,1,0,Standard,OTA,India,92.8,0,1,0,0,278.4
592,2024-10-20,20,6,2,0,Deluxe,Travel Agent,UK,148.75,0,0,2,0,892.5
593,2023-06-25,14,3,1,0,Standard,Corporate,India,102.82,0,0,1,0,308.46
594,2024-12-16,55,3,2,0,Standard,Direct,USA,117.44,0,0,1,1,352.32
595,2023-08-23,65,4,2,1,Deluxe,Direct,UAE,159.47,0,1,1,0,637.88
596,2024-08-08,28,1,2,0,Standard,Travel Agent,UAE,82.76,0,0,2,0,82.76
597,2024-02-27,65,4,2,0,Deluxe,OTA,India,128.25,0,0,1,0,513.0
598,2024-07-23,42,3,3,1,Standard,OTA,USA,84.08,0,0,0,1,252.24
599,2024-04-03,13,2,2,2,Suite,OTA,Germany,220.54,0,1,1,1,441.08
600,2024-04-14,80,3,1,0,Executive,Travel Agent,India,373.27,0,1,0,1,1119.81
601,2024-03-25,14,3,2,0,Standard,Travel Agent,India,81.85,0,1,2,1,245.55
602,2024-07-22,30,2,2,0,Deluxe,OTA,USA,164.13,0,1,1,1,328.26
603,2024-06-23,28,5,2,0,Suite,OTA,USA,342.11,0,2,0,1,1710.55
604,2023-04-09,25,3,2,0,Deluxe,Corporate,USA,134.81,0,0,3,1,404.43
605,2024-08-26,5,3,2,0,Standard,OTA,Australia,90.95,0,0,1,0,272.85
606,2024-01-27,110,2,2,0,Standard,Direct,UAE,97.38,0,0,0,1,194.76
607,2023-08-24,6,5,2,1,Deluxe,Corporate,Singapore,148.9,1,0,0,0,0.0
608,2024-01-11,83,2,3,0,Deluxe,Travel Agent,Singapore,162.58,0,1,2,0,325.16
609,2024-12-06,16,3,2,0,Suite,OTA,India,368.36,0,1,1,0,1105.08
610,2024-09-18,21,3,2,1,Standard,Travel Agent,India,84.43,0,0,0,0,253.29
611,2024-08-31,78,3,1,0,Standard,Direct,Germany,130.28,0,0,0,0,390.84
612,2023-12-04,46,5,1,0,Standard,OTA,Singapore,101.5,1,0,1,0,0.0
613,2024-07-26,10,6,1,0,Deluxe,OTA,UAE,187.94,1,0,1,0,0.0
614,2023-10-09,10,1,2,0,Deluxe,Corporate,India,141.55,0,1,0,0,141.55
615,2024-05-15,41,4,1,0,Standard,Direct,India,102.0,1,0,0,0,0.0
616,2024-04-11,14,3,2,1,Deluxe,Direct,Singapore,136.79,0,2,1,1,410.37
617,2023-07-02,47,5,2,0,Suite,Direct,India,301.85,0,2,1,0,1509.25
618,2023-07-14,50,5,1,0,Executive,OTA,Australia,420.24,0,2,1,1,2101.2
619,2023-02-14,18,4,2,0,Suite,Direct,India,232.28,0,2,2,0,929.12
620,2023-04-13,22,4,2,0,Deluxe,OTA,Singapore,151.42,0,0,0,0,605.68
621,2023-11-13,42,3,2,0,Suite,Travel Agent,India,281.84,0,2,0,1,845.52
622,2023-12-15,17,4,3,2,Deluxe,Direct,Singapore,184.61,1,1,1,1,0.0
623,2023-05-01,35,4,3,0,Standard,Corporate,USA,105.17,0,2,2,0,420.68
624,2023-11-01,131,4,3,0,Executive,Corporate,UAE,350.24,1,0,0,0,0.0
625,2024-03-17,43,6,2,0,Standard,Direct,India,101.45,1,2,1,1,0.0
626,2023-06-19,25,4,3,0,Standard,Direct,India,100.8,0,0,1,0,403.2
627,2023-09-04,117,2,2,0,Standard,OTA,India,83.09,1,0,1,1,0.0
628,2023-09-26,58,3,2,1,Deluxe,OTA,UAE,110.85,1,1,0,1,0.0
629,2024-01-04,14,3,1,2,Deluxe,OTA,India,232.55,0,0,5,0,697.65
630,2023-09-25,16,3,1,2,Deluxe,OTA,UAE,132.75,0,0,0,0,398.25
631,2024-06-21,7,3,4,0,Standard,OTA,India,103.58,0,0,0,1,310.74
632,2023-08-28,42,3,2,1,Standard,Travel Agent,UK,80.68,0,1,0,0,242.04
633,2023-11-13,4,2,1,0,Standard,Corporate,India,81.94,0,4,0,0,163.88
634,2023-10-05,117,2,1,0,Standard,OTA,Australia,86.76,0,2,0,0,173.52
635,2023-05-14,27,2,2,0,Standard,Direct,India,82.75,0,2,0,0,165.5
636,2024-05-15,60,1,3,2,Standard,Direct,Australia,77.43,0,0,0,0,77.43
637,2023-06-21,25,3,3,2,Executive,OTA,UK,333.98,1,3,2,0,0.0
638,2023-08-05,41,2,1,0,Suite,Travel Agent,India,323.19,0,2,1,0,646.38
639,2024-08-01,30,6,1,0,Standard,Travel Agent,Australia,100.49,0,0,1,0,602.94
640,2024-11-23,34,2,1,0,Standard,OTA,India,135.41,0,1,1,1,270.82
641,2024-05-04,72,3,2,0,Executive,OTA,UK,377.72,0,1,1,0,1133.16
642,2024-10-30,96,6,2,1,Deluxe,Corporate,USA,118.83,1,0,3,0,0.0
643,2024-09-15,91,3,2,0,Suite,OTA,Germany,212.12,0,0,0,0,636.36
644,2023-12-18,195,4,2,0,Suite,Direct,India,291.71,0,4,1,0,1166.84
645,2024-07-16,19,3,1,0,Standard,Corporate,India,101.96,0,1,0,0,305.88
646,2023-08-28,44,3,2,0,Standard,Corporate,Australia,97.25,0,1,0,1,291.75
647,2023-12-03,19,2,2,1,Standard,Direct,India,96.34,0,0,0,1,192.68
648,2024-01-26,71,4,2,1,Deluxe,OTA,UK,203.22,0,3,0,0,812.88
649,2024-12-02,15,3,2,0,Executive,Travel Agent,Australia,356.37,1,1,0,1,0.0
650,2024-09-11,73,3,4,0,Standard,Direct,India,80.21,0,0,2,0,240.63
651,2023-12-24,38,2,1,0,Suite,Direct,India,381.08,1,0,0,1,0.0
652,2024-04-21,31,3,4,1,Deluxe,Direct,India,104.77,0,1,3,0,314.31
653,2023-05-28,34,3,1,1,Deluxe,OTA,Australia,176.54,0,3,1,0,529.62
654,2024-08-10,12,3,2,0,Deluxe,Direct,Singapore,156.88,1,2,0,0,0.0
655,2024-02-08,13,4,1,0,Deluxe,OTA,Australia,145.54,0,1,1,1,582.16
656,2024-01-24,39,3,2,0,Deluxe,Direct,India,193.21,0,0,0,0,579.63
657,2024-07-13,39,5,1,1,Suite,Travel Agent,USA,292.63,0,0,3,0,1463.15
658,2024-04-07,20,7,1,0,Deluxe,Travel Agent,Australia,157.65,0,0,0,1,1103.55
659,2023-02-22,27,5,2,0,Standard,Travel Agent,Australia,73.27,0,0,3,0,366.35
660,2023-07-30,46,7,2,2,Deluxe,Direct,India,142.24,0,1,1,0,995.68
661,2023-05-10,17,3,2,0,Deluxe,Corporate,India,147.75,0,1,1,0,443.25
662,2024-06-20,6,3,3,0,Suite,Corporate,USA,242.36,0,0,0,1,727.08
663,2023-01-26,86,2,2,0,Standard,OTA,UAE,131.34,0,0,0,0,262.68
664,2023-05-28,41,4,4,0,Standard,Corporate,India,101.75,1,0,2,1,0.0
665,2024-03-12,23,3,1,0,Standard,OTA,India,71.89,0,1,1,0,215.67
666,2024-05-22,19,2,4,0,Suite,Direct,Germany,235.54,1,0,0,0,0.0
667,2024-01-03,17,3,2,2,Deluxe,OTA,India,186.62,0,0,0,0,559.86
668,2024-09-20,70,2,2,0,Standard,OTA,India,111.02,0,1,1,0,222.04
669,2024-11-01,11,5,2,2,Deluxe,Corporate,UK,189.98,1,0,1,0,0.0
670,2023-04-07,44,3,1,0,Deluxe,OTA,Australia,145.33,1,0,0,1,0.0
671,2024-11-26,44,5,1,0,Deluxe,Travel Agent,UK,184.63,1,1,0,1,0.0
672,2024-03-24,56,6,2,0,Standard,Travel Agent,Singapore,92.2,0,0,1,0,553.2
673,2024-04-09,25,2,2,0,Deluxe,Direct,Australia,108.31,0,0,1,0,216.62
674,2023-03-11,81,3,3,1,Standard,OTA,India,103.2,0,1,2,1,309.6
675,2024-03-29,57,1,1,0,Standard,OTA,India,109.64,0,1,1,1,109.64
676,2024-06-13,24,6,2,0,Deluxe,Direct,India,158.87,0,0,0,0,953.22
677,2024-02-28,18,5,2,0,Standard,OTA,UK,67.78,0,0,1,0,338.9
678,2023-03-03,30,1,2,1,Standard,Corporate,UK,90.75,0,3,0,0,90.75
679,2024-01-17,23,4,2,0,Standard,OTA,UAE,96.22,0,0,0,1,384.88
680,2024-11-14,16,8,2,0,Deluxe,OTA,USA,170.04,0,1,0,0,1360.32
681,2024-06-12,35,3,2,0,Suite,Direct,India,269.87,0,1,2,0,809.61
682,2023-04-11,27,3,1,1,Suite,OTA,India,237.32,1,1,0,0,0.0
683,2024-12-01,94,3,1,0,Standard,Travel Agent,USA,145.14,0,0,0,0,435.42
684,2024-11-30,23,5,1,0,Standard,Corporate,India,133.55,0,0,2,0,667.75
685,2023-05-04,18,2,2,0,Executive,Travel Agent,India,261.91,0,1,0,1,523.82
686,2024-08-07,33,5,2,0,Standard,Direct,Australia,103.86,0,0,1,0,519.3
687,2023-10-24,40,4,2,0,Suite,Corporate,USA,212.46,0,1,1,1,849.84
688,2024-03-09,42,4,3,0,Standard,Travel Agent,UK,90.09,0,1,2,1,360.36
689,2023-11-21,42,6,2,0,Deluxe,Direct,India,175.2,0,0,0,0,1051.2
690,2024-07-25,34,3,1,0,Deluxe,Travel Agent,Australia,158.53,1,0,1,0,0.0
691,2024-12-28,32,5,1,0,Deluxe,OTA,Australia,226.35,0,0,0,0,1131.75
692,2024-08-03,51,1,4,0,Deluxe,OTA,India,190.1,0,0,2,0,190.1
693,2024-11-10,15,5,2,0,Standard,OTA,India,106.53,1,0,1,1,0.0
694,2024-11-21,18,3,3,0,Standard,Travel Agent,Germany,88.53,0,0,1,0,265.59
695,2023-03-07,8,4,3,0,Deluxe,Direct,UK,140.14,0,0,1,1,560.56
696,2023-07-04,15,4,4,1,Suite,Travel Agent,Germany,281.07,0,0,1,1,1124.28
697,2024-06-10,66,3,3,0,Deluxe,Direct,USA,179.61,0,0,1,0,538.83
698,2024-03-06,49,2,2,0,Deluxe,Direct,Australia,128.46,0,0,2,0,256.92
699,2023-02-06,102,5,2,0,Executive,Direct,UAE,310.08,1,0,0,1,0.0
700,2023-03-11,86,2,4,0,Standard,OTA,India,97.27,0,1,1,0,194.54
701,2024-01-15,49,4,2,0,Standard,OTA,UAE,87.86,1,0,1,1,0.0
702,2024-03-25,37,2,2,1,Standard,OTA,India,64.52,0,0,1,0,129.04
703,2023-05-03,34,5,3,0,Suite,OTA,USA,239.43,0,0,0,0,1197.15
704,2023-05-06,4,6,2,0,Standard,Corporate,India,96.08,0,0,0,1,576.48
705,2023-04-05,31,4,2,1,Standard,OTA,USA,92.93,0,0,0,1,371.72
706,2024-02-17,21,7,2,0,Standard,OTA,UAE,112.35,1,0,2,1,0.0
707,2023-01-06,16,3,2,0,Standard,OTA,India,119.72,0,0,1,1,359.16
708,2024-02-22,44,3,1,0,Standard,Corporate,India,76.62,0,1,1,0,229.86
709,2023-12-14,28,5,2,0,Standard,Direct,USA,90.42,0,2,1,0,452.1
710,2023-12-07,35,4,4,1,Standard,Direct,India,114.71,1,1,0,0,0.0
711,2024-05-10,14,2,3,0,Deluxe,OTA,India,112.57,0,2,0,0,225.14
712,2024-01-17,58,3,1,0,Standard,OTA,UAE,95.42,0,0,0,1,286.26
713,2024-06-15,23,1,3,0,Standard,Direct,UK,114.49,0,2,1,0,114.49
714,2024-07-11,43,4,1,0,Standard,Corporate,Singapore,88.41,0,0,0,0,353.64
715,2024-11-02,25,5,2,0,Deluxe,OTA,UAE,200.68,0,2,0,0,1003.4
716,2024-08-06,3,2,4,0,Deluxe,OTA,UK,152.12,0,0,1,0,304.24
717,2024-01-13,45,2,4,0,Standard,Direct,India,107.63,0,0,2,1,215.26
718,2023-12-26,30,3,2,1,Standard,Corporate,India,81.23,0,1,1,0,243.69
719,2023-06-22,8,3,2,0,Standard,OTA,USA,104.06,0,0,0,1,312.18
720,2024-03-13,12,3,2,0,Suite,Direct,USA,215.3,0,1,1,0,645.9
721,2023-04-12,60,4,2,1,Executive,Direct,USA,312.22,1,1,0,0,0.0
722,2024-11-10,8,5,1,1,Deluxe,OTA,USA,200.41,0,0,0,1,1002.05
723,2024-09-08,23,7,1,0,Executive,OTA,India,341.84,0,0,0,0,2392.88
724,2023-03-29,107,2,3,2,Standard,Direct,USA,81.57,1,0,2,0,0.0
725,2024-07-27,46,3,1,0,Deluxe,OTA,India,175.26,0,0,1,0,525.78
726,2023-03-27,54,3,2,1,Deluxe,OTA,UK,124.72,0,0,1,0,374.16
727,2024-06-10,27,1,2,1,Standard,OTA,UK,84.42,1,0,2,0,0.0
728,2023-03-06,7,6,1,0,Deluxe,Direct,UK,168.73,0,2,0,0,1012.38
729,2023-12-23,38,2,1,0,Deluxe,OTA,UAE,226.21,0,0,0,0,452.42
730,2024-04-25,13,3,1,0,Suite,Corporate,UAE,259.36,0,1,0,1,778.08
731,2024-06-16,12,5,1,0,Standard,OTA,Germany,127.21,0,1,3,1,636.05
732,2023-11-02,35,4,2,0,Standard,Travel Agent,India,104.38,0,0,3,0,417.52
733,2024-11-03,14,2,2,1,Standard,Direct,Australia,121.49,0,1,3,1,242.98
734,2024-07-19,32,7,2,0,Standard,Direct,India,110.44,0,0,0,1,773.08
735,2023-06-02,19,5,3,0,Standard,Corporate,UK,105.58,0,0,3,0,527.9
736,2024-05-04,31,3,2,0,Standard,OTA,India,101.69,0,0,1,0,305.07
737,2024-06-17,22,6,2,0,Standard,OTA,India,86.63,0,0,0,1,519.78
738,2023-09-01,32,5,2,0,Deluxe,OTA,Singapore,130.36,0,0,0,0,651.8
739,2024-06-22,82,2,2,2,Deluxe,Travel Agent,India,151.49,0,1,0,0,302.98
740,2024-10-17,55,3,1,0,Standard,Corporate,USA,76.89,0,0,0,0,230.67
741,2024-08-19,29,5,2,0,Standard,Direct,India,90.56,0,2,1,0,452.8
742,2024-07-10,74,1,2,0,Deluxe,Direct,India,144.42,0,1,1,0,144.42
743,2024-04-08,43,4,2,0,Standard,Corporate,Singapore,80.8,0,0,1,0,323.2
744,2023-07-17,70,6,2,0,Standard,Direct,UK,82.57,1,1,0,0,0.0
745,2024-08-03,9,4,4,0,Deluxe,OTA,UK,195.38,0,0,1,0,781.52
746,2023-09-23,14,6,1,0,Standard,Direct,India,79.89,0,0,1,1,479.34
747,2024-01-24,37,6,2,0,Standard,OTA,India,92.8,0,3,3,1,556.8
748,2023-08-18,29,1,1,0,Executive,OTA,UK,382.02,0,1,0,1,382.02
749,2023-08-17,32,7,3,1,Deluxe,Direct,India,153.42,1,0,2,0,0.0
750,2023-04-26,48,5,2,1,Executive,Direct,India,330.98,1,1,0,0,0.0
751,2024-12-02,38,5,2,0,Deluxe,OTA,USA,173.93,0,0,2,0,869.65
752,2023-04-18,59,4,2,0,Standard,OTA,India,64.6,0,0,1,0,258.4
753,2023-03-04,58,3,1,0,Deluxe,Travel Agent,Singapore,158.25,1,1,1,1,0.0
754,2024-11-14,15,2,2,0,Suite,Travel Agent,UK,313.69,0,0,0,0,627.38
755,2024-02-10,3,5,3,0,Executive,Direct,India,320.97,0,0,1,1,1604.85
756,2023-11-16,14,7,2,0,Deluxe,OTA,USA,179.1,1,2,2,0,0.0
757,2024-06-22,13,2,2,0,Standard,Travel Agent,UK,129.41,1,1,0,1,0.0
758,2023-10-07,34,4,2,0,Deluxe,OTA,India,134.0,1,1,1,0,0.0
759,2023-04-04,33,1,2,0,Standard,Corporate,Australia,89.22,0,1,1,0,89.22
760,2024-06-16,27,5,3,0,Standard,Corporate,USA,127.17,0,1,0,0,635.85
761,2023-05-09,44,6,1,0,Standard,OTA,India,81.69,0,1,0,0,490.14
762,2024-02-08,138,3,3,1,Standard,Direct,USA,68.2,0,1,0,0,204.6
763,2024-11-23,27,4,3,0,Standard,Direct,UAE,143.68,0,0,0,0,574.72
764,2024-11-14,39,3,2,0,Executive,Direct,India,449.52,1,0,1,1,0.0
765,2023-09-21,32,5,2,2,Deluxe,OTA,Australia,138.55,0,1,1,0,692.75
766,2024-07-23,20,5,2,0,Deluxe,Direct,India,155.02,0,2,0,1,775.1
767,2024-03-23,48,2,1,0,Suite,Corporate,India,288.14,0,1,0,1,576.28
768,2023-12-16,26,4,2,0,Standard,OTA,Australia,111.53,0,1,1,0,446.12
769,2023-04-13,17,2,1,0,Deluxe,Corporate,India,143.37,0,2,1,0,286.74
770,2023-10-02,18,2,1,1,Deluxe,OTA,India,124.98,0,1,0,0,249.96
771,2024-04-20,60,1,2,1,Standard,Direct,India,73.49,0,0,1,0,73.49
772,2024-12-21,47,5,4,0,Standard,Direct,UAE,109.23,0,0,3,1,546.15
773,2023-01-04,22,5,1,1,Deluxe,Travel Agent,India,184.01,0,2,2,0,920.05
774,2024-06-07,44,6,1,0,Suite,Direct,UAE,311.69,0,2,0,1,1870.14
775,2024-09-09,32,4,1,1,Standard,Corporate,UK,84.26,0,0,0,1,337.04
776,2024-11-25,39,5,1,1,Deluxe,Direct,UAE,167.77,0,1,0,1,838.85
777,2023-11-06,20,5,3,0,Deluxe,OTA,Australia,179.94,0,1,1,1,899.7
778,2023-03-28,13,5,2,0,Executive,OTA,Germany,322.52,0,0,0,0,1612.6
779,2023-07-17,26,3,2,0,Suite,OTA,India,338.76,0,0,1,0,1016.28
780,2024-09-12,15,2,2,1,Standard,Travel Agent,Australia,76.24,0,2,1,0,152.48
781,2024-10-02,14,4,4,0,Deluxe,Direct,India,145.99,0,0,1,0,583.96
782,2024-04-10,9,3,2,0,Executive,Corporate,Germany,323.28,0,0,1,0,969.84
783,2023-03-31,3,3,4,0,Standard,OTA,USA,93.35,1,0,4,1,0.0
784,2023-03-31,22,7,2,1,Suite,OTA,India,213.49,0,1,3,0,1494.43
785,2023-12-16,67,2,4,1,Deluxe,Corporate,UAE,235.49,0,3,1,0,470.98
786,2024-03-05,57,2,2,0,Standard,Travel Agent,UK,82.39,0,2,1,1,164.78
787,2023-01-24,90,4,3,0,Deluxe,Direct,Australia,163.06,1,0,0,0,0.0
788,2024-05-15,14,3,2,1,Standard,Direct,USA,71.51,0,0,3,1,214.53
789,2024-02-02,50,3,2,0,Standard,Corporate,UAE,94.88,0,3,0,0,284.64
790,2023-01-09,29,4,2,0,Suite,OTA,USA,263.57,0,1,1,1,1054.28
791,2023-03-11,18,2,2,0,Deluxe,OTA,UK,139.3,0,0,1,1,278.6
792,2023-11-28,62,3,2,0,Executive,Direct,India,376.26,0,1,1,0,1128.78
793,2024-06-11,29,5,1,0,Standard,OTA,India,96.53,0,1,0,0,482.65
794,2024-08-25,6,2,3,0,Suite,OTA,Germany,325.48,1,1,0,1,0.0
795,2023-11-11,56,7,2,1,Standard,Direct,UK,119.47,0,1,1,0,836.29
796,2023-08-04,42,2,1,0,Suite,OTA,UAE,295.86,0,0,0,0,591.72
797,2024-12-07,35,3,2,0,Suite,Direct,Singapore,345.99,0,1,0,0,1037.97
798,2023-12-01,12,9,2,0,Suite,OTA,UAE,310.87,1,0,0,0,0.0
799,2023-08-19,38,1,1,0,Deluxe,OTA,UAE,166.76,0,1,0,0,166.76
800,2023-11-19,82,9,2,0,Standard,OTA,Germany,117.23,0,0,1,0,1055.07
801,2023-01-09,41,1,2,0,Executive,Direct,USA,419.0,0,3,0,0,419.0
802,2023-08-09,8,1,3,0,Standard,Direct,USA,114.53,0,2,1,0,114.53
803,2024-01-12,43,5,2,0,Standard,Travel Agent,Singapore,105.63,1,2,1,1,0.0
804,2024-11-01,41,4,2,0,Standard,OTA,UK,127.76,0,2,0,0,511.04
805,2024-06-22,53,6,2,0,Deluxe,Direct,India,174.46,0,0,0,1,1046.76
806,2024-07-24,40,3,1,0,Suite,Travel Agent,India,258.62,0,0,2,0,775.86
807,2024-02-02,14,2,3,0,Suite,OTA,India,238.18,0,1,1,0,476.36
808,2023-03-22,34,1,2,0,Deluxe,OTA,Germany,147.8,0,0,0,0,147.8
809,2023-10-13,26,3,3,0,Deluxe,Travel Agent,Australia,105.98,1,0,0,0,0.0
810,2024-12-28,37,3,2,0,Executive,OTA,Germany,402.28,0,2,0,0,1206.84
811,2023-02-02,64,1,1,0,Deluxe,OTA,Germany,147.0,0,0,1,0,147.0
812,2024-10-03,19,4,2,0,Standard,Corporate,Australia,91.18,0,1,0,1,364.72
813,2024-05-14,99,1,1,1,Executive,Direct,USA,363.36,0,2,0,0,363.36
814,2023-07-27,43,3,2,0,Executive,OTA,India,373.25,0,0,0,0,1119.75
815,2024-07-21,57,5,2,0,Deluxe,Direct,UK,189.78,0,1,0,0,948.9
816,2024-09-02,52,3,2,0,Deluxe,Corporate,Australia,100.94,0,0,1,0,302.82
817,2023-02-01,42,4,2,0,Executive,OTA,USA,300.11,1,0,0,0,0.0
818,2023-03-19,47,2,2,0,Suite,Corporate,Germany,269.99,0,0,2,1,539.98
819,2024-04-30,0,2,1,0,Standard,OTA,Australia,75.32,0,0,0,0,150.64
820,2024-12-30,51,2,2,0,Executive,Travel Agent,India,400.52,0,0,0,0,801.04
821,2023-01-18,15,6,2,0,Deluxe,Travel Agent,USA,201.45,0,4,1,1,1208.7
822,2024-04-30,31,3,2,1,Deluxe,Direct,USA,152.73,0,0,0,1,458.19
823,2023-04-10,41,2,2,0,Standard,OTA,USA,82.4,0,0,3,0,164.8
824,2024-04-19,66,3,2,0,Standard,Direct,India,91.44,0,2,0,0,274.32
825,2024-03-31,16,6,3,0,Standard,Direct,USA,100.05,0,1,3,0,600.3
826,2023-03-08,23,3,4,0,Standard,OTA,UAE,76.45,0,0,1,1,229.35
827,2024-05-11,25,4,1,0,Deluxe,Travel Agent,UAE,168.23,0,2,0,1,672.92
828,2024-10-16,37,5,2,0,Deluxe,Direct,Australia,121.81,0,0,1,0,609.05
829,2024-09-22,26,4,2,0,Deluxe,OTA,UAE,162.96,0,1,0,0,651.84
830,2023-01-22,47,2,2,0,Standard,Travel Agent,UAE,123.91,1,2,2,0,0.0
831,2023-06-29,6,2,1,0,Standard,OTA,India,88.87,0,1,0,1,177.74
832,2023-06-25,29,3,4,0,Suite,Direct,India,316.69,0,0,0,0,950.07
833,2023-11-27,87,2,3,0,Suite,OTA,USA,283.02,0,1,1,0,566.04
834,2023-04-15,26,3,3,1,Standard,Direct,Germany,102.98,0,1,1,1,308.94
835,2024-09-15,43,2,1,0,Standard,Direct,India,81.02,0,1,0,0,162.04
836,2024-07-21,59,5,2,0,Standard,Direct,Germany,113.38,1,0,1,1,0.0
837,2024-08-13,42,3,2,0,Deluxe,OTA,UK,142.3,0,1,0,1,426.9
838,2023-05-25,104,5,2,0,Suite,OTA,India,251.71,0,1,0,0,1258.55
839,2023-01-11,34,5,1,0,Suite,OTA,India,322.47,0,1,1,0,1612.35
840,2024-10-26,49,3,1,1,Suite,Corporate,UAE,251.64,0,0,1,0,754.92
841,2023-07-30,38,3,3,0,Suite,Travel Agent,UK,303.04,0,0,0,0,909.12
842,2024-04-24,76,4,2,0,Deluxe,Corporate,India,156.28,0,2,0,0,625.12
843,2024-10-25,24,2,2,0,Standard,OTA,UK,100.38,1,0,0,0,0.0
844,2023-01-27,110,3,2,0,Standard,Direct,India,112.94,1,0,0,1,0.0
845,2023-01-04,19,1,4,0,Standard,Direct,USA,120.11,0,0,0,1,120.11
846,2023-01-04,93,2,4,2,Standard,OTA,Australia,100.71,0,0,1,1,201.42
847,2023-04-25,14,3,2,0,Standard,Travel Agent,India,81.47,1,0,1,0,0.0
848,2023-02-07,50,5,2,1,Standard,OTA,USA,59.86,0,3,1,0,299.3
849,2024-08-21,32,4,1,1,Standard,Direct,Germany,105.39,0,0,1,1,421.56
850,2024-03-18,58,2,2,0,Suite,OTA,USA,202.32,0,2,0,1,404.64
851,2024-12-16,44,4,3,0,Deluxe,OTA,India,171.13,0,1,0,0,684.52
852,2024-08-08,56,4,4,0,Standard,OTA,UK,79.95,0,0,1,0,319.8
853,2024-12-04,14,4,1,0,Standard,OTA,Australia,110.34,0,1,1,0,441.36
854,2023-06-24,7,4,2,1,Deluxe,Direct,Australia,180.92,0,0,3,1,723.68
855,2023-07-30,12,3,2,0,Executive,OTA,India,350.69,0,0,0,1,1052.07
856,2024-09-12,11,4,2,1,Standard,Corporate,Singapore,80.31,0,3,2,0,321.24
857,2023-06-28,13,2,2,0,Suite,OTA,India,255.6,0,1,0,0,511.2
858,2023-02-11,20,1,2,0,Executive,OTA,India,395.67,0,1,0,0,395.67
859,2024-05-03,20,2,3,0,Suite,OTA,UAE,231.49,1,1,1,1,0.0
860,2024-08-07,33,2,1,0,Deluxe,OTA,Australia,164.97,0,1,0,0,329.94
861,2024-12-07,16,2,2,0,Standard,Direct,India,102.28,0,1,1,0,204.56
862,2024-11-08,18,3,2,0,Standard,OTA,India,125.39,0,0,0,0,376.17
863,2023-03-29,28,3,3,0,Deluxe,Direct,India,135.58,1,0,1,0,0.0
864,2024-07-17,64,3,3,0,Executive,OTA,USA,377.6,0,0,3,0,1132.8
865,2024-09-09,23,3,3,0,Deluxe,Direct,USA,128.15,0,0,0,0,384.45
866,2024-05-24,31,6,2,2,Standard,Travel Agent,UK,111.12,0,1,0,0,666.72
867,2024-08-21,35,1,1,0,Standard,Direct,India,91.85,0,0,2,0,91.85
868,2024-09-03,15,4,2,0,Standard,OTA,India,84.62,0,1,0,0,338.48
869,2023-11-22,25,5,4,2,Executive,OTA,UAE,389.7,0,1,0,1,1948.5
870,2023-01-30,19,2,2,0,Standard,Travel Agent,India,97.14,0,1,0,0,194.28
871,2023-11-30,60,5,1,2,Standard,Corporate,India,92.61,0,0,0,0,463.05
872,2023-05-28,57,5,1,2,Deluxe,Direct,India,133.1,0,1,0,0,665.5
873,2023-03-25,17,1,2,0,Standard,Direct,UK,98.67,0,1,1,1,98.67
874,2023-04-02,31,3,2,0,Standard,OTA,Australia,106.65,0,0,0,0,319.95
875,2024-05-24,49,2,1,1,Standard,Direct,India,98.64,1,0,0,0,0.0
876,2024-01-04,40,5,1,0,Deluxe,Direct,India,168.44,0,2,1,1,842.2
877,2024-01-30,43,1,2,0,Standard,Direct,Australia,99.86,0,0,0,0,99.86
878,2024-06-27,15,4,2,0,Standard,Direct,UAE,97.89,0,1,0,0,391.56
879,2024-02-05,90,3,1,0,Deluxe,OTA,UK,113.76,1,1,1,0,0.0
880,2024-04-04,20,4,2,0,Deluxe,OTA,India,143.79,0,1,2,0,575.16
881,2023-03-04,20,7,1,1,Deluxe,OTA,USA,156.13,0,2,0,1,1092.91
882,2024-09-13,10,4,1,0,Deluxe,OTA,Singapore,132.14,0,0,1,0,528.56
883,2023-11-24,29,3,2,0,Deluxe,OTA,UAE,237.94,0,0,0,0,713.82
884,2023-04-24,68,3,2,0,Suite,Corporate,Germany,188.16,0,2,3,0,564.48
885,2024-08-16,40,3,1,0,Standard,OTA,USA,111.09,0,1,0,0,333.27
886,2024-06-20,30,2,1,1,Standard,Corporate,India,105.61,0,1,0,1,211.22
887,2023-02-08,54,3,1,1,Deluxe,Corporate,India,141.46,0,0,0,0,424.38
888,2023-05-21,67,8,2,0,Standard,OTA,Germany,85.1,0,0,1,0,680.8
889,2023-01-12,57,3,3,0,Standard,Corporate,USA,102.66,0,1,0,0,307.98
890,2023-07-17,5,4,1,1,Standard,Direct,India,84.99,0,0,2,0,339.96
891,2023-03-14,54,2,2,0,Suite,OTA,UK,225.78,0,0,2,0,451.56
892,2024-06-02,45,6,1,0,Suite,OTA,Singapore,333.48,0,1,1,0,2000.88
893,2024-01-17,17,4,3,0,Standard,Direct,USA,83.25,0,0,0,0,333.0
894,2024-12-16,45,3,2,0,Standard,OTA,India,115.2,0,0,3,0,345.6
895,2024-07-01,68,5,1,2,Standard,Corporate,UK,90.33,0,0,0,1,451.65
896,2024-03-22,21,4,2,1,Standard,Corporate,USA,90.97,0,2,2,1,363.88
897,2024-01-07,59,3,1,0,Standard,OTA,UK,108.33,0,1,1,1,324.99
898,2023-02-09,41,4,1,0,Standard,Travel Agent,Singapore,74.06,0,0,1,0,296.24
899,2023-02-21,1,6,2,0,Deluxe,OTA,USA,161.08,0,0,0,1,966.48
900,2024-03-25,32,2,2,2,Executive,OTA,India,287.82,0,2,2,0,575.64
901,2023-01-04,40,4,1,1,Standard,OTA,Singapore,107.86,0,1,0,0,431.44
902,2023-01-31,26,5,2,0,Standard,OTA,UK,96.14,0,3,0,0,480.7
903,2023-06-09,42,6,3,0,Deluxe,OTA,India,235.0,0,0,0,0,1410.0
904,2024-10-07,29,2,2,0,Standard,Travel Agent,India,84.47,0,0,1,0,168.94
905,2023-12-02,124,3,1,0,Standard,Direct,UK,123.88,0,0,1,0,371.64
906,2024-06-01,24,2,2,0,Standard,Travel Agent,India,122.59,0,0,1,0,245.18
907,2023-10-28,17,3,1,0,Deluxe,OTA,Germany,155.87,0,0,0,1,467.61
908,2023-05-07,57,3,3,1,Standard,Direct,India,90.1,1,1,0,0,0.0
909,2023-09-28,27,3,1,1,Standard,Travel Agent,India,78.77,0,2,0,0,236.31
910,2023-03-08,31,4,1,0,Deluxe,OTA,India,105.99,1,2,0,1,0.0
911,2024-07-16,29,7,3,0,Standard,Travel Agent,Australia,91.79,0,2,1,0,642.53
912,2023-05-14,55,5,3,0,Suite,Direct,India,237.66,0,0,2,0,1188.3
913,2023-10-02,13,4,2,0,Deluxe,Direct,UK,135.01,0,0,2,0,540.04
914,2024-12-16,59,3,1,1,Standard,Corporate,Australia,105.26,0,0,0,1,315.78
915,2024-03-08,47,4,2,1,Standard,OTA,India,99.57,0,3,2,1,398.28
916,2023-12-01,99,1,4,1,Suite,OTA,Australia,345.64,1,0,1,1,0.0
917,2024-02-01,37,4,2,0,Standard,OTA,UAE,71.92,0,1,1,1,287.68
918,2024-07-26,14,5,4,0,Standard,OTA,India,130.12,0,1,0,1,650.6
919,2023-07-05,38,5,2,2,Standard,Corporate,Singapore,91.55,0,1,1,0,457.75
920,2024-04-09,41,3,3,0,Executive,Direct,Germany,319.95,1,0,0,1,0.0
921,2024-09-29,72,4,1,0,Executive,OTA,India,290.72,1,0,0,1,0.0
922,2024-02-22,14,2,3,0,Deluxe,OTA,Germany,142.01,0,0,0,1,284.02
923,2023-11-22,8,1,3,0,Standard,Direct,UK,86.8,0,0,0,1,86.8
924,2023-04-16,38,2,2,0,Standard,OTA,Australia,113.39,0,2,0,0,226.78
925,2023-07-01,102,3,4,0,Standard,Direct,UK,119.47,1,2,2,0,0.0
926,2024-11-21,52,2,2,0,Standard,OTA,Germany,105.18,0,1,0,1,210.36
927,2024-01-31,54,1,2,0,Executive,OTA,Germany,432.77,0,1,4,0,432.77
928,2023-08-08,10,2,2,0,Deluxe,OTA,Germany,132.27,0,1,2,0,264.54
929,2023-11-02,34,2,3,0,Standard,Corporate,India,105.38,0,0,0,0,210.76
930,2024-02-26,73,3,2,1,Suite,OTA,UK,239.67,0,3,0,0,719.01
931,2024-01-28,41,3,2,0,Standard,Direct,Australia,132.74,0,0,1,0,398.22
932,2024-05-25,8,8,2,0,Deluxe,Direct,Singapore,149.36,0,0,2,0,1194.88
933,2023-07-07,33,3,3,0,Standard,OTA,UAE,114.58,1,0,3,1,0.0
934,2024-04-18,49,4,1,0,Standard,Direct,India,90.37,0,0,2,1,361.48
935,2023-11-20,31,2,2,0,Standard,Direct,Australia,117.37,0,0,0,0,234.74
936,2024-11-17,16,3,2,1,Standard,Corporate,India,96.2,0,1,1,1,288.6
937,2023-04-26,59,3,3,0,Executive,Travel Agent,Germany,299.72,0,0,1,0,899.16
938,2023-04-19,24,5,1,0,Executive,OTA,USA,300.67,0,0,0,0,1503.35
939,2023-12-04,44,7,2,0,Deluxe,Direct,Australia,149.16,0,1,1,1,1044.12
940,2024-01-07,33,1,1,0,Suite,Travel Agent,USA,298.28,0,1,1,1,298.28
941,2024-05-19,23,4,2,0,Standard,OTA,USA,108.53,0,0,0,0,434.12
942,2023-10-22,109,3,2,0,Standard,OTA,Germany,83.98,0,1,2,0,251.94
943,2024-10-29,21,5,2,0,Standard,OTA,India,75.94,0,1,2,1,379.7
944,2023-12-13,35,4,2,0,Standard,Corporate,USA,97.64,1,1,2,1,0.0
945,2023-04-05,33,4,2,0,Standard,Direct,Germany,83.97,0,0,0,0,335.88
946,2023-03-29,38,4,2,0,Deluxe,Travel Agent,India,134.36,0,2,0,0,537.44
947,2024-12-11,104,5,3,1,Deluxe,Corporate,India,216.32,0,1,0,1,1081.6
948,2023-04-08,49,5,2,0,Standard,OTA,Germany,86.08,0,2,1,1,430.4
949,2024-11-22,23,3,1,1,Standard,Corporate,Australia,132.0,0,3,2,0,396.0
950,2023-07-22,84,4,2,0,Deluxe,Direct,India,138.78,0,1,2,1,555.12
951,2023-03-10,55,4,2,0,Executive,Travel Agent,USA,286.29,0,0,1,0,1145.16
952,2023-08-11,23,3,2,0,Standard,OTA,India,128.04,0,0,3,0,384.12
953,2024-03-24,76,3,2,0,Standard,OTA,Singapore,104.2,1,0,0,0,0.0
954,2023-11-09,10,4,3,0,Executive,OTA,UK,426.57,0,1,1,0,1706.28
955,2024-07-27,13,4,3,0,Deluxe,OTA,India,203.65,0,0,2,1,814.6
956,2024-03-22,7,4,1,0,Suite,OTA,Australia,220.34,0,0,0,0,881.36
957,2023-10-20,4,3,2,0,Deluxe,OTA,UAE,179.15,0,2,0,0,537.45
958,2024-04-08,72,5,2,0,Executive,OTA,UAE,262.75,1,0,0,0,0.0
959,2024-12-10,38,5,3,1,Suite,Corporate,UK,308.55,0,0,2,0,1542.75
960,2023-10-28,8,2,2,0,Standard,Travel Agent,USA,122.6,0,1,1,0,245.2
961,2023-04-23,32,5,1,1,Standard,OTA,India,82.26,1,2,3,1,0.0
962,2023-10-26,61,4,2,1,Deluxe,OTA,UK,151.04,0,0,0,0,604.16
963,2024-09-05,18,3,2,0,Standard,Corporate,USA,89.28,0,1,1,1,267.84
964,2023-06-08,26,4,2,0,Standard,Travel Agent,USA,89.85,0,1,0,0,359.4
965,2024-11-23,112,3,4,2,Standard,OTA,Australia,155.35,0,0,0,0,466.05
966,2024-03-05,28,1,2,1,Standard,Travel Agent,UAE,71.25,0,0,0,0,71.25
967,2024-03-15,8,2,1,1,Suite,Direct,Germany,251.89,1,0,2,0,0.0
968,2023-08-20,22,5,1,0,Standard,Direct,UAE,118.9,1,1,2,1,0.0
969,2024-11-02,7,2,1,0,Standard,OTA,USA,122.78,0,0,1,0,245.56
970,2023-01-27,52,5,1,0,Deluxe,OTA,UK,277.11,0,0,2,0,1385.55
971,2023-08-07,16,2,2,0,Deluxe,Travel Agent,USA,132.45,0,0,0,0,264.9
972,2023-11-02,15,3,1,0,Standard,Travel Agent,India,128.97,0,1,3,0,386.91
973,2023-12-15,119,3,2,0,Standard,Corporate,UK,90.48,0,0,1,0,271.44
974,2023-12-13,12,4,2,0,Standard,OTA,India,70.53,0,1,2,1,282.12
975,2023-04-18,10,5,2,1,Suite,Travel Agent,India,221.4,0,0,0,0,1107.0
976,2023-06-14,13,3,4,0,Standard,Corporate,Singapore,104.49,0,0,3,1,313.47
977,2023-03-11,62,3,4,2,Deluxe,Direct,USA,176.23,0,3,2,1,528.69
978,2024-02-22,48,2,2,0,Executive,Direct,India,357.9,0,1,2,1,715.8
979,2023-09-14,21,4,2,2,Standard,Corporate,UK,81.92,0,4,3,0,327.68
980,2024-02-18,20,1,2,0,Suite,Direct,USA,268.13,0,1,0,1,268.13
981,2024-03-06,45,2,2,0,Deluxe,Travel Agent,Singapore,133.79,0,0,3,0,267.58
982,2024-05-27,39,2,2,1,Deluxe,OTA,India,153.8,1,1,1,0,0.0
983,2024-02-04,29,7,2,0,Executive,OTA,Germany,293.85,0,1,0,0,2056.95
984,2024-04-18,49,3,1,0,Standard,Corporate,India,73.62,0,1,0,1,220.86
985,2024-03-04,13,3,2,0,Suite,OTA,India,242.6,0,1,0,1,727.8
986,2024-04-21,16,1,3,2,Standard,OTA,India,103.62,0,2,3,0,103.62
987,2024-03-26,51,2,2,2,Standard,Direct,India,92.92,0,1,2,1,185.84
988,2023-08-19,41,4,2,0,Standard,Direct,Australia,109.47,0,2,0,0,437.88
989,2023-06-29,34,6,2,0,Deluxe,OTA,India,146.68,0,2,2,0,880.08
990,2024-07-28,116,4,2,0,Standard,OTA,USA,119.72,0,0,1,0,478.88
991,2023-09-08,56,5,2,0,Standard,Direct,USA,79.89,0,0,1,0,399.45
992,2024-02-05,22,3,2,0,Standard,OTA,India,96.0,1,1,1,1,0.0
993,2023-05-24,17,4,1,0,Standard,OTA,USA,75.17,0,1,1,0,300.68
994,2023-11-11,43,5,2,0,Standard,Travel Agent,Germany,120.08,0,0,1,0,600.4
995,2024-01-22,72,2,1,1,Deluxe,OTA,UAE,191.32,1,0,3,0,0.0
996,2024-04-01,6,2,3,2,Deluxe,Corporate,India,118.67,0,2,0,1,237.34
997,2024-01-20,41,4,2,0,Deluxe,Corporate,India,173.99,0,1,0,0,695.96
998,2023-09-21,25,2,1,0,Deluxe,Direct,USA,147.98,1,0,0,1,0.0
999,2024-12-03,38,5,2,0,Standard,OTA,India,94.48,0,0,1,0,472.4
1000,2024-01-10,9,4,2,0,Standard,Travel Agent,India,111.37,0,0,2,0,445.48
1001,2024-08-13,72,5,2,0,Deluxe,OTA,India,156.4,0,0,1,0,782.0
1002,2024-06-21,85,3,2,0,Deluxe,Travel Agent,India,138.51,0,0,0,0,415.53
1003,2024-02-12,53,4,2,0,Deluxe,Corporate,Singapore,113.67,0,2,1,1,454.68
1004,2024-10-09,96,3,2,1,Standard,OTA,India,83.4,0,0,3,1,250.2
1005,2023-04-04,24,2,2,0,Standard,Direct,India,91.84,0,0,0,0,183.68
1006,2024-11-03,40,1,2,0,Standard,Direct,UK,112.84,0,0,0,0,112.84
1007,2024-09-12,53,3,1,0,Deluxe,OTA,USA,116.18,0,1,2,1,348.54
1008,2024-01-03,43,2,3,0,Executive,Direct,UK,435.68,0,1,3,0,871.36
1009,2024-06-19,27,1,4,0,Deluxe,Travel Agent,USA,171.01,0,0,1,0,171.01
1010,2024-01-15,29,4,2,1,Suite,OTA,India,330.29,1,2,2,0,0.0
1011,2023-07-16,80,3,2,0,Deluxe,OTA,UAE,184.15,0,0,2,0,552.45
1012,2024-08-06,32,3,1,0,Executive,OTA,India,337.08,1,0,1,1,0.0
1013,2023-06-29,69,3,3,1,Suite,Direct,Singapore,288.83,1,0,0,1,0.0
1014,2023-08-18,31,3,1,0,Standard,Travel Agent,UK,109.29,0,0,1,0,327.87
1015,2024-01-15,69,8,2,0,Standard,Travel Agent,USA,116.7,0,3,1,0,933.6
1016,2024-09-03,35,4,3,0,Executive,OTA,India,281.32,1,0,1,1,0.0
1017,2023-10-08,50,1,2,2,Deluxe,OTA,USA,145.73,0,1,1,0,145.73
1018,2023-12-27,19,2,2,0,Standard,Direct,USA,114.94,0,0,1,0,229.88
1019,2023-01-31,40,2,2,0,Deluxe,OTA,USA,132.18,1,0,1,0,0.0
1020,2023-03-26,20,5,2,2,Standard,Corporate,Singapore,106.78,0,0,1,0,533.9
1021,2023-02-10,24,3,3,0,Suite,Travel Agent,USA,251.47,0,0,0,1,754.41
1022,2023-02-22,26,3,2,0,Deluxe,Direct,India,86.04,0,0,0,0,258.12
1023,2024-09-26,29,3,1,0,Suite,OTA,USA,224.46,0,1,1,1,673.38
1024,2024-09-06,64,5,2,0,Deluxe,Corporate,India,141.73,0,0,1,0,708.65
1025,2024-08-22,23,7,2,0,Standard,OTA,USA,83.99,0,0,0,1,587.93
1026,2023-02-10,37,5,2,0,Executive,OTA,Australia,426.05,0,0,0,1,2130.25
1027,2023-02-26,69,3,2,0,Standard,OTA,India,101.24,1,1,0,0,0.0
1028,2023-07-24,50,4,2,0,Suite,Direct,India,259.0,0,0,0,1,1036.0
1029,2024-02-17,6,5,2,0,Standard,Corporate,India,92.6,1,1,0,1,0.0
1030,2023-09-01,9,4,2,0,Standard,OTA,UK,94.95,1,0,0,0,0.0
1031,2023-12-22,44,3,1,2,Deluxe,Direct,UAE,162.39,0,2,0,1,487.17
1032,2023-05-07,22,3,2,0,Deluxe,Direct,UAE,196.66,0,1,0,0,589.98
1033,2024-06-17,7,6,3,2,Executive,Direct,UK,361.92,1,1,0,0,0.0
1034,2023-08-18,21,2,1,2,Suite,OTA,Germany,369.49,0,0,3,0,738.98
1035,2023-02-18,45,2,1,0,Standard,OTA,Australia,82.64,0,1,0,1,165.28
1036,2024-06-26,25,3,2,0,Suite,OTA,India,282.59,0,3,1,0,847.77
1037,2024-10-21,34,3,2,1,Executive,OTA,UK,257.39,0,0,0,1,772.17
1038,2023-01-11,27,3,2,0,Executive,Travel Agent,UK,264.95,0,1,1,1,794.85
1039,2023-11-15,19,1,2,1,Executive,Travel Agent,India,448.95,0,1,1,0,448.95
1040,2024-08-26,39,3,2,0,Deluxe,OTA,UK,159.65,0,2,1,1,478.95
1041,2024-05-30,7,3,1,1,Suite,OTA,UK,206.0,1,2,2,0,0.0
1042,2024-09-17,17,5,2,0,Deluxe,Direct,India,77.35,0,1,0,1,386.75
1043,2023-10-31,56,5,1,0,Standard,Corporate,India,75.48,0,2,1,0,377.4
1044,2023-09-29,9,1,3,1,Suite,Direct,UAE,261.31,0,0,2,0,261.31
1045,2024-06-01,33,7,2,0,Standard,Travel Agent,India,96.13,0,1,1,0,672.91
1046,2023-04-23,24,1,1,0,Standard,OTA,USA,93.46,0,0,3,0,93.46
1047,2023-06-24,22,2,2,0,Standard,Direct,India,101.99,0,0,1,1,203.98
1048,2024-03-14,60,4,2,1,Standard,Direct,Germany,68.46,0,1,4,0,273.84
1049,2024-05-02,68,4,4,0,Suite,Corporate,UK,216.24,0,1,0,1,864.96
1050,2023-03-29,13,4,2,0,Deluxe,OTA,India,96.15,1,1,1,1,0.0
1051,2024-01-07,29,4,2,0,Deluxe,OTA,Australia,213.97,0,1,0,1,855.88
1052,2023-09-24,5,2,2,0,Deluxe,Corporate,India,151.26,0,1,0,0,302.52
1053,2024-01-02,58,8,2,0,Deluxe,OTA,Australia,188.24,0,0,0,0,1505.92
1054,2024-11-30,32,2,2,0,Standard,Travel Agent,Singapore,141.02,0,0,0,1,282.04
1055,2023-02-25,8,5,2,0,Deluxe,Corporate,UK,144.97,0,0,0,0,724.85
1056,2024-12-27,17,4,3,0,Standard,Travel Agent,Germany,84.14,0,2,0,0,336.56
1057,2023-11-25,12,3,2,0,Executive,Direct,Germany,451.4,1,2,2,0,0.0
1058,2024-07-17,17,3,4,0,Standard,Corporate,USA,82.81,0,0,1,0,248.43
1059,2023-11-06,5,1,2,1,Executive,OTA,India,474.63,0,1,1,1,474.63
1060,2023-08-16,79,4,1,0,Standard,OTA,India,91.73,0,1,1,1,366.92
1061,2024-07-16,14,4,1,0,Standard,Travel Agent,India,105.69,0,0,1,1,422.76
1062,2024-05-16,33,7,3,1,Executive,Direct,USA,352.6,0,2,1,0,2468.2
1063,2023-04-16,44,5,2,1,Deluxe,Direct,India,136.09,0,1,1,1,680.45
1064,2024-05-29,68,1,2,0,Standard,OTA,USA,80.72,0,0,0,0,80.72
1065,2024-07-03,34,3,3,0,Deluxe,OTA,India,156.73,0,0,0,0,470.19
1066,2023-10-11,27,3,1,0,Standard,OTA,Australia,101.18,0,1,0,0,303.54
1067,2024-11-06,35,4,1,0,Standard,OTA,India,124.41,1,1,2,1,0.0
1068,2024-04-12,13,4,1,1,Standard,Corporate,UAE,80.25,0,1,1,0,321.0
1069,2023-09-01,14,3,2,0,Standard,Direct,India,85.26,0,0,2,1,255.78
1070,2023-01-08,26,3,2,0,Standard,OTA,USA,117.29,0,1,1,0,351.87
1071,2024-05-07,3,3,1,0,Standard,OTA,India,72.2,0,1,1,0,216.6
1072,2023-06-02,19,2,1,0,Suite,Corporate,USA,292.07,0,1,0,1,584.14
1073,2024-07-06,23,4,2,0,Standard,Direct,India,103.38,0,0,0,0,413.52
1074,2024-01-19,106,2,1,0,Standard,OTA,USA,124.74,0,0,0,0,249.48
1075,2023-12-07,74,4,2,0,Standard,Corporate,USA,106.51,0,0,1,0,426.04
1076,2023-04-30,44,4,2,0,Executive,OTA,Germany,392.76,0,0,0,0,1571.04
1077,2024-06-03,59,1,1,0,Standard,Direct,India,87.22,0,1,0,1,87.22
1078,2023-05-02,14,4,1,0,Standard,Corporate,India,63.98,0,1,0,0,255.92
1079,2023-11-01,36,2,2,0,Executive,Direct,Singapore,381.03,0,0,2,0,762.06
1080,2024-09-02,54,2,2,0,Deluxe,OTA,USA,120.43,0,1,1,0,240.86
1081,2024-11-02,14,3,2,0,Standard,Direct,UAE,146.16,0,2,1,0,438.48
1082,2024-12-23,9,2,2,0,Deluxe,OTA,India,193.3,0,0,0,1,386.6
1083,2024-11-30,41,6,4,0,Standard,OTA,UK,143.54,0,1,0,0,861.24
1084,2024-02-10,10,4,2,0,Standard,Travel Agent,USA,102.63,0,2,2,0,410.52
1085,2023-05-27,47,6,2,0,Deluxe,OTA,Germany,114.12,0,1,0,0,684.72
1086,2024-09-04,67,5,3,2,Executive,OTA,USA,269.31,0,1,1,0,1346.55
1087,2024-08-08,15,3,2,0,Executive,Corporate,UAE,295.26,1,0,0,0,0.0
1088,2024-12-23,16,6,2,0,Deluxe,Travel Agent,India,208.5,0,2,1,1,1251.0
1089,2024-04-20,66,4,2,0,Standard,OTA,India,101.27,1,1,1,1,0.0
1090,2023-04-14,34,2,2,0,Deluxe,OTA,India,156.65,0,0,0,0,313.3
1091,2024-01-03,60,6,3,0,Executive,OTA,UK,377.36,1,0,2,1,0.0
1092,2023-11-24,27,3,1,0,Deluxe,OTA,USA,190.79,1,0,2,0,0.0
1093,2024-09-07,29,4,2,0,Standard,Corporate,UAE,82.5,0,3,1,0,330.0
1094,2023-10-14,33,4,1,0,Executive,Direct,Germany,371.9,0,3,0,0,1487.6
1095,2023-08-28,92,4,2,0,Executive,OTA,India,364.48,1,1,0,0,0.0
1096,2023-02-28,57,7,2,0,Standard,Travel Agent,Germany,86.66,0,1,3,0,606.62
1097,2024-09-01,19,4,2,0,Deluxe,Corporate,Australia,157.01,0,2,1,1,628.04
1098,2024-07-05,37,5,3,1,Suite,Direct,UAE,333.68,0,1,0,0,1668.4
1099,2023-01-31,26,3,1,2,Standard,Direct,UAE,114.69,0,2,2,0,344.07
1100,2023-11-13,22,2,1,0,Executive,Travel Agent,Singapore,458.56,0,2,1,1,917.12
1101,2023-12-17,46,5,2,0,Standard,Corporate,Australia,135.23,0,1,0,0,676.15
1102,2023-12-09,40,8,2,0,Standard,Travel Agent,India,116.54,0,0,0,0,932.32
1103,2024-11-01,15,2,1,0,Executive,OTA,UK,493.09,0,1,2,0,986.18
1104,2023-04-20,33,3,2,0,Executive,Direct,USA,311.13,1,3,0,1,0.0
1105,2023-08-12,22,2,1,0,Standard,Corporate,India,107.88,0,1,2,0,215.76
1106,2023-05-13,44,3,2,0,Suite,Travel Agent,India,252.48,0,0,1,0,757.44
1107,2023-06-28,21,6,2,0,Deluxe,OTA,USA,174.85,0,1,1,1,1049.1
1108,2024-10-24,29,3,2,0,Suite,Corporate,USA,234.28,1,0,0,0,0.0
1109,2024-11-17,23,7,2,0,Deluxe,Corporate,UK,224.36,0,0,1,0,1570.52
1110,2023-02-02,6,1,2,0,Executive,Direct,Germany,301.45,0,0,0,0,301.45
1111,2024-04-06,89,3,4,0,Deluxe,Direct,Germany,170.13,1,0,0,0,0.0
1112,2023-06-19,33,3,2,0,Suite,Direct,India,288.5,0,0,0,0,865.5
1113,2023-05-21,91,2,2,0,Standard,Corporate,India,83.1,0,2,0,0,166.2
1114,2023-08-02,34,1,2,0,Standard,OTA,UK,91.88,0,2,1,1,91.88
1115,2023-05-22,52,4,2,1,Standard,OTA,India,71.84,0,0,0,0,287.36
1116,2023-12-24,20,4,1,0,Standard,OTA,Singapore,108.11,0,0,1,1,432.44
1117,2024-12-27,20,4,2,1,Executive,OTA,UK,615.52,0,0,0,0,2462.08
1118,2024-03-04,32,2,2,0,Deluxe,OTA,India,156.02,0,1,0,1,312.04
1119,2024-06-11,91,1,2,0,Deluxe,Corporate,India,177.63,1,0,1,0,0.0
1120,2023-12-27,15,1,2,2,Standard,OTA,UAE,113.82,0,1,1,0,113.82
1121,2023-01-11,5,3,2,0,Deluxe,Travel Agent,India,164.08,1,1,1,0,0.0
1122,2023-03-03,65,1,3,0,Standard,Direct,India,79.77,0,0,2,0,79.77
1123,2023-07-16,54,1,3,2,Suite,OTA,India,295.96,0,0,0,1,295.96
1124,2023-06-27,24,4,2,0,Standard,Direct,UAE,87.7,1,0,1,0,0.0
1125,2024-09-05,113,4,2,0,Standard,OTA,UK,86.85,1,0,0,0,0.0
1126,2024-09-07,117,4,2,0,Standard,OTA,India,93.68,0,0,0,0,374.72
1127,2024-09-15,6,2,2,1,Standard,Direct,UK,101.45,0,1,1,0,202.9
1128,2024-04-10,19,3,2,2,Deluxe,OTA,UK,133.78,0,2,1,0,401.34
1129,2024-02-11,32,2,1,0,Deluxe,Direct,Germany,119.17,0,0,0,1,238.34
1130,2024-04-18,43,3,3,0,Standard,Corporate,India,78.35,0,0,1,1,235.05
1131,2023-10-24,39,8,2,0,Suite,Direct,India,230.23,0,0,1,1,1841.84
1132,2024-05-04,33,3,1,0,Executive,Travel Agent,Germany,356.38,0,3,2,1,1069.14
1133,2024-08-02,13,2,2,0,Deluxe,Corporate,USA,167.46,0,0,3,1,334.92
1134,2024-07-10,47,4,3,0,Deluxe,Corporate,Australia,146.83,0,1,3,0,587.32
1135,2024-03-24,49,2,2,0,Standard,OTA,UAE,84.66,0,0,1,0,169.32
1136,2023-02-12,62,3,2,2,Deluxe,OTA,India,119.54,0,0,0,0,358.62
1137,2024-06-13,12,5,2,0,Standard,OTA,USA,95.67,0,0,1,0,478.35
1138,2023-09-25,28,2,2,0,Standard,Travel Agent,India,87.48,0,0,0,1,174.96
1139,2024-06-26,23,5,2,0,Standard,Corporate,UAE,90.52,0,1,2,1,452.6
1140,2024-01-29,12,3,4,1,Deluxe,OTA,India,149.34,0,1,1,0,448.02
1141,2024-10-05,28,7,2,0,Standard,Travel Agent,Australia,102.98,0,0,1,1,720.86
1142,2023-09-05,14,5,2,2,Deluxe,Corporate,UAE,151.26,0,0,1,1,756.3
1143,2024-11-10,10,4,1,0,Suite,Direct,UK,323.5,1,0,2,1,0.0
1144,2024-09-08,55,4,2,0,Standard,OTA,UK,81.65,0,1,3,0,326.6
1145,2023-08-30,23,2,3,0,Standard,Direct,Singapore,94.33,0,0,1,0,188.66
1146,2023-12-19,18,6,1,0,Standard,OTA,Australia,111.64,1,1,2,0,0.0
1147,2024-01-23,72,2,4,0,Deluxe,Travel Agent,Australia,166.03,0,0,2,0,332.06
1148,2024-07-15,50,5,1,0,Standard,OTA,Germany,77.91,0,0,0,1,389.55
1149,2024-05-18,4,6,3,0,Deluxe,Direct,India,166.73,0,0,1,1,1000.38
1150,2024-09-13,44,4,2,0,Standard,Travel Agent,India,94.67,0,0,1,1,378.68
1151,2023-09-28,44,4,3,0,Deluxe,Direct,India,154.16,0,2,1,0,616.64
1152,2024-01-04,27,4,2,0,Deluxe,OTA,Singapore,176.39,0,2,0,0,705.56
1153,2023-11-11,26,3,2,0,Deluxe,Direct,Singapore,237.48,0,1,2,1,712.44
1154,2024-10-25,7,4,1,0,Executive,Corporate,India,335.63,0,1,1,0,1342.52
1155,2023-08-11,113,2,2,2,Standard,OTA,India,102.39,0,0,0,0,204.78
1156,2024-03-04,28,7,2,0,Deluxe,Travel Agent,UK,122.2,0,1,1,0,855.4
1157,2023-03-29,42,4,1,0,Standard,OTA,UK,97.51,0,2,2,1,390.04
1158,2024-09-12,29,4,2,2,Executive,OTA,UK,293.25,0,2,1,1,1173.0
1159,2023-10-08,19,4,2,1,Standard,Direct,Australia,109.46,0,2,3,1,437.84
1160,2023-09-06,58,4,2,0,Deluxe,OTA,UK,122.8,0,0,0,0,491.2
1161,2024-03-01,37,5,2,1,Standard,Corporate,UK,76.71,0,1,2,0,383.55
1162,2023-12-31,28,5,1,1,Executive,OTA,UK,504.81,0,0,2,0,2524.05
1163,2024-09-11,42,3,2,0,Deluxe,Direct,USA,119.99,1,1,2,0,0.0
1164,2024-01-23,31,5,3,0,Deluxe,OTA,UK,181.9,0,0,2,1,909.5
1165,2024-01-13,95,2,1,0,Deluxe,OTA,UAE,206.69,1,1,0,0,0.0
1166,2023-03-18,56,2,2,2,Deluxe,OTA,Australia,152.84,0,1,2,1,305.68
1167,2023-01-17,47,2,1,0,Standard,Travel Agent,Singapore,129.37,0,0,1,1,258.74
1168,2023-10-18,8,3,2,1,Standard,OTA,UK,82.42,0,2,1,0,247.26
1169,2024-12-29,48,4,2,0,Standard,Corporate,India,125.98,0,1,1,0,503.92
1170,2024-10-31,47,3,3,0,Standard,OTA,Australia,76.59,0,0,0,0,229.77
1171,2024-04-04,14,5,2,2,Deluxe,OTA,UAE,138.39,0,2,1,0,691.95
1172,2024-04-05,8,2,1,0,Executive,OTA,India,363.46,0,0,0,0,726.92
1173,2023-10-13,55,2,1,0,Deluxe,Corporate,UK,142.3,0,0,1,0,284.6
1174,2023-05-10,59,3,2,1,Standard,OTA,USA,89.04,1,0,1,0,0.0
1175,2023-01-07,20,4,2,0,Deluxe,Direct,Germany,196.87,0,1,0,0,787.48
1176,2023-09-05,19,3,3,0,Standard,Travel Agent,India,85.57,0,0,1,0,256.71
1177,2023-08-20,36,4,1,2,Deluxe,OTA,USA,150.85,0,0,3,1,603.4
1178,2023-05-20,23,4,2,0,Deluxe,Direct,Germany,165.89,0,1,0,0,663.56
1179,2023-07-09,8,7,2,0,Deluxe,Travel Agent,India,163.94,0,1,0,0,1147.58
1180,2023-01-19,14,5,3,0,Executive,Direct,UK,437.83,0,0,0,0,2189.15
1181,2024-03-19,41,3,3,0,Standard,Travel Agent,USA,92.3,0,0,1,0,276.9
1182,2024-11-08,15,5,3,0,Suite,OTA,India,358.36,0,1,1,0,1791.8
1183,2024-05-19,61,7,2,0,Suite,Travel Agent,India,287.99,0,1,2,0,2015.93
1184,2023-11-24,46,3,2,0,Standard,Travel Agent,India,108.13,0,0,0,0,324.39
1185,2023-11-03,42,4,1,0,Suite,Direct,UK,338.16,1,0,3,0,0.0
1186,2023-08-13,36,1,1,0,Standard,Travel Agent,UK,101.82,0,0,0,0,101.82
1187,2023-04-14,18,3,2,0,Deluxe,OTA,Singapore,137.65,0,0,2,1,412.95
1188,2024-03-12,51,3,4,0,Standard,Corporate,India,64.85,0,0,1,0,194.55
1189,2024-02-18,18,4,2,0,Standard,Direct,India,92.89,0,0,0,0,371.56
1190,2023-01-06,64,4,2,0,Deluxe,Travel Agent,USA,224.61,0,0,2,0,898.44
1191,2023-10-31,86,7,1,0,Standard,Corporate,India,92.16,1,0,2,0,0.0
1192,2023-07-22,37,1,2,1,Standard,Travel Agent,India,96.4,1,0,0,0,0.0
1193,2023-05-05,78,2,1,0,Deluxe,Corporate,UK,140.89,1,1,2,0,0.0
1194,2024-05-28,14,4,1,1,Deluxe,OTA,USA,118.44,0,1,0,0,473.76
1195,2024-01-19,47,5,1,1,Standard,Travel Agent,India,112.14,0,2,0,0,560.7
1196,2024-04-07,32,2,3,0,Suite,OTA,Germany,243.99,1,0,0,0,0.0
1197,2024-06-04,55,3,2,0,Executive,OTA,India,360.85,0,1,0,0,1082.55
1198,2024-12-17,4,2,4,1,Standard,OTA,India,104.24,0,1,1,0,208.48
1199,2024-08-09,53,3,2,0,Executive,OTA,India,344.82,0,1,0,1,1034.46
1200,2024-03-28,19,1,2,0,Executive,Corporate,Singapore,334.89,0,0,1,1,334.89
1201,2024-10-03,34,2,3,0,Deluxe,Travel Agent,India,132.78,0,3,0,1,265.56
1202,2023-12-15,111,2,3,0,Executive,Corporate,India,487.75,0,0,1,1,975.5
1203,2024-12-19,48,7,1,1,Suite,OTA,India,313.08,1,0,1,1,0.0
1204,2024-07-09,44,4,1,0,Suite,Travel Agent,UK,283.53,0,0,1,0,1134.12
1205,2024-04-20,41,3,1,0,Standard,OTA,India,93.69,0,0,1,0,281.07
1206,2024-10-21,68,2,2,0,Suite,OTA,India,198.0,0,0,2,0,396.0
1207,2024-01-12,57,2,1,1,Standard,OTA,UK,146.78,0,0,1,1,293.56
1208,2024-06-10,41,2,2,0,Deluxe,OTA,UAE,167.95,0,1,0,0,335.9
1209,2023-07-27,38,2,2,0,Standard,Direct,UK,85.66,0,0,0,1,171.32
1210,2024-12-04,36,2,4,0,Suite,Travel Agent,USA,265.51,0,0,1,1,531.02
1211,2024-03-31,31,2,3,0,Suite,OTA,Singapore,313.41,0,1,0,1,626.82
1212,2024-07-24,12,4,2,0,Deluxe,Corporate,India,152.96,0,1,4,0,611.84
1213,2023-12-03,47,4,2,0,Standard,Corporate,USA,114.1,1,0,1,1,0.0
1214,2024-09-24,21,6,1,0,Standard,OTA,India,74.91,0,1,3,0,449.46
1215,2023-02-24,28,5,1,0,Standard,OTA,USA,96.98,1,2,2,0,0.0
1216,2023-03-25,59,3,2,0,Executive,OTA,USA,325.31,1,0,2,0,0.0
1217,2024-01-06,32,3,3,0,Deluxe,Travel Agent,Germany,205.05,0,2,0,0,615.15
1218,2024-06-18,30,4,1,0,Suite,OTA,USA,337.16,0,0,3,0,1348.64
1219,2024-08-13,37,4,2,0,Suite,OTA,India,214.23,1,1,1,0,0.0
1220,2023-11-18,26,1,2,0,Deluxe,Corporate,Singapore,191.99,0,0,0,0,191.99
1221,2024-04-19,110,1,2,0,Standard,Direct,India,92.68,1,1,0,0,0.0
1222,2024-02-08,100,7,3,2,Standard,OTA,India,63.07,0,2,0,1,441.49
1223,2024-12-02,99,4,4,0,Standard,Corporate,Australia,114.7,0,0,2,0,458.8
1224,2024-04-22,41,4,1,2,Suite,OTA,UK,243.64,0,1,0,0,974.56
1225,2023-11-01,20,3,2,0,Suite,Corporate,Australia,247.52,0,0,0,1,742.56
1226,2024-12-08,60,1,1,1,Standard,OTA,India,122.99,0,1,1,0,122.99
1227,2023-03-20,26,4,2,0,Deluxe,OTA,India,132.86,1,0,0,0,0.0
1228,2024-12-19,64,1,3,0,Deluxe,Corporate,USA,187.6,0,1,0,1,187.6
1229,2023-04-23,19,3,1,0,Deluxe,Direct,India,197.38,0,0,1,1,592.14
1230,2023-07-30,43,5,4,0,Deluxe,OTA,UAE,163.44,1,2,0,0,0.0
1231,2024-08-22,70,2,4,1,Standard,Direct,India,102.19,0,0,3,0,204.38
1232,2024-06-19,27,5,2,0,Deluxe,Corporate,India,153.61,0,0,0,0,768.05
1233,2024-12-09,27,4,2,0,Suite,Direct,USA,286.37,0,2,0,0,1145.48
1234,2024-07-01,9,1,2,0,Standard,Direct,India,96.19,0,1,0,1,96.19
1235,2024-04-10,20,2,2,0,Deluxe,OTA,India,136.41,0,2,3,0,272.82
1236,2023-09-10,41,4,1,0,Standard,OTA,India,92.11,0,0,1,1,368.44
1237,2023-01-04,45,4,1,0,Suite,OTA,India,306.81,1,2,1,0,0.0
1238,2023-04-01,50,3,1,0,Executive,OTA,USA,341.67,0,1,0,0,1025.01
1239,2023-08-06,6,3,2,0,Deluxe,OTA,UK,159.23,0,0,2,0,477.69
1240,2023-01-30,26,3,1,0,Standard,OTA,USA,118.7,0,1,0,0,356.1
1241,2024-01-06,10,6,2,1,Executive,OTA,UK,523.13,0,1,1,1,3138.78
1242,2024-07-21,39,3,2,2,Standard,OTA,India,123.4,1,1,1,1,0.0
1243,2024-12-04,7,1,1,0,Deluxe,OTA,India,189.7,0,0,1,0,189.7
1244,2023-12-24,13,4,2,2,Standard,Corporate,Singapore,112.64,0,0,1,0,450.56
1245,2024-09-30,56,1,1,1,Standard,OTA,India,70.85,1,0,0,0,0.0
1246,2024-12-20,22,5,1,0,Suite,Travel Agent,Germany,379.09,0,1,4,0,1895.45
1247,2024-09-19,79,3,1,0,Standard,OTA,India,68.44,0,2,2,0,205.32
1248,2023-12-06,51,3,1,2,Suite,Corporate,UAE,272.57,0,2,1,0,817.71
1249,2023-08-26,27,5,2,0,Suite,Travel Agent,UK,381.79,0,0,1,0,1908.95
1250,2024-12-14,62,4,1,0,Deluxe,OTA,USA,214.13,0,0,2,1,856.52
1251,2023-06-26,29,4,2,0,Standard,OTA,India,97.84,0,3,1,1,391.36
1252,2023-10-28,54,1,2,0,Standard,Direct,Australia,71.55,1,1,0,1,0.0
1253,2023-02-24,19,4,2,0,Executive,Corporate,UAE,317.21,0,0,0,0,1268.84
1254,2024-08-02,64,6,2,0,Standard,Direct,UK,121.48,0,0,1,0,728.88
1255,2024-04-19,8,4,4,0,Standard,OTA,Australia,75.62,0,0,1,0,302.48
1256,2023-03-03,13,2,2,0,Deluxe,OTA,India,156.72,0,2,0,0,313.44
1257,2023-06-12,15,4,2,0,Deluxe,OTA,UAE,130.13,0,0,1,0,520.52
1258,2024-02-10,21,2,2,1,Deluxe,OTA,Singapore,138.31,1,0,0,1,0.0
1259,2024-01-30,42,4,1,0,Standard,OTA,Singapore,87.61,0,1,1,0,350.44
1260,2024-08-08,33,2,2,0,Standard,Direct,India,97.1,0,1,0,0,194.2
1261,2023-07-14,54,4,2,0,Standard,Direct,Germany,87.87,0,0,0,0,351.48
1262,2024-11-06,71,6,4,2,Deluxe,OTA,India,173.74,0,1,1,0,1042.44
1263,2023-11-21,7,3,4,0,Executive,Travel Agent,UAE,436.04,0,1,1,0,1308.12
1264,2024-08-23,76,2,1,0,Suite,OTA,UK,310.88,0,0,1,0,621.76
1265,2023-06-24,28,3,4,0,Deluxe,Corporate,USA,189.41,0,0,1,1,568.23
1266,2023-01-27,98,2,2,0,Deluxe,Direct,India,207.29,0,0,0,0,414.58
1267,2023-02-10,18,2,2,1,Deluxe,OTA,India,147.87,0,2,0,0,295.74
1268,2023-09-30,5,4,3,0,Deluxe,OTA,India,148.27,0,2,0,0,593.08
1269,2024-11-26,51,2,2,0,Suite,Direct,India,307.44,0,3,0,0,614.88
1270,2023-02-05,49,5,2,0,Deluxe,Corporate,India,129.91,0,1,1,1,649.55
1271,2023-09-27,13,4,3,0,Standard,Direct,USA,76.2,0,0,1,0,304.8
1272,2023-03-21,14,4,1,0,Deluxe,OTA,USA,161.73,0,0,3,1,646.92
1273,2024-11-11,57,3,2,0,Standard,Direct,UK,114.28,0,0,0,1,342.84
1274,2024-05-07,43,4,3,0,Deluxe,OTA,UAE,149.49,0,0,1,1,597.96
1275,2024-07-10,26,3,3,0,Suite,Travel Agent,India,274.78,1,0,0,0,0.0
1276,2024-06-04,46,2,1,0,Deluxe,Travel Agent,Australia,142.3,0,0,0,1,284.6
1277,2024-04-24,40,4,2,0,Standard,Travel Agent,India,77.08,0,0,1,0,308.32
1278,2024-07-18,16,3,1,1,Deluxe,Direct,India,123.38,0,1,2,0,370.14
1279,2023-01-06,60,5,3,0,Standard,Direct,India,144.68,0,2,1,0,723.4
1280,2024-09-23,52,1,2,0,Deluxe,Travel Agent,Germany,143.97,0,0,1,0,143.97
1281,2024-06-24,34,5,2,0,Standard,Direct,USA,86.36,1,0,1,0,0.0
1282,2024-06-23,57,6,3,2,Deluxe,OTA,India,195.85,0,1,0,1,1175.1
1283,2023-10-15,105,6,2,0,Suite,Travel Agent,Singapore,273.48,1,1,1,1,0.0
1284,2024-08-07,14,6,2,0,Standard,OTA,UK,96.89,0,0,0,0,581.34
1285,2023-10-06,27,7,2,1,Deluxe,OTA,UK,158.04,0,0,0,0,1106.28
1286,2023-02-05,28,3,2,0,Deluxe,Corporate,India,159.73,0,1,1,0,479.19
1287,2024-10-24,56,5,2,2,Suite,Corporate,India,230.15,0,0,1,0,1150.75
1288,2023-06-21,20,7,3,0,Executive,Direct,India,366.53,0,0,0,1,2565.71
1289,2023-03-16,54,6,1,0,Deluxe,Corporate,India,131.34,0,1,2,0,788.04
1290,2024-03-29,22,2,2,0,Standard,OTA,Australia,85.74,0,1,0,0,171.48
1291,2023-06-20,13,4,2,0,Deluxe,Travel Agent,India,173.0,0,0,1,0,692.0
1292,2024-09-18,35,2,1,1,Deluxe,OTA,India,160.91,0,0,3,0,321.82
1293,2023-11-20,22,1,2,0,Suite,Corporate,India,257.09,0,0,0,0,257.09
1294,2023-01-04,37,3,2,0,Suite,Travel Agent,UK,298.23,1,0,0,1,0.0
1295,2024-11-25,44,3,1,0,Deluxe,OTA,India,161.74,0,1,1,1,485.22
1296,2024-01-11,8,2,2,0,Standard,OTA,India,115.13,1,0,2,0,0.0
1297,2023-07-11,24,7,2,0,Deluxe,Direct,India,163.98,0,0,0,0,1147.86
1298,2024-05-09,35,1,2,0,Executive,OTA,Germany,304.85,1,1,0,1,0.0
1299,2024-01-23,57,3,1,0,Standard,OTA,UAE,100.34,0,0,2,0,301.02
1300,2023-01-22,53,5,1,1,Deluxe,OTA,UK,190.37,1,0,1,0,0.0
1301,2024-07-08,17,3,1,0,Deluxe,OTA,UAE,141.76,1,0,2,0,0.0
1302,2023-10-20,29,1,2,0,Standard,OTA,Germany,72.99,1,0,2,0,0.0
1303,2024-05-25,46,4,2,0,Suite,Direct,India,290.32,0,0,2,0,1161.28
1304,2024-10-15,28,2,2,1,Standard,OTA,Germany,86.42,0,0,0,1,172.84
1305,2024-03-21,18,2,1,0,Executive,Direct,India,346.45,0,1,1,1,692.9
1306,2024-05-05,32,2,2,0,Deluxe,OTA,Singapore,143.24,0,1,3,0,286.48
1307,2023-07-05,43,4,2,2,Standard,OTA,UK,101.65,0,1,2,1,406.6
1308,2023-06-23,16,7,2,0,Suite,Direct,UAE,272.72,0,0,0,0,1909.04
1309,2023-10-30,49,2,2,0,Suite,Direct,USA,204.96,0,3,3,0,409.92
1310,2024-09-14,36,4,2,0,Standard,OTA,USA,114.63,0,0,4,0,458.52
1311,2024-01-18,50,5,2,2,Standard,OTA,UAE,103.16,1,0,4,0,0.0
1312,2023-09-12,32,2,2,1,Deluxe,Corporate,India,144.78,0,0,0,0,289.56
1313,2024-07-23,95,3,2,0,Deluxe,Corporate,UK,160.7,0,1,2,0,482.1
1314,2024-09-14,42,5,1,0,Standard,OTA,India,76.6,0,2,1,0,383.0
1315,2024-10-20,54,4,1,0,Deluxe,OTA,Germany,147.09,0,0,1,0,588.36
1316,2023-08-07,49,2,3,0,Deluxe,OTA,India,163.07,1,0,2,0,0.0
1317,2024-06-02,29,6,2,0,Suite,OTA,UK,329.46,0,3,1,0,1976.76
1318,2024-03-06,40,3,2,1,Suite,Corporate,Australia,172.82,0,0,3,1,518.46
1319,2023-11-24,21,6,2,0,Standard,OTA,UAE,109.81,0,3,0,1,658.86
1320,2023-10-17,91,2,1,0,Deluxe,OTA,USA,134.84,0,0,1,0,269.68
1321,2023-03-25,45,4,2,2,Deluxe,Corporate,USA,132.62,0,0,1,1,530.48
1322,2023-07-20,17,3,2,0,Deluxe,OTA,USA,178.82,0,0,0,1,536.46
1323,2024-02-06,78,5,1,0,Standard,OTA,India,79.4,0,1,1,1,397.0
1324,2024-10-09,30,4,3,0,Deluxe,Corporate,Germany,137.59,0,1,0,0,550.36
1325,2024-09-24,59,5,1,2,Suite,OTA,Singapore,254.21,0,0,2,0,1271.05
1326,2023-05-17,7,3,2,0,Standard,Corporate,UAE,68.34,0,0,0,1,205.02
1327,2024-05-10,69,3,2,0,Standard,Direct,Australia,97.11,0,0,2,0,291.33
1328,2023-03-03,44,3,3,0,Deluxe,OTA,Australia,151.92,0,0,1,0,455.76
1329,2024-05-07,16,4,3,2,Executive,Direct,India,305.95,0,1,1,0,1223.8
1330,2023-09-07,44,4,2,0,Deluxe,OTA,India,126.51,1,1,1,0,0.0
1331,2023-11-25,85,1,2,0,Standard,Direct,USA,126.57,1,1,1,0,0.0
1332,2024-06-07,21,3,4,1,Suite,OTA,India,197.01,0,0,3,0,591.03
1333,2023-11-07,21,5,2,0,Deluxe,OTA,India,201.7,0,1,0,0,1008.5
1334,2024-08-12,29,1,1,0,Deluxe,OTA,India,130.99,1,0,0,0,0.0
1335,2024-01-25,35,4,2,0,Standard,Corporate,USA,131.0,0,0,0,0,524.0
1336,2024-12-30,62,3,2,0,Standard,Corporate,USA,95.7,0,1,1,0,287.1
1337,2024-04-10,46,4,2,1,Deluxe,Travel Agent,India,114.51,1,1,2,0,0.0
1338,2023-08-05,29,3,3,1,Suite,Travel Agent,India,318.36,0,0,1,0,955.08
1339,2024-07-19,41,2,4,0,Suite,Direct,UAE,313.49,0,1,1,0,626.98
1340,2023-10-25,94,4,1,0,Executive,OTA,USA,316.23,0,1,0,0,1264.92
1341,2024-01-25,51,4,2,0,Deluxe,Direct,Germany,183.12,0,2,0,1,732.48
1342,2023-04-10,31,3,2,0,Deluxe,OTA,India,127.81,0,1,0,0,383.43
1343,2023-03-29,28,3,3,0,Deluxe,Direct,UK,124.27,0,0,1,0,372.81
1344,2024-02-24,39,2,3,2,Standard,OTA,India,98.43,0,2,1,0,196.86
1345,2023-05-17,61,6,3,0,Standard,OTA,Singapore,73.36,0,0,0,1,440.16
1346,2024-12-29,19,1,1,0,Suite,Direct,Australia,346.44,1,0,1,1,0.0
1347,2024-09-16,56,1,1,0,Standard,Direct,India,63.73,0,0,1,0,63.73
1348,2024-05-26,31,5,2,1,Executive,Travel Agent,India,355.52,0,2,2,1,1777.6
1349,2024-06-20,34,1,1,0,Suite,Direct,India,267.12,0,3,1,0,267.12
1350,2024-03-10,142,3,1,1,Standard,OTA,India,91.55,1,0,1,1,0.0
1351,2023-02-14,52,2,2,0,Standard,Travel Agent,UK,96.38,0,1,1,0,192.76
1352,2023-10-14,23,4,2,0,Deluxe,OTA,India,176.32,0,2,1,0,705.28
1353,2023-12-28,44,1,2,0,Deluxe,Direct,India,194.76,0,0,1,1,194.76
1354,2024-10-30,63,4,2,1,Deluxe,Travel Agent,USA,143.92,0,0,1,0,575.68
1355,2023-06-10,53,5,1,0,Standard,Travel Agent,Germany,111.8,0,0,0,0,559.0
1356,2023-12-29,4,5,2,0,Suite,OTA,India,354.15,0,0,0,1,1770.75
1357,2023-09-09,33,2,2,1,Deluxe,OTA,India,157.26,0,2,0,0,314.52
1358,2023-04-09,45,3,2,0,Deluxe,Travel Agent,India,160.31,1,1,4,0,0.0
1359,2023-03-17,43,2,2,0,Executive,OTA,India,347.96,0,0,0,0,695.92
1360,2023-09-24,24,6,2,0,Suite,OTA,India,269.46,0,0,0,0,1616.76
1361,2023-03-02,53,3,1,0,Deluxe,OTA,Germany,131.01,0,1,1,1,393.03
1362,2023-02-19,69,4,3,1,Suite,Direct,Singapore,265.8,0,3,1,0,1063.2
1363,2023-09-14,8,4,2,0,Executive,OTA,India,333.03,0,0,0,0,1332.12
1364,2023-05-28,7,2,2,0,Suite,Corporate,India,233.08,0,0,0,0,466.16
1365,2024-02-10,44,7,3,0,Suite,OTA,India,257.02,0,0,2,0,1799.14
1366,2023-01-13,56,2,2,2,Standard,Direct,India,125.33,0,2,0,0,250.66
1367,2023-08-09,21,2,2,0,Suite,OTA,Germany,231.74,0,0,1,0,463.48
1368,2023-11-27,4,5,2,0,Suite,Corporate,USA,346.58,0,0,1,0,1732.9
1369,2024-12-04,33,1,2,1,Deluxe,Direct,India,158.11,0,0,1,0,158.11
1370,2024-04-08,43,1,3,1,Deluxe,OTA,India,152.35,1,0,2,0,0.0
1371,2024-10-04,27,3,4,0,Deluxe,Direct,India,125.42,0,0,3,1,376.26
1372,2023-09-08,64,1,2,0,Deluxe,Travel Agent,India,122.65,1,0,0,1,0.0
1373,2023-11-25,42,3,2,1,Standard,OTA,UK,119.19,0,0,0,1,357.57
1374,2023-11-03,20,4,2,0,Deluxe,OTA,UK,211.46,1,0,0,0,0.0
1375,2024-10-09,21,7,2,2,Standard,OTA,India,83.77,1,0,0,1,0.0
1376,2024-12-01,34,3,1,0,Deluxe,OTA,India,233.14,0,0,0,0,699.42
1377,2024-12-03,26,3,2,0,Executive,Corporate,Germany,367.58,0,0,1,0,1102.74
1378,2024-07-02,7,5,2,0,Standard,Corporate,USA,106.67,0,0,2,0,533.35
1379,2024-01-03,39,3,2,0,Executive,OTA,India,324.4,0,1,0,1,973.2
1380,2024-01-30,22,7,2,0,Deluxe,OTA,UK,155.14,0,0,2,1,1085.98
1381,2024-12-16,25,4,4,0,Executive,OTA,Germany,392.21,0,0,0,0,1568.84
1382,2023-07-27,14,4,3,1,Standard,OTA,India,83.32,1,0,1,0,0.0
1383,2023-09-11,87,3,3,0,Standard,OTA,UAE,85.25,0,2,0,0,255.75
1384,2024-10-16,50,4,3,0,Deluxe,Direct,Germany,119.84,0,0,0,1,479.36
1385,2023-10-10,100,5,2,0,Deluxe,Direct,India,145.65,0,1,1,0,728.25
1386,2023-06-21,27,1,2,0,Deluxe,OTA,Australia,172.26,0,1,1,0,172.26
1387,2024-02-14,52,4,2,0,Deluxe,OTA,USA,119.47,1,1,1,1,0.0
1388,2023-08-26,40,7,3,0,Deluxe,Direct,India,171.82,0,0,2,0,1202.74
1389,2024-10-12,20,4,2,0,Executive,Corporate,UAE,341.3,0,0,1,0,1365.2
1390,2024-10-25,27,8,2,0,Standard,OTA,India,106.95,0,2,1,0,855.6
1391,2023-08-12,50,8,1,0,Standard,Direct,India,97.91,1,0,1,0,0.0
1392,2024-01-22,14,2,2,1,Suite,OTA,UK,212.4,1,1,0,0,0.0
1393,2024-12-19,65,4,2,0,Standard,Travel Agent,USA,102.51,1,0,1,0,0.0
1394,2024-06-25,37,7,2,0,Deluxe,Corporate,India,138.79,0,0,0,0,971.53
1395,2023-06-07,59,2,3,0,Deluxe,OTA,Germany,127.33,0,1,0,1,254.66
1396,2024-03-07,43,2,1,0,Standard,Travel Agent,India,79.65,0,2,2,0,159.3
1397,2024-03-28,8,3,1,1,Standard,OTA,India,68.74,1,2,1,0,0.0
1398,2024-04-22,33,4,3,1,Standard,OTA,UK,83.24,1,0,0,1,0.0
1399,2023-01-19,66,2,1,2,Standard,OTA,UAE,92.41,0,0,0,0,184.82
1400,2023-08-07,37,3,2,0,Standard,Direct,USA,130.02,0,2,2,1,390.06
1401,2024-09-15,34,4,3,1,Standard,Travel Agent,USA,103.69,0,2,2,0,414.76
1402,2023-06-26,37,5,2,0,Suite,OTA,Singapore,240.78,0,0,2,0,1203.9
1403,2023-08-07,6,2,1,0,Suite,OTA,India,239.57,0,1,1,0,479.14
1404,2023-08-24,70,4,2,0,Standard,OTA,USA,93.81,0,3,1,1,375.24
1405,2023-05-10,3,3,4,1,Deluxe,OTA,UK,141.48,0,0,2,0,424.44
1406,2023-04-24,79,2,2,2,Standard,Travel Agent,Australia,75.7,0,0,0,1,151.4
1407,2023-09-11,25,3,2,0,Standard,Direct,UAE,68.85,0,0,2,0,206.55
1408,2024-09-30,45,3,2,1,Standard,Direct,India,66.07,0,1,0,0,198.21
1409,2023-01-02,6,6,4,1,Deluxe,OTA,UAE,175.11,0,0,0,1,1050.66
1410,2023-07-26,56,4,1,0,Standard,OTA,UK,87.65,0,0,2,0,350.6
1411,2023-02-14,50,1,2,0,Suite,Direct,Germany,227.48,0,0,1,0,227.48
1412,2024-02-14,48,2,1,0,Suite,Direct,India,163.87,0,1,1,1,327.74
1413,2023-07-02,5,6,4,0,Deluxe,Travel Agent,Australia,189.57,0,1,0,1,1137.42
1414,2024-08-01,18,5,2,0,Suite,Corporate,Germany,253.83,1,1,0,0,0.0
1415,2024-03-03,44,3,1,0,Standard,OTA,Germany,72.63,1,2,0,0,0.0
1416,2024-07-26,69,3,1,0,Deluxe,Travel Agent,Australia,187.2,0,0,0,0,561.6
1417,2024-04-08,16,6,3,1,Standard,Travel Agent,India,84.79,0,1,1,0,508.74
1418,2023-11-17,16,4,1,0,Deluxe,Travel Agent,Germany,182.29,0,0,2,1,729.16
1419,2024-09-20,42,4,2,0,Standard,OTA,UAE,99.14,0,0,0,0,396.56
1420,2023-12-14,134,3,2,0,Standard,Direct,UAE,90.3,1,0,3,0,0.0
1421,2024-11-24,20,3,2,0,Deluxe,OTA,India,146.24,0,0,2,0,438.72
1422,2024-12-27,25,2,2,0,Standard,Corporate,India,121.67,0,0,0,0,243.34
1423,2024-03-05,22,2,3,0,Standard,Corporate,UK,71.49,0,0,1,0,142.98
1424,2024-05-07,31,2,1,0,Suite,Direct,India,187.11,0,0,0,0,374.22
1425,2023-07-06,72,4,2,0,Standard,Corporate,Australia,102.57,0,0,3,0,410.28
1426,2024-08-17,32,6,1,0,Standard,Direct,UK,113.25,0,0,1,1,679.5
1427,2024-05-05,142,4,2,0,Standard,OTA,India,110.11,0,0,1,0,440.44
1428,2024-10-20,36,1,2,0,Deluxe,Corporate,India,156.98,1,1,0,0,0.0
1429,2023-07-14,77,2,2,0,Suite,OTA,India,323.74,1,1,1,0,0.0
1430,2024-07-28,27,4,3,0,Suite,OTA,India,271.79,0,0,1,0,1087.16
1431,2023-12-10,12,3,3,2,Deluxe,Direct,India,149.99,0,0,2,0,449.97
1432,2023-05-16,32,3,2,0,Deluxe,Corporate,USA,160.86,0,1,1,0,482.58
1433,2023-05-05,48,1,2,1,Suite,Direct,UAE,267.96,0,0,1,0,267.96
1434,2024-02-15,18,4,2,0,Suite,OTA,Australia,262.34,0,2,0,0,1049.36
1435,2023-08-22,69,3,4,0,Suite,Direct,UK,226.56,0,1,2,1,679.68
1436,2023-03-16,23,5,1,0,Standard,Direct,UK,89.66,0,1,1,1,448.3
1437,2023-11-08,14,3,2,2,Deluxe,OTA,India,181.58,1,1,2,0,0.0
1438,2024-04-21,126,5,2,1,Standard,Direct,Australia,103.73,0,2,1,0,518.65
1439,2023-08-21,17,5,2,0,Deluxe,Direct,India,166.87,0,0,2,0,834.35
1440,2024-11-28,23,4,2,1,Suite,Direct,UAE,288.84,1,0,0,1,0.0
1441,2024-07-23,53,3,2,0,Deluxe,Corporate,UAE,161.26,0,1,0,0,483.78
1442,2024-01-10,26,3,1,0,Suite,Direct,India,284.42,0,1,1,0,853.26
1443,2024-11-13,15,2,2,0,Standard,OTA,UK,118.85,0,0,0,0,237.7
1444,2023-11-13,21,6,1,0,Standard,OTA,Singapore,97.69,0,3,2,1,586.14
1445,2023-04-12,104,2,2,0,Executive,Travel Agent,UAE,274.71,1,3,0,0,0.0
1446,2023-01-27,49,6,2,0,Standard,OTA,USA,121.8,0,1,0,0,730.8
1447,2024-11-15,56,5,2,0,Standard,Direct,USA,133.37,1,1,2,0,0.0
1448,2024-12-01,40,6,2,0,Standard,Direct,India,124.99,0,1,1,0,749.94
1449,2024-06-23,45,5,4,0,Suite,Direct,India,291.68,0,4,3,1,1458.4
1450,2023-03-17,25,5,2,0,Deluxe,OTA,Australia,168.45,1,2,0,0,0.0
1451,2023-08-03,37,5,1,0,Standard,OTA,India,102.78,0,1,0,0,513.9
1452,2023-01-30,5,2,1,0,Deluxe,Travel Agent,India,165.83,0,0,0,0,331.66
1453,2023-02-07,63,3,2,0,Deluxe,Travel Agent,India,113.74,0,0,2,1,341.22
1454,2023-06-29,24,3,2,0,Deluxe,Travel Agent,USA,152.71,0,1,0,1,458.13
1455,2024-02-22,13,2,3,0,Standard,Direct,India,74.01,0,0,0,0,148.02
1456,2023-02-17,38,9,2,0,Standard,Travel Agent,India,83.48,0,1,3,0,751.32
1457,2024-12-19,29,1,2,0,Standard,Direct,India,117.71,0,1,0,0,117.71
1458,2023-11-29,61,5,3,0,Standard,Corporate,Australia,122.61,0,1,2,0,613.05
1459,2023-07-12,32,8,2,0,Standard,OTA,India,95.32,0,0,0,1,762.56
1460,2024-01-12,21,4,2,0,Suite,OTA,India,341.32,0,1,2,0,1365.28
1461,2024-07-30,33,2,2,0,Executive,OTA,UAE,328.04,0,0,2,1,656.08
1462,2023-08-17,82,6,1,1,Standard,OTA,India,83.75,0,1,2,0,502.5
1463,2023-02-04,63,3,2,0,Deluxe,OTA,Germany,163.78,1,1,1,1,0.0
1464,2023-02-07,49,6,1,0,Standard,Corporate,USA,67.8,0,1,1,0,406.8
1465,2024-09-13,65,3,2,1,Standard,OTA,USA,85.16,1,1,0,0,0.0
1466,2023-03-23,52,4,3,0,Deluxe,Travel Agent,India,119.84,1,0,0,0,0.0
1467,2024-04-08,16,2,2,0,Deluxe,OTA,India,136.62,0,0,0,0,273.24
1468,2023-10-08,56,3,1,0,Deluxe,Direct,Germany,145.96,0,1,0,0,437.88
1469,2024-07-21,70,1,1,2,Standard,OTA,India,102.85,0,0,1,0,102.85
1470,2023-02-14,72,4,3,0,Deluxe,Direct,USA,151.2,0,1,2,1,604.8
1471,2024-10-17,14,6,1,0,Deluxe,OTA,USA,155.43,0,0,0,0,932.58
1472,2024-05-24,23,3,2,0,Standard,Direct,India,96.3,0,0,0,1,288.9
1473,2023-11-24,20,3,2,0,Standard,Travel Agent,UAE,126.34,1,1,2,0,0.0
1474,2023-06-01,27,4,2,0,Standard,OTA,USA,90.2,0,1,1,1,360.8
1475,2024-12-14,46,3,2,2,Standard,Direct,Australia,123.93,0,1,3,0,371.79
1476,2023-08-09,38,4,1,0,Standard,OTA,India,82.12,0,2,0,1,328.48
1477,2023-12-25,38,1,2,0,Deluxe,Corporate,India,196.32,0,1,1,0,196.32
1478,2023-10-15,10,1,1,1,Deluxe,Direct,India,147.14,0,1,1,0,147.14
1479,2023-06-18,22,4,2,0,Deluxe,OTA,India,164.6,0,0,0,0,658.4
1480,2023-11-01,75,6,2,0,Standard,Corporate,Singapore,103.7,0,0,0,0,622.2
1481,2023-04-21,69,4,3,0,Deluxe,Direct,UK,162.17,0,0,1,0,648.68
1482,2023-01-02,32,2,2,0,Suite,Corporate,India,287.86,0,0,1,1,575.72
1483,2023-07-31,56,6,3,0,Standard,Corporate,India,86.93,0,0,0,1,521.58
1484,2023-03-23,43,4,2,0,Standard,OTA,USA,59.94,0,2,1,1,239.76
1485,2023-10-30,60,5,3,0,Suite,OTA,India,217.94,1,0,0,1,0.0
1486,2024-09-21,58,4,2,0,Deluxe,Corporate,India,156.24,0,0,2,0,624.96
1487,2023-04-29,34,3,2,0,Deluxe,Direct,UK,140.7,0,1,1,0,422.1
1488,2023-01-01,49,2,2,0,Deluxe,OTA,UK,182.59,1,0,0,0,0.0
1489,2023-03-23,45,2,2,1,Standard,Direct,India,69.2,1,1,0,0,0.0
1490,2024-01-06,34,2,3,2,Standard,Travel Agent,USA,118.59,0,1,0,0,237.18
1491,2023-07-20,29,2,3,1,Deluxe,OTA,UK,135.14,0,2,1,0,270.28
1492,2023-12-24,96,2,1,0,Deluxe,Corporate,UK,174.68,0,2,0,0,349.36
1493,2023-01-22,34,1,3,0,Standard,Direct,India,117.06,1,1,0,0,0.0
1494,2023-09-01,54,5,1,0,Standard,OTA,Germany,112.8,0,0,2,0,564.0
1495,2023-10-27,91,6,2,0,Executive,Travel Agent,USA,441.67,0,1,0,0,2650.02
1496,2023-11-11,49,2,3,2,Deluxe,OTA,USA,230.35,1,0,0,0,0.0
1497,2024-02-07,48,5,1,0,Standard,Corporate,USA,86.19,0,2,2,1,430.95
1498,2024-07-23,35,1,1,0,Standard,Direct,USA,73.68,0,1,0,1,73.68
1499,2023-12-08,45,5,2,1,Deluxe,Direct,Australia,266.64,1,1,1,1,0.0
1500,2024-09-06,27,2,2,0,Standard,OTA,UAE,96.33,0,0,0,0,192.66
1501,2024-01-22,154,5,2,1,Deluxe,Travel Agent,India,152.35,1,0,0,0,0.0
1502,2023-07-10,11,5,2,0,Executive,Travel Agent,India,476.05,0,0,2,1,2380.25
1503,2023-06-17,31,1,2,1,Deluxe,Corporate,India,177.28,0,0,1,1,177.28
1504,2023-08-24,50,6,1,2,Executive,OTA,India,396.04,0,0,2,0,2376.24
1505,2024-03-12,48,4,4,0,Standard,Corporate,UK,76.98,0,0,1,0,307.92
1506,2023-06-27,27,2,2,0,Standard,OTA,UK,102.54,0,0,1,0,205.08
1507,2024-10-29,7,7,2,0,Executive,Corporate,India,324.71,0,1,1,0,2272.97
1508,2023-12-17,12,4,2,1,Suite,Corporate,Australia,376.8,0,0,2,0,1507.2
1509,2024-09-22,40,2,4,0,Deluxe,OTA,Singapore,172.52,0,0,1,0,345.04
1510,2024-05-13,5,6,1,2,Standard,Direct,USA,81.49,0,3,0,1,488.94
1511,2023-09-01,52,2,1,1,Deluxe,Corporate,USA,153.26,0,1,1,0,306.52
1512,2023-06-16,73,3,2,0,Standard,OTA,India,109.77,0,0,0,0,329.31
1513,2024-06-27,58,6,2,0,Executive,Travel Agent,Australia,314.9,0,1,2,0,1889.4
1514,2023-08-30,66,3,1,0,Deluxe,OTA,India,139.06,1,2,0,0,0.0
1515,2023-06-30,5,2,2,0,Standard,OTA,UK,106.32,0,0,2,0,212.64
1516,2024-11-10,28,6,2,0,Standard,OTA,UK,143.01,0,0,3,0,858.06
1517,2023-12-19,15,5,2,0,Standard,OTA,India,114.1,0,1,1,0,570.5
1518,2023-02-05,9,4,1,0,Suite,OTA,India,250.17,0,1,2,0,1000.68
1519,2023-12-28,24,3,2,0,Standard,Travel Agent,UK,104.58,0,0,3,1,313.74
1520,2023-12-03,90,5,2,0,Deluxe,OTA,India,173.56,0,2,1,0,867.8
1521,2024-09-22,105,7,2,0,Standard,OTA,India,82.08,1,2,2,0,0.0
1522,2024-06-03,17,4,1,0,Deluxe,OTA,Australia,158.9,0,2,1,1,635.6
1523,2023-05-20,36,6,4,0,Deluxe,OTA,USA,149.65,0,1,1,0,897.9
1524,2023-04-20,45,2,2,0,Standard,Direct,UAE,87.47,0,0,1,0,174.94
1525,2024-03-16,28,4,1,0,Standard,Travel Agent,India,89.61,0,0,0,0,358.44
1526,2023-02-04,76,3,2,2,Standard,Travel Agent,India,98.26,0,2,0,0,294.78
1527,2023-08-21,24,1,1,1,Executive,Direct,India,293.85,0,1,0,1,293.85
1528,2023-04-11,21,4,2,0,Standard,OTA,India,70.89,1,0,1,0,0.0
1529,2023-01-16,18,6,2,1,Standard,OTA,India,111.42,0,3,1,0,668.52
1530,2024-11-01,28,4,1,0,Deluxe,Corporate,Singapore,202.22,0,0,0,1,808.88
1531,2023-03-07,2,5,3,0,Standard,OTA,India,87.08,0,0,1,0,435.4
1532,2023-01-07,29,2,2,0,Suite,Corporate,India,389.73,0,1,0,1,779.46
1533,2024-11-12,38,3,1,0,Standard,Travel Agent,Germany,123.83,0,2,0,0,371.49
1534,2023-05-18,39,5,1,2,Executive,Corporate,Germany,357.1,0,1,0,0,1785.5
1535,2024-08-19,14,5,1,0,Deluxe,Travel Agent,Singapore,190.09,0,1,1,0,950.45
1536,2023-01-23,39,2,3,0,Deluxe,OTA,India,168.0,1,0,0,0,0.0
1537,2023-04-23,38,3,2,1,Standard,OTA,India,117.39,0,0,0,0,352.17
1538,2023-03-22,39,5,2,0,Standard,OTA,UAE,107.74,1,1,3,0,0.0
1539,2024-05-30,59,2,1,0,Standard,Direct,Germany,67.5,0,1,1,0,135.0
1540,2024-03-28,14,1,2,0,Suite,Corporate,India,204.46,0,0,1,0,204.46
1541,2023-12-14,29,6,2,0,Executive,OTA,Singapore,422.51,0,1,0,1,2535.06
1542,2023-06-26,7,6,2,0,Standard,OTA,Germany,98.67,1,0,1,1,0.0
1543,2023-03-06,56,4,1,0,Executive,Direct,USA,239.28,0,2,0,0,957.12
1544,2024-02-20,16,5,1,0,Deluxe,OTA,UAE,115.19,0,0,0,0,575.95
1545,2023-06-18,65,3,4,0,Suite,Direct,India,311.5,1,1,3,0,0.0
1546,2024-03-06,67,3,2,0,Executive,Direct,India,292.16,0,0,0,0,876.48
1547,2024-05-16,31,3,1,0,Executive,OTA,India,322.35,1,0,2,0,0.0
1548,2024-09-12,30,8,2,0,Deluxe,Direct,India,160.51,0,0,0,0,1284.08
1549,2023-12-27,10,4,2,0,Deluxe,OTA,India,149.29,0,0,0,0,597.16
1550,2023-01-04,35,7,2,1,Deluxe,OTA,UAE,224.24,0,1,2,0,1569.68
1551,2023-07-24,59,2,4,0,Standard,OTA,Germany,117.67,0,1,2,0,235.34
1552,2024-09-14,42,4,1,0,Standard,Travel Agent,India,72.95,0,0,1,0,291.8
1553,2024-01-25,82,5,4,0,Suite,OTA,USA,254.45,1,1,0,1,0.0
1554,2024-03-27,26,2,1,0,Standard,OTA,UK,76.12,0,2,0,1,152.24
1555,2023-12-01,26,2,2,0,Deluxe,Corporate,India,178.73,0,0,0,0,357.46
1556,2023-04-29,17,7,2,0,Standard,OTA,India,98.43,0,1,0,0,689.01
1557,2024-10-16,118,3,2,0,Deluxe,Travel Agent,India,139.91,0,1,0,0,419.73
1558,2024-07-18,10,4,1,0,Standard,Travel Agent,UK,97.63,0,0,1,0,390.52
1559,2024-12-27,56,4,1,2,Executive,Direct,Australia,486.65,0,0,0,0,1946.6
1560,2024-09-16,60,4,2,0,Suite,OTA,USA,216.47,1,1,1,0,0.0
1561,2023-08-01,58,2,2,0,Standard,Direct,UAE,100.57,0,1,1,1,201.14
1562,2023-07-05,18,1,2,0,Standard,OTA,UAE,118.04,0,0,0,0,118.04
1563,2023-07-01,31,3,1,1,Standard,OTA,Singapore,78.78,0,1,0,0,236.34
1564,2024-11-01,51,2,4,1,Standard,Travel Agent,UK,124.47,0,0,0,1,248.94
1565,2024-02-11,22,2,2,0,Standard,Direct,India,97.13,0,0,1,0,194.26
1566,2023-11-28,28,1,4,0,Standard,Direct,India,106.72,0,0,3,1,106.72
1567,2024-12-07,22,4,1,0,Deluxe,Direct,India,209.4,0,0,0,1,837.6
1568,2024-03-16,37,3,1,0,Standard,Travel Agent,India,105.23,1,0,1,0,0.0
1569,2024-10-25,35,5,2,0,Standard,Direct,USA,86.3,0,1,1,0,431.5
1570,2024-12-19,92,4,2,0,Executive,OTA,USA,512.36,0,0,1,1,2049.44
1571,2023-02-27,52,4,2,0,Suite,Direct,UK,180.8,0,1,1,1,723.2
1572,2023-09-21,12,4,1,0,Standard,Direct,India,85.96,0,0,0,0,343.84
1573,2024-06-19,13,1,3,2,Deluxe,Travel Agent,Germany,155.75,0,0,2,0,155.75
1574,2024-08-16,57,5,2,0,Standard,OTA,India,113.84,0,0,0,0,569.2
1575,2023-04-19,35,2,2,0,Suite,OTA,UAE,240.1,0,0,1,0,480.2
1576,2023-08-21,113,3,2,2,Suite,Corporate,UAE,244.42,0,1,1,1,733.26
1577,2024-02-05,113,3,1,0,Deluxe,Corporate,UK,147.2,0,1,0,0,441.6
1578,2024-08-06,17,5,1,0,Deluxe,Travel Agent,India,192.97,0,0,1,0,964.85
1579,2023-03-24,43,5,4,0,Suite,Direct,UK,244.2,0,1,1,0,1221.0
1580,2024-03-14,13,2,2,0,Standard,Direct,Australia,75.03,0,0,0,0,150.06
1581,2023-08-05,56,2,1,1,Deluxe,Corporate,Germany,206.64,0,0,1,0,413.28
1582,2023-06-07,100,2,2,0,Standard,OTA,India,107.32,1,0,1,1,0.0
1583,2024-01-12,39,5,1,1,Standard,OTA,India,100.87,0,1,2,0,504.35
1584,2023-10-30,26,3,3,0,Deluxe,OTA,Germany,138.62,0,0,2,0,415.86
1585,2024-04-09,46,7,3,1,Standard,Travel Agent,India,87.44,0,1,2,1,612.08
1586,2023-08-20,64,5,2,0,Standard,OTA,UAE,109.67,0,0,0,0,548.35
1587,2024-08-23,64,7,4,0,Standard,Direct,Australia,130.28,0,0,1,0,911.96
1588,2023-02-27,26,1,2,0,Executive,Direct,India,242.25,1,1,0,0,0.0
1589,2024-09-21,21,4,3,0,Standard,OTA,India,68.26,1,0,0,0,0.0
1590,2023-01-22,41,3,2,0,Standard,Corporate,USA,140.07,0,0,2,0,420.21
1591,2024-06-21,27,4,3,0,Standard,OTA,India,99.63,0,2,1,0,398.52
1592,2023-09-10,76,3,3,0,Executive,Corporate,USA,343.57,1,1,1,0,0.0
1593,2023-10-07,27,5,2,0,Standard,OTA,India,79.49,0,0,1,1,397.45
1594,2023-01-14,37,1,1,0,Deluxe,Corporate,USA,222.47,0,0,1,0,222.47
1595,2024-05-27,45,4,1,0,Deluxe,Corporate,India,135.32,0,1,1,0,541.28
1596,2023-05-01,10,3,2,1,Deluxe,OTA,India,127.93,0,2,0,0,383.79
1597,2024-04-26,23,7,1,0,Suite,OTA,India,215.52,0,0,0,0,1508.64
1598,2024-06-13,110,4,2,0,Standard,Travel Agent,India,94.15,0,1,0,1,376.6
1599,2024-09-09,62,2,2,1,Standard,Direct,Singapore,83.2,1,0,1,0,0.0
1600,2024-05-31,27,3,1,1,Standard,Direct,India,86.13,0,0,1,0,258.39
1601,2023-08-09,56,7,3,0,Standard,Travel Agent,India,90.27,1,2,1,0,0.0
1602,2024-06-23,76,6,1,0,Suite,Corporate,UAE,303.98,0,1,0,0,1823.88
1603,2024-08-25,30,5,1,0,Standard,OTA,USA,119.33,0,0,2,0,596.65
1604,2023-08-20,60,5,1,0,Suite,OTA,Singapore,319.05,1,0,1,0,0.0
1605,2023-04-01,55,4,4,2,Standard,Corporate,India,104.98,1,0,0,1,0.0
1606,2024-10-11,13,4,2,0,Standard,OTA,USA,91.01,0,0,0,1,364.04
1607,2023-04-18,30,5,1,0,Deluxe,Corporate,India,145.8,1,2,1,0,0.0
1608,2024-03-09,93,4,1,0,Suite,Direct,UAE,217.6,1,0,0,0,0.0
1609,2023-06-22,108,3,2,0,Standard,OTA,USA,100.59,0,1,0,0,301.77
1610,2023-04-02,62,4,4,1,Executive,Direct,India,359.28,0,2,0,0,1437.12
1611,2024-07-20,22,4,2,1,Standard,Direct,USA,141.63,0,0,1,0,566.52
1612,2023-04-15,4,5,2,2,Suite,OTA,Germany,232.65,0,2,0,0,1163.25
1613,2024-05-04,20,3,2,0,Standard,OTA,Singapore,78.74,0,2,1,0,236.22
1614,2024-05-20,12,3,1,0,Standard,Direct,India,72.61,0,0,1,1,217.83
1615,2023-02-13,98,4,2,1,Suite,Corporate,India,203.31,1,0,2,0,0.0
1616,2023-05-07,7,3,2,0,Standard,OTA,UK,96.53,0,0,0,0,289.59
1617,2024-08-02,14,4,2,2,Deluxe,OTA,India,152.26,0,0,0,1,609.04
1618,2024-01-06,41,1,1,0,Suite,OTA,UAE,355.71,1,0,1,0,0.0
1619,2023-03-30,35,2,1,0,Standard,Direct,UAE,80.33,0,0,0,1,160.66
1620,2024-12-24,90,3,2,0,Deluxe,OTA,India,194.76,1,0,1,1,0.0
1621,2023-07-13,52,3,2,1,Deluxe,Direct,USA,167.59,0,1,1,0,502.77
1622,2023-01-03,31,2,2,0,Standard,Travel Agent,India,118.73,0,0,2,0,237.46
1623,2024-11-05,77,3,2,1,Standard,OTA,UAE,114.37,1,0,0,0,0.0
1624,2023-01-13,26,4,3,0,Standard,Direct,USA,141.6,0,1,1,1,566.4
1625,2024-02-08,95,4,3,0,Standard,Travel Agent,Singapore,65.69,0,1,0,0,262.76
1626,2024-12-25,18,8,2,0,Standard,Direct,India,89.14,0,0,1,0,713.12
1627,2024-02-26,34,5,3,0,Deluxe,Corporate,UK,129.68,0,1,1,0,648.4
1628,2024-03-02,4,2,2,0,Standard,OTA,UK,92.93,0,0,3,0,185.86
1629,2023-10-11,65,3,2,0,Standard,OTA,UK,70.17,1,1,1,0,0.0
1630,2023-04-03,39,4,2,2,Suite,OTA,USA,234.79,1,0,0,0,0.0
1631,2024-02-23,95,2,1,0,Deluxe,OTA,India,126.1,0,2,3,0,252.2
1632,2024-10-17,29,4,2,0,Executive,Travel Agent,India,290.35,0,0,2,0,1161.4
1633,2023-03-08,10,3,2,1,Deluxe,OTA,UAE,129.72,0,1,1,1,389.16
1634,2024-10-04,48,2,4,0,Executive,OTA,UAE,368.68,0,2,1,0,737.36
1635,2023-10-30,23,3,2,0,Suite,Direct,UK,206.69,0,2,1,1,620.07
1636,2024-01-27,59,6,4,1,Standard,Corporate,Singapore,142.32,0,0,2,1,853.92
1637,2023-05-01,18,4,1,1,Deluxe,OTA,India,156.21,0,1,1,0,624.84
1638,2024-03-29,85,3,4,0,Standard,OTA,India,108.98,1,1,0,1,0.0
1639,2023-05-14,37,4,2,2,Deluxe,OTA,India,181.93,0,0,2,0,727.72
1640,2023-07-19,32,5,2,0,Standard,Direct,India,108.28,1,2,2,0,0.0
1641,2024-06-10,81,2,2,0,Deluxe,OTA,India,167.52,0,0,0,0,335.04
1642,2023-02-06,65,2,4,0,Standard,Travel Agent,India,72.81,0,0,2,0,145.62
1643,2023-11-23,20,5,1,1,Suite,OTA,Singapore,276.89,0,0,0,0,1384.45
1644,2024-03-10,64,2,2,0,Standard,OTA,India,102.47,0,1,0,1,204.94
1645,2023-04-07,56,4,3,0,Suite,OTA,Singapore,198.93,0,1,2,0,795.72
1646,2023-08-04,33,3,1,0,Executive,OTA,India,479.75,0,0,1,0,1439.25
1647,2023-09-08,61,2,2,0,Standard,Direct,USA,85.31,0,0,1,1,170.62
1648,2024-04-29,84,4,2,0,Standard,Travel Agent,UK,74.87,1,0,0,0,0.0
1649,2024-12-13,34,3,3,0,Deluxe,Direct,India,220.62,0,3,0,0,661.86
1650,2024-09-02,34,2,3,1,Executive,OTA,India,310.1,0,0,0,0,620.2
1651,2023-05-19,32,4,2,0,Suite,Travel Agent,UK,240.26,0,2,1,0,961.04
1652,2023-01-14,19,3,2,0,Standard,Direct,Australia,110.63,0,0,0,0,331.89
1653,2023-02-07,33,2,2,0,Executive,OTA,UAE,245.95,0,0,0,1,491.9
1654,2024-03-10,31,5,2,1,Standard,Direct,USA,68.12,1,0,1,0,0.0
1655,2023-04-25,29,5,1,0,Standard,Travel Agent,Germany,94.05,1,0,2,1,0.0
1656,2023-06-18,29,3,2,0,Deluxe,OTA,UK,174.74,1,0,0,0,0.0
1657,2024-09-10,14,4,2,0,Suite,Direct,USA,196.54,0,0,0,0,786.16
1658,2024-09-29,69,1,1,0,Standard,Direct,Australia,100.3,1,1,2,1,0.0
1659,2024-09-04,23,5,2,1,Deluxe,OTA,USA,117.84,0,1,1,1,589.2
1660,2023-07-05,88,3,1,0,Standard,OTA,USA,87.25,0,1,0,0,261.75
1661,2024-03-28,16,3,4,0,Standard,OTA,UK,91.42,0,1,0,0,274.26
1662,2024-03-21,100,1,3,1,Executive,Travel Agent,USA,326.7,0,0,3,0,326.7
1663,2023-05-16,27,5,2,0,Deluxe,Direct,India,132.86,0,1,2,0,664.3
1664,2024-02-09,64,2,3,0,Deluxe,OTA,USA,139.56,0,0,1,0,279.12
1665,2024-01-19,39,2,4,0,Deluxe,Direct,Singapore,207.48,0,2,0,0,414.96
1666,2023-10-17,12,3,2,1,Standard,OTA,USA,85.57,0,0,0,1,256.71
1667,2024-07-02,12,3,2,2,Standard,OTA,Singapore,98.97,0,0,4,0,296.91
1668,2024-05-09,21,2,2,0,Deluxe,Travel Agent,Germany,148.94,0,1,0,0,297.88
1669,2024-01-24,26,2,3,0,Executive,Travel Agent,USA,356.34,1,0,1,1,0.0
1670,2024-06-13,34,4,2,0,Standard,OTA,India,93.03,1,2,0,0,0.0
1671,2024-07-11,45,4,2,0,Standard,Direct,UK,102.42,0,1,1,1,409.68
1672,2024-02-18,31,3,2,0,Deluxe,Travel Agent,Singapore,139.23,0,0,1,0,417.69
1673,2023-07-15,43,5,1,0,Deluxe,Direct,USA,199.91,0,0,0,1,999.55
1674,2024-07-07,48,4,2,0,Standard,Travel Agent,India,128.19,0,0,1,1,512.76
1675,2024-06-07,30,3,3,0,Deluxe,Travel Agent,India,180.68,0,2,2,1,542.04
1676,2024-12-18,55,1,1,0,Executive,Direct,USA,423.6,0,1,0,0,423.6
1677,2023-04-20,63,3,1,2,Standard,OTA,USA,78.0,0,3,2,0,234.0
1678,2023-11-03,49,3,4,0,Standard,Direct,USA,119.84,0,0,1,0,359.52
1679,2024-11-05,51,3,1,2,Deluxe,Travel Agent,USA,202.53,0,1,1,1,607.59
1680,2024-01-11,41,4,2,0,Deluxe,OTA,UK,157.89,0,0,1,0,631.56
1681,2024-11-19,73,5,2,0,Standard,OTA,India,118.71,0,1,0,1,593.55
1682,2023-01-10,35,2,2,0,Deluxe,OTA,USA,165.12,1,1,0,0,0.0
1683,2023-01-26,21,4,1,2,Deluxe,Travel Agent,USA,157.69,1,2,2,0,0.0
1684,2024-08-04,36,3,1,1,Deluxe,OTA,USA,201.1,0,0,0,0,603.3
1685,2023-09-19,12,3,2,0,Standard,Travel Agent,USA,86.69,1,0,1,0,0.0
1686,2024-01-15,11,3,2,0,Standard,Corporate,UK,99.53,0,0,0,1,298.59
1687,2023-11-09,63,3,2,0,Standard,OTA,UAE,105.82,0,0,0,0,317.46
1688,2023-10-25,88,1,4,0,Suite,Direct,USA,216.71,0,0,1,0,216.71
1689,2024-11-16,28,4,3,0,Deluxe,OTA,UAE,207.52,0,0,0,0,830.08
1690,2023-03-10,64,3,2,1,Standard,Direct,Australia,86.6,0,1,0,0,259.8
1691,2024-07-17,6,5,2,0,Deluxe,OTA,UAE,188.51,0,1,1,0,942.55
1692,2024-10-11,49,4,1,1,Standard,Corporate,Germany,79.76,0,2,1,1,319.04
1693,2024-04-24,35,4,2,0,Suite,OTA,UAE,179.98,0,0,0,0,719.92
1694,2023-10-16,98,5,2,0,Deluxe,Direct,India,128.17,0,0,0,1,640.85
1695,2023-04-27,32,5,3,0,Standard,Corporate,Singapore,60.92,0,0,1,1,304.6
1696,2024-05-13,15,5,2,1,Standard,OTA,India,72.54,0,0,0,1,362.7
1697,2023-12-09,9,3,1,0,Standard,Direct,India,114.77,0,0,2,1,344.31
1698,2023-04-20,36,8,2,0,Standard,OTA,India,80.15,1,0,0,0,0.0
1699,2023-09-20,40,4,2,0,Deluxe,Direct,USA,126.92,0,0,2,0,507.68
1700,2024-12-02,30,6,3,0,Standard,Direct,UAE,111.06,0,1,0,0,666.36
1701,2023-07-13,65,2,2,0,Deluxe,Direct,India,141.4,1,1,3,1,0.0
1702,2023-05-11,82,3,2,0,Deluxe,OTA,Singapore,124.1,1,1,1,1,0.0
1703,2024-05-12,27,1,1,1,Standard,OTA,UK,98.39,0,1,1,1,98.39
1704,2023-05-26,7,3,3,0,Standard,Travel Agent,Singapore,66.95,0,0,2,0,200.85
1705,2024-11-02,43,1,2,1,Standard,OTA,UK,130.47,0,0,0,0,130.47
1706,2024-09-19,74,4,2,1,Deluxe,Corporate,UK,96.54,0,2,3,0,386.16
1707,2024-12-18,27,4,2,0,Deluxe,Corporate,Singapore,175.72,0,0,0,0,702.88
1708,2024-10-28,51,6,4,0,Standard,Direct,Singapore,84.99,0,2,0,0,509.94
1709,2023-06-27,14,4,2,0,Standard,Direct,UAE,99.54,1,0,1,0,0.0
1710,2023-06-04,43,5,1,0,Executive,Travel Agent,India,383.19,0,1,0,0,1915.95
1711,2023-09-08,51,2,2,1,Standard,Direct,India,94.84,1,0,1,0,0.0
1712,2023-12-09,43,5,2,1,Standard,OTA,India,110.16,0,2,1,0,550.8
1713,2024-10-04,114,3,3,0,Standard,Direct,India,107.26,0,0,0,1,321.78
1714,2024-06-19,88,2,2,0,Standard,OTA,USA,105.58,0,0,3,0,211.16
1715,2024-04-15,57,2,2,0,Deluxe,OTA,USA,115.2,0,0,2,1,230.4
1716,2024-10-03,70,3,2,0,Deluxe,Travel Agent,UAE,151.48,0,1,0,0,454.44
1717,2024-04-16,42,5,3,0,Standard,OTA,Australia,81.87,0,0,0,0,409.35
1718,2023-10-04,34,1,3,2,Standard,OTA,India,69.16,0,1,4,0,69.16
1719,2023-10-29,25,6,2,0,Deluxe,OTA,Australia,170.45,0,0,1,0,1022.7
1720,2024-01-13,14,7,2,2,Standard,OTA,Australia,148.7,0,1,0,0,1040.9
1721,2023-03-06,90,6,2,0,Executive,Direct,UAE,290.79,0,1,0,0,1744.74
1722,2024-06-25,117,2,2,0,Deluxe,Travel Agent,Germany,162.85,0,1,2,0,325.7
1723,2024-04-21,36,3,4,0,Suite,OTA,Australia,252.6,1,2,1,1,0.0
1724,2024-06-17,37,3,2,0,Standard,OTA,USA,102.67,0,0,1,0,308.01
1725,2024-01-25,53,3,1,0,Deluxe,Direct,USA,192.24,0,1,1,0,576.72
1726,2024-07-25,32,2,2,0,Standard,Direct,USA,107.36,1,1,1,1,0.0
1727,2024-11-24,16,3,2,0,Executive,OTA,USA,362.47,1,0,0,1,0.0
1728,2024-02-21,12,2,1,0,Deluxe,Travel Agent,Singapore,121.92,0,0,1,0,243.84
1729,2023-11-21,114,4,4,0,Deluxe,OTA,India,195.83,0,1,0,1,783.32
1730,2023-03-18,8,4,1,0,Standard,Corporate,India,84.29,0,0,0,1,337.16
1731,2024-07-22,45,2,2,0,Deluxe,Travel Agent,Australia,162.5,0,1,0,0,325.0
1732,2024-10-21,9,7,3,0,Deluxe,OTA,Germany,115.7,0,0,2,1,809.9
1733,2024-05-25,33,1,1,0,Standard,OTA,India,99.48,0,1,0,0,99.48
1734,2024-09-23,27,4,2,1,Deluxe,OTA,UK,130.58,0,3,0,0,522.32
1735,2024-09-20,11,5,2,0,Deluxe,OTA,India,160.34,0,1,0,0,801.7
1736,2024-08-05,54,4,2,1,Deluxe,Direct,USA,163.39,0,3,0,1,653.56
1737,2024-01-03,15,3,2,0,Standard,Travel Agent,Australia,89.79,0,0,0,0,269.37
1738,2023-03-14,9,3,2,0,Deluxe,OTA,UK,162.68,0,0,1,1,488.04
1739,2023-01-03,58,4,4,0,Standard,Travel Agent,Australia,91.05,1,2,0,1,0.0
1740,2023-05-30,27,5,3,0,Deluxe,OTA,India,168.77,1,1,0,0,0.0
1741,2023-11-11,20,4,1,0,Suite,Direct,USA,253.01,0,1,2,0,1012.04
1742,2024-06-26,61,3,2,0,Standard,Direct,UAE,96.78,0,1,3,0,290.34
1743,2023-11-29,14,4,2,0,Suite,Direct,India,246.83,0,0,1,1,987.32
1744,2023-01-17,7,3,2,0,Suite,Travel Agent,Australia,354.59,0,2,1,0,1063.77
1745,2023-06-03,79,3,2,0,Standard,Direct,India,96.96,0,1,0,0,290.88
1746,2024-12-15,104,6,2,0,Standard,Travel Agent,Australia,107.88,0,1,1,0,647.28
1747,2024-12-22,32,4,2,0,Suite,OTA,India,342.95,0,1,0,0,1371.8
1748,2023-10-03,1,7,3,0,Executive,OTA,Singapore,351.49,0,0,2,1,2460.43
1749,2024-08-10,32,9,1,0,Standard,OTA,Australia,126.73,0,0,2,0,1140.57
1750,2024-06-09,63,4,1,0,Executive,Corporate,Australia,402.94,1,1,0,1,0.0
1751,2024-11-10,74,3,3,0,Standard,Direct,UAE,119.42,0,3,0,0,358.26
1752,2024-10-09,15,1,3,0,Standard,OTA,USA,85.01,0,3,1,0,85.01
1753,2024-04-03,28,3,2,1,Suite,OTA,USA,218.46,0,0,1,1,655.38
1754,2023-10-16,42,1,2,0,Standard,Corporate,UK,80.77,0,1,1,1,80.77
1755,2024-04-02,60,2,3,0,Suite,Corporate,India,216.26,0,2,1,1,432.52
1756,2023-08-21,56,5,2,0,Standard,Travel Agent,India,103.03,0,0,1,0,515.15
1757,2023-09-12,50,4,2,0,Standard,OTA,USA,84.33,1,0,1,1,0.0
1758,2024-03-20,74,3,2,0,Executive,Corporate,USA,354.77,1,0,2,1,0.0
1759,2024-02-22,34,4,2,0,Standard,OTA,Germany,73.89,0,0,0,0,295.56
1760,2024-02-29,91,2,4,0,Deluxe,OTA,UAE,119.92,0,0,0,0,239.84
1761,2023-10-08,23,7,4,1,Executive,Corporate,UK,341.16,0,1,3,0,2388.12
1762,2023-10-26,57,3,2,0,Suite,Direct,UK,214.66,1,0,2,1,0.0
1763,2023-01-08,26,4,1,1,Executive,Corporate,Australia,513.98,0,1,1,0,2055.92
1764,2024-03-15,33,2,3,1,Executive,OTA,India,301.33,0,1,1,1,602.66
1765,2024-02-25,36,5,2,0,Standard,Corporate,UK,106.02,0,1,1,1,530.1
1766,2024-11-13,25,3,1,0,Deluxe,OTA,India,169.51,0,0,0,0,508.53
1767,2024-01-04,76,4,2,0,Standard,Direct,India,123.31,0,0,0,0,493.24
1768,2023-12-08,27,1,2,1,Deluxe,Travel Agent,USA,263.13,0,0,2,1,263.13
1769,2023-02-19,35,4,1,2,Deluxe,Direct,India,167.92,0,0,1,1,671.68
1770,2023-05-24,53,4,2,0,Standard,Direct,UAE,86.0,0,0,3,0,344.0
1771,2023-09-04,146,4,3,0,Suite,Direct,Germany,249.45,1,0,1,0,0.0
1772,2023-10-03,54,6,4,0,Standard,Travel Agent,Germany,77.17,0,0,1,1,463.02
1773,2023-09-22,37,3,2,1,Deluxe,Corporate,UK,154.22,0,1,1,0,462.66
1774,2023-10-15,6,3,1,0,Standard,OTA,India,84.58,0,3,2,1,253.74
1775,2024-07-15,32,4,2,0,Standard,OTA,India,88.99,0,0,0,0,355.96
1776,2023-04-06,21,2,2,1,Deluxe,OTA,India,134.81,0,3,0,0,269.62
1777,2023-08-31,28,6,2,0,Deluxe,Direct,India,157.79,0,0,1,0,946.74
1778,2023-04-29,25,2,2,0,Suite,Direct,USA,266.1,0,1,1,0,532.2
1779,2023-08-13,52,3,1,0,Suite,Travel Agent,India,308.49,0,0,2,0,925.47
1780,2024-05-14,31,2,3,0,Suite,Direct,India,212.55,1,0,0,0,0.0
1781,2023-02-04,18,3,3,0,Suite,Direct,India,281.04,0,0,2,1,843.12
1782,2023-09-05,65,4,2,0,Executive,Direct,India,277.77,0,1,1,0,1111.08
1783,2023-01-18,13,2,2,0,Standard,Corporate,India,111.25,0,0,1,1,222.5
1784,2024-11-28,36,3,2,0,Deluxe,OTA,India,199.67,0,0,1,0,599.01
1785,2024-06-14,32,5,2,2,Standard,OTA,India,119.8,1,0,0,0,0.0
1786,2023-06-27,45,3,2,1,Deluxe,Direct,USA,155.46,0,1,1,0,466.38
1787,2023-05-25,74,2,2,0,Suite,OTA,UAE,172.58,0,0,0,1,345.16
1788,2023-03-14,160,7,3,0,Deluxe,Travel Agent,USA,124.69,0,3,2,0,872.83
1789,2023-12-12,37,3,3,1,Deluxe,Direct,India,220.24,0,2,4,0,660.72
1790,2024-07-04,21,3,1,0,Deluxe,OTA,UK,151.36,1,1,0,0,0.0
1791,2024-03-02,20,3,2,2,Standard,OTA,UK,91.94,0,1,0,1,275.82
1792,2024-10-05,19,4,2,2,Executive,Corporate,UAE,352.02,0,0,0,0,1408.08
1793,2023-09-08,44,2,2,2,Standard,OTA,India,96.72,0,0,0,0,193.44
1794,2023-07-23,4,5,2,0,Standard,Corporate,Singapore,101.72,1,0,3,1,0.0
1795,2023-12-15,12,6,2,0,Standard,OTA,India,135.5,0,1,1,0,813.0
1796,2023-05-28,44,6,4,0,Executive,OTA,Singapore,361.92,0,0,1,0,2171.52
1797,2024-12-13,67,3,2,0,Deluxe,OTA,UK,160.11,1,1,1,0,0.0
1798,2023-05-16,67,3,3,0,Deluxe,OTA,India,90.31,0,3,2,0,270.93
1799,2023-12-16,39,3,2,0,Standard,OTA,India,116.2,0,0,2,0,348.6
1800,2024-01-17,61,5,2,0,Standard,Direct,India,92.31,0,1,1,0,461.55
1801,2023-02-11,75,5,2,0,Standard,Direct,UK,95.41,1,0,1,0,0.0
1802,2023-12-08,26,3,2,0,Standard,Corporate,Singapore,118.62,0,1,0,0,355.86
1803,2023-11-28,70,4,1,0,Deluxe,Corporate,Australia,185.4,0,1,0,0,741.6
1804,2023-07-09,9,3,1,0,Standard,Travel Agent,Singapore,116.8,0,1,1,1,350.4
1805,2023-04-04,12,8,2,0,Standard,Direct,India,70.34,0,0,0,1,562.72
1806,2023-02-02,28,3,1,1,Deluxe,Direct,India,124.32,0,1,2,0,372.96
1807,2023-01-07,7,2,2,1,Deluxe,Direct,UAE,188.43,0,0,1,0,376.86
1808,2023-12-18,53,4,3,1,Suite,Corporate,India,330.25,0,0,1,0,1321.0
1809,2023-03-07,24,7,2,0,Standard,Direct,India,78.31,0,2,0,1,548.17
1810,2024-12-01,32,4,1,1,Deluxe,Direct,India,232.12,0,1,2,0,928.48
1811,2023-06-28,33,7,2,0,Standard,OTA,USA,111.05,1,0,0,0,0.0
1812,2024-04-21,27,3,1,1,Executive,OTA,Germany,339.39,0,0,1,0,1018.17
1813,2024-05-06,19,4,2,0,Executive,OTA,India,278.67,0,0,0,0,1114.68
1814,2023-12-28,51,5,1,0,Standard,OTA,India,96.65,0,0,0,0,483.25
1815,2024-10-07,23,3,1,0,Standard,OTA,India,86.82,1,0,1,0,0.0
1816,2023-03-22,33,1,4,0,Standard,Corporate,UK,79.04,0,0,2,0,79.04
1817,2023-06-20,46,4,2,0,Standard,Direct,India,87.6,0,2,1,0,350.4
1818,2023-07-04,75,6,1,0,Standard,Direct,USA,106.33,0,0,0,0,637.98
1819,2023-04-09,71,6,1,0,Standard,OTA,USA,102.11,0,1,0,0,612.66
1820,2023-08-04,25,3,2,1,Standard,OTA,India,97.83,0,2,0,0,293.49
1821,2023-08-17,19,4,3,0,Standard,OTA,Germany,100.16,0,0,0,0,400.64
1822,2024-07-12,85,4,1,0,Standard,OTA,India,118.2,0,1,1,0,472.8
1823,2023-08-09,23,3,1,1,Standard,OTA,UAE,115.6,0,0,0,1,346.8
1824,2024-10-01,50,4,3,0,Standard,OTA,UAE,78.42,0,1,3,1,313.68
1825,2024-07-18,7,1,2,2,Suite,Corporate,India,264.01,0,2,1,0,264.01
1826,2024-10-20,4,5,1,0,Standard,Direct,UAE,99.3,0,3,1,0,496.5
1827,2023-03-18,37,4,1,0,Standard,Corporate,India,106.01,0,0,5,0,424.04
1828,2024-12-19,30,3,3,0,Executive,OTA,USA,424.47,0,0,2,1,1273.41
1829,2024-03-24,58,2,2,1,Standard,Direct,UAE,94.49,0,0,0,0,188.98
1830,2024-12-18,20,1,2,0,Standard,Direct,India,100.73,0,3,2,0,100.73
1831,2023-09-17,43,1,2,0,Deluxe,OTA,UAE,143.69,0,1,0,1,143.69
1832,2024-11-26,56,3,2,0,Standard,OTA,India,106.07,0,0,1,1,318.21
1833,2024-03-05,20,4,2,1,Deluxe,OTA,India,140.94,0,0,3,1,563.76
1834,2023-02-22,28,8,3,1,Suite,OTA,India,231.85,0,1,2,0,1854.8
1835,2023-10-27,14,4,2,0,Deluxe,OTA,India,137.14,1,0,1,0,0.0
1836,2023-04-11,60,2,3,0,Suite,OTA,India,242.43,0,0,0,0,484.86
1837,2024-11-18,51,4,1,0,Standard,Corporate,India,105.81,0,0,1,1,423.24
1838,2023-08-11,54,4,2,1,Standard,OTA,UAE,108.35,0,0,0,0,433.4
1839,2023-06-12,30,2,2,0,Standard,OTA,Australia,104.85,0,0,1,0,209.7
1840,2024-02-08,51,5,1,0,Standard,Direct,Singapore,88.57,0,2,1,0,442.85
1841,2023-11-07,32,3,1,0,Deluxe,OTA,Singapore,182.78,0,0,3,0,548.34
1842,2023-03-12,94,6,1,0,Deluxe,Travel Agent,UK,183.08,0,1,2,0,1098.48
1843,2024-08-19,35,5,2,0,Standard,Travel Agent,UAE,74.4,0,1,0,1,372.0
1844,2024-09-09,68,7,3,1,Executive,OTA,India,334.76,0,1,2,1,2343.32
1845,2024-06-26,30,4,1,0,Standard,OTA,Australia,84.49,0,1,1,0,337.96
1846,2024-03-26,81,4,2,0,Executive,Direct,India,299.39,0,1,2,0,1197.56
1847,2023-10-21,19,1,1,0,Standard,OTA,UAE,92.27,0,0,1,0,92.27
1848,2024-01-31,47,7,2,0,Deluxe,OTA,Germany,174.46,0,1,0,0,1221.22
1849,2024-01-16,22,4,2,0,Deluxe,Travel Agent,Singapore,156.49,0,1,1,0,625.96
1850,2023-05-01,42,2,1,1,Deluxe,Direct,India,108.95,1,1,1,0,0.0
1851,2023-03-01,23,3,2,0,Suite,Corporate,India,169.47,0,1,1,0,508.41
1852,2023-07-04,35,5,1,1,Deluxe,Corporate,USA,152.27,0,0,0,0,761.35
1853,2023-11-28,26,1,2,1,Deluxe,Direct,Germany,178.53,0,1,3,0,178.53
1854,2023-04-28,55,3,2,0,Suite,Direct,UAE,271.31,1,1,2,0,0.0
1855,2023-03-19,49,3,4,0,Standard,OTA,India,104.92,1,1,1,0,0.0
1856,2024-09-13,21,4,2,1,Deluxe,Corporate,Australia,164.73,0,0,1,0,658.92
1857,2023-10-01,21,2,2,0,Deluxe,OTA,USA,167.38,0,1,0,1,334.76
1858,2024-03-02,17,4,2,0,Standard,OTA,Australia,81.05,0,0,1,0,324.2
1859,2024-01-18,15,3,2,0,Standard,Corporate,Australia,122.42,1,0,1,0,0.0
1860,2024-06-20,58,2,2,0,Standard,Direct,Australia,100.41,0,3,0,1,200.82
1861,2024-06-24,16,2,2,0,Standard,Corporate,Germany,81.13,0,0,1,0,162.26
1862,2023-08-05,45,4,2,0,Deluxe,Travel Agent,UAE,202.64,0,3,2,0,810.56
1863,2024-09-10,24,5,2,0,Deluxe,OTA,USA,116.37,1,2,1,1,0.0
1864,2023-09-29,67,3,2,0,Standard,Travel Agent,UK,80.66,0,0,1,0,241.98
1865,2024-09-01,108,3,1,2,Deluxe,Travel Agent,USA,177.33,1,1,3,0,0.0
1866,2023-10-23,1,2,2,0,Standard,OTA,USA,82.38,0,1,2,0,164.76
1867,2023-03-23,18,3,2,0,Executive,Travel Agent,India,262.77,0,0,1,0,788.31
1868,2024-07-08,24,4,2,2,Deluxe,OTA,India,146.09,0,0,2,0,584.36
1869,2023-01-23,30,1,2,1,Standard,Travel Agent,India,121.82,1,0,3,0,0.0
1870,2024-07-17,29,3,2,0,Standard,Travel Agent,UAE,82.26,0,2,3,0,246.78
1871,2023-02-01,12,3,4,0,Suite,Corporate,USA,216.48,0,1,2,1,649.44
1872,2023-05-31,110,2,1,0,Deluxe,Travel Agent,India,127.91,0,1,0,0,255.82
1873,2024-03-16,30,2,2,0,Standard,Corporate,Germany,122.15,0,0,0,0,244.3
1874,2024-11-18,48,4,2,1,Deluxe,Direct,Australia,144.97,0,2,2,0,579.88
1875,2023-10-26,49,1,2,0,Standard,OTA,India,66.48,0,0,0,0,66.48
1876,2023-03-30,9,3,2,0,Executive,OTA,Australia,279.87,0,1,2,0,839.61
1877,2023-06-20,27,3,2,1,Suite,Direct,India,243.97,1,1,3,0,0.0
1878,2024-10-16,58,2,1,0,Standard,Corporate,UAE,80.41,1,0,0,1,0.0
1879,2024-06-14,85,2,1,0,Deluxe,Direct,Australia,169.42,1,1,1,1,0.0
1880,2023-03-15,27,1,1,0,Suite,OTA,India,242.56,0,0,1,0,242.56
1881,2023-10-08,11,1,2,0,Standard,OTA,Singapore,93.06,0,1,1,0,93.06
1882,2023-07-13,22,2,3,0,Suite,Corporate,UAE,233.66,0,1,0,1,467.32
1883,2023-05-10,26,1,1,0,Standard,OTA,Singapore,77.8,0,2,2,0,77.8
1884,2024-09-09,26,4,1,0,Standard,Corporate,India,77.49,0,0,1,1,309.96
1885,2024-03-26,17,4,3,0,Executive,OTA,India,341.48,0,0,0,1,1365.92
1886,2023-05-12,10,2,2,0,Deluxe,Direct,UK,165.18,0,1,0,1,330.36
1887,2024-04-20,14,7,2,0,Standard,OTA,USA,99.98,0,1,2,1,699.86
1888,2023-10-29,22,3,1,0,Deluxe,Corporate,Germany,136.63,0,0,0,0,409.89
1889,2023-02-14,57,3,3,0,Deluxe,Direct,USA,135.03,0,1,0,0,405.09
1890,2023-11-25,72,4,2,0,Deluxe,Direct,India,174.17,0,0,0,1,696.68
1891,2023-05-16,38,1,1,1,Standard,OTA,USA,86.36,1,0,0,0,0.0
1892,2023-06-29,14,5,2,0,Deluxe,OTA,UK,178.96,0,1,1,0,894.8
1893,2024-10-03,23,5,2,0,Suite,OTA,India,165.17,0,0,0,0,825.85
1894,2024-06-02,5,4,2,0,Suite,Direct,USA,300.9,0,1,0,1,1203.6
1895,2023-04-08,86,6,2,0,Standard,OTA,UK,91.17,0,0,1,1,547.02
1896,2024-09-13,21,2,2,0,Executive,OTA,UAE,383.17,0,0,0,0,766.34
1897,2024-02-24,46,2,2,0,Standard,OTA,India,85.66,0,0,1,0,171.32
1898,2024-09-30,68,3,1,0,Suite,OTA,India,204.46,0,1,1,0,613.38
1899,2024-06-29,101,5,2,1,Standard,Corporate,UAE,112.77,1,0,1,1,0.0
1900,2023-09-05,61,5,1,1,Executive,Travel Agent,India,322.57,0,1,0,0,1612.85
1901,2024-01-26,26,3,2,0,Suite,Travel Agent,UAE,350.79,0,0,1,0,1052.37
1902,2024-01-23,50,2,1,0,Suite,OTA,India,329.11,0,1,2,1,658.22
1903,2024-06-09,99,5,2,0,Standard,OTA,UAE,119.79,0,0,0,0,598.95
1904,2023-07-01,21,3,2,0,Suite,OTA,India,285.49,0,0,0,0,856.47
1905,2023-09-01,9,8,2,0,Standard,OTA,USA,92.49,0,0,0,0,739.92
1906,2023-06-28,17,3,2,2,Standard,Direct,India,102.57,0,0,1,0,307.71
1907,2023-08-05,48,3,2,0,Executive,OTA,USA,375.69,0,1,1,0,1127.07
1908,2023-04-28,26,2,3,1,Deluxe,OTA,UAE,137.69,1,1,1,0,0.0
1909,2023-01-27,33,5,4,0,Deluxe,OTA,USA,167.02,1,0,1,0,0.0
1910,2024-11-17,53,4,4,1,Standard,Direct,India,142.12,1,1,2,1,0.0
1911,2023-02-24,17,5,2,0,Deluxe,Direct,Australia,188.8,0,0,1,1,944.0
1912,2024-10-10,32,4,1,0,Standard,OTA,India,73.72,0,2,0,0,294.88
1913,2023-01-03,23,2,2,0,Standard,OTA,UAE,115.76,0,1,1,1,231.52
1914,2024-07-21,96,5,2,0,Executive,OTA,UAE,477.22,0,2,1,1,2386.1
1915,2023-08-28,60,3,2,0,Deluxe,Travel Agent,Australia,134.6,0,1,2,1,403.8
1916,2024-01-13,26,8,1,0,Standard,OTA,Australia,129.76,0,0,2,1,1038.08
1917,2023-07-26,25,3,2,1,Deluxe,Direct,India,181.32,0,0,0,1,543.96
1918,2023-12-25,103,5,1,1,Standard,Direct,Singapore,104.93,0,1,2,0,524.65
1919,2023-11-26,98,2,3,0,Standard,OTA,India,123.44,1,0,0,0,0.0
1920,2024-01-22,48,2,2,0,Suite,OTA,UK,347.32,0,1,0,0,694.64
1921,2023-10-15,34,4,1,1,Standard,OTA,India,87.67,1,1,2,1,0.0
1922,2024-01-27,12,6,2,2,Standard,Direct,India,116.13,0,1,2,0,696.78
1923,2024-08-25,17,2,2,0,Standard,Corporate,Germany,108.39,0,1,0,0,216.78
1924,2023-11-14,11,5,3,0,Deluxe,OTA,Singapore,214.58,0,0,0,0,1072.9
1925,2023-09-21,70,3,2,0,Standard,Direct,India,88.01,0,1,0,0,264.03
1926,2023-04-07,12,1,2,0,Standard,Travel Agent,USA,98.37,0,0,1,0,98.37
1927,2023-09-20,25,2,2,1,Executive,OTA,Germany,320.4,0,0,0,1,640.8
1928,2023-04-02,6,3,2,0,Deluxe,OTA,UK,130.22,0,0,1,1,390.66
1929,2023-05-14,9,3,1,0,Standard,Travel Agent,Australia,98.7,1,0,0,1,0.0
1930,2024-11-26,55,5,4,0,Suite,Corporate,India,283.6,0,1,1,0,1418.0
1931,2023-03-07,43,4,2,0,Deluxe,OTA,India,127.81,0,1,0,0,511.24
1932,2023-12-18,35,1,3,0,Suite,OTA,USA,290.18,0,2,0,0,290.18
1933,2024-09-01,25,1,2,0,Standard,OTA,USA,103.05,1,1,1,0,0.0
1934,2024-11-26,7,3,1,0,Standard,OTA,Australia,132.51,0,1,0,0,397.53
1935,2023-04-18,23,5,2,0,Standard,Travel Agent,India,71.84,0,1,1,0,359.2
1936,2023-04-30,30,2,2,0,Deluxe,Travel Agent,India,169.88,0,1,1,0,339.76
1937,2023-09-29,52,3,1,1,Standard,Direct,India,91.11,0,1,3,1,273.33
1938,2024-02-09,68,4,1,1,Standard,Direct,UAE,101.51,0,1,0,1,406.04
1939,2024-12-01,56,1,3,0,Standard,Travel Agent,India,130.22,0,1,0,0,130.22
1940,2023-06-01,42,1,2,2,Standard,OTA,India,90.13,0,1,1,0,90.13
1941,2023-05-01,34,3,2,0,Standard,Corporate,Australia,74.96,0,1,0,0,224.88
1942,2023-07-04,40,2,2,0,Standard,Direct,UAE,94.77,0,2,0,0,189.54
1943,2024-09-30,21,4,1,0,Deluxe,Corporate,Australia,137.28,0,1,1,0,549.12
1944,2023-01-22,37,3,2,1,Suite,Direct,India,366.36,0,0,2,0,1099.08
1945,2023-10-05,30,2,2,0,Executive,Direct,India,410.88,0,0,0,1,821.76
1946,2023-03-28,130,4,3,2,Standard,Corporate,UK,86.31,1,1,0,0,0.0
1947,2023-04-25,40,3,2,0,Standard,OTA,India,68.63,1,0,0,0,0.0
1948,2024-10-31,4,3,1,1,Standard,OTA,Singapore,93.17,1,2,2,0,0.0
1949,2023-01-02,24,3,2,1,Deluxe,OTA,Singapore,190.47,0,1,0,1,571.41
1950,2023-08-23,28,1,2,1,Standard,OTA,USA,95.46,0,2,0,0,95.46
1951,2024-10-30,61,1,1,2,Suite,Corporate,Singapore,193.8,0,0,0,0,193.8
1952,2024-03-19,44,2,1,0,Executive,Travel Agent,Singapore,294.15,0,1,0,0,588.3
1953,2023-02-22,42,3,1,0,Standard,OTA,UK,92.36,0,0,1,0,277.08
1954,2023-12-06,80,7,3,0,Standard,OTA,India,115.98,1,1,0,0,0.0
1955,2024-12-09,98,3,3,1,Deluxe,Direct,India,206.54,0,1,0,1,619.62
1956,2023-10-20,55,2,2,0,Deluxe,Travel Agent,India,174.99,1,2,0,0,0.0
1957,2024-01-21,26,3,1,0,Suite,Direct,Germany,354.78,0,0,2,0,1064.34
1958,2024-01-24,26,3,2,0,Standard,Direct,USA,68.7,1,2,0,1,0.0
1959,2024-04-27,73,6,2,0,Standard,OTA,Germany,83.32,1,1,0,0,0.0
1960,2023-05-17,26,5,2,0,Deluxe,Travel Agent,UAE,107.76,0,3,2,0,538.8
1961,2024-09-04,33,1,2,0,Deluxe,OTA,Germany,153.92,0,0,3,1,153.92
1962,2024-12-22,24,2,1,2,Deluxe,OTA,India,217.09,1,0,2,0,0.0
1963,2023-04-15,14,7,1,0,Standard,Corporate,UAE,90.89,1,1,2,0,0.0
1964,2024-08-20,124,3,2,2,Standard,OTA,India,91.32,1,1,2,1,0.0
1965,2024-08-19,33,2,2,0,Standard,Direct,UAE,109.81,0,0,0,0,219.62
1966,2024-06-25,87,2,2,0,Suite,Direct,USA,239.14,0,0,2,0,478.28
1967,2023-09-28,26,4,2,2,Standard,OTA,India,68.7,0,0,2,0,274.8
1968,2023-12-09,21,6,2,0,Standard,Travel Agent,UAE,105.37,0,0,0,0,632.22
1969,2024-09-04,52,3,4,0,Standard,OTA,India,82.12,0,2,1,0,246.36
1970,2023-04-22,68,1,2,1,Suite,OTA,Germany,231.67,0,0,1,0,231.67
1971,2024-08-27,70,3,2,0,Deluxe,OTA,USA,176.77,0,2,0,0,530.31
1972,2024-11-03,30,2,2,0,Suite,OTA,USA,345.43,0,1,1,1,690.86
1973,2024-05-12,55,5,3,0,Executive,Direct,USA,291.3,0,0,0,1,1456.5
1974,2023-09-07,23,3,2,0,Standard,Direct,India,78.59,0,2,2,0,235.77
1975,2024-02-13,36,2,2,0,Executive,Direct,UK,268.07,1,2,1,1,0.0
1976,2023-02-06,28,3,2,0,Standard,OTA,India,79.6,1,1,2,0,0.0
1977,2024-11-11,25,9,2,0,Deluxe,Direct,Australia,200.16,0,1,0,0,1801.44
1978,2023-09-07,37,6,2,0,Standard,Direct,Germany,79.26,0,2,0,1,475.56
1979,2023-02-11,14,2,4,0,Deluxe,OTA,Australia,138.87,1,0,1,1,0.0
1980,2024-08-02,64,8,2,0,Deluxe,OTA,UAE,190.52,0,0,1,1,1524.16
1981,2024-04-25,25,4,2,0,Standard,OTA,India,76.58,0,0,1,0,306.32
1982,2024-03-30,62,3,2,1,Standard,Direct,USA,98.67,1,1,0,0,0.0
1983,2023-02-09,16,2,2,2,Standard,Direct,UAE,83.8,0,1,1,0,167.6
1984,2024-07-02,25,2,3,1,Standard,OTA,UK,84.64,1,2,3,0,0.0
1985,2024-04-10,14,7,2,0,Deluxe,OTA,UAE,110.56,0,0,1,1,773.92
1986,2024-08-02,13,3,1,0,Deluxe,OTA,USA,172.84,0,1,0,1,518.52
1987,2024-08-26,18,5,3,1,Standard,OTA,UK,101.47,0,0,1,0,507.35
1988,2023-06-04,16,5,3,0,Standard,Direct,UK,134.16,0,2,0,0,670.8
1989,2023-06-03,14,4,3,0,Executive,Travel Agent,India,360.82,0,0,4,0,1443.28
1990,2024-11-05,34,1,2,0,Deluxe,Direct,UK,155.51,0,0,0,0,155.51
1991,2024-01-23,51,3,1,0,Deluxe,OTA,USA,197.2,0,0,4,0,591.6
1992,2023-11-16,53,2,4,2,Standard,OTA,USA,111.15,0,1,0,1,222.3
1993,2023-07-29,7,2,1,0,Deluxe,OTA,India,176.57,0,2,0,0,353.14
1994,2024-04-11,28,5,1,0,Suite,OTA,Australia,238.98,1,1,0,0,0.0
1995,2024-07-04,26,3,2,0,Standard,Travel Agent,Germany,110.83,0,0,0,0,332.49
1996,2023-01-02,81,3,2,1,Deluxe,OTA,India,198.32,0,0,0,0,594.96
1997,2024-02-08,28,3,2,0,Standard,Travel Agent,Australia,73.7,0,1,1,0,221.1
1998,2024-12-26,32,5,2,0,Standard,Direct,Germany,114.28,0,0,0,0,571.4
1999,2023-07-24,10,4,1,1,Deluxe,OTA,Germany,178.02,1,1,0,0,0.0
2000,2023-07-25,18,3,2,2,Deluxe,Direct,Singapore,151.44,0,0,2,1,454.32
2001,2024-10-03,9,5,3,0,Deluxe,OTA,UK,136.54,0,2,0,1,682.7
2002,2023-02-15,36,4,3,0,Deluxe,OTA,India,121.57,0,1,1,0,486.28
2003,2023-10-18,82,5,1,1,Deluxe,OTA,India,115.86,0,1,0,0,579.3
2004,2023-12-01,18,4,2,1,Deluxe,Travel Agent,India,213.0,1,0,1,0,0.0
2005,2024-08-05,29,2,1,0,Standard,OTA,USA,107.19,0,0,0,0,214.38
2006,2023-04-05,17,3,2,0,Standard,OTA,India,87.8,0,2,1,0,263.4
2007,2023-11-13,21,8,2,0,Standard,Travel Agent,India,91.31,0,0,2,1,730.48
2008,2023-04-22,37,4,2,0,Executive,Travel Agent,USA,401.46,0,0,0,0,1605.84
2009,2024-07-28,108,2,2,0,Standard,Direct,India,118.79,0,0,0,1,237.58
2010,2024-04-06,80,1,2,0,Standard,OTA,India,105.04,0,0,1,0,105.04
2011,2023-12-29,95,2,2,1,Deluxe,Corporate,UAE,180.66,1,0,0,1,0.0
2012,2023-10-14,62,5,2,0,Deluxe,OTA,UK,165.63,0,0,2,0,828.15
2013,2023-04-22,28,3,1,2,Suite,OTA,UK,274.21,0,1,0,0,822.63
2014,2024-11-03,25,3,2,0,Deluxe,OTA,India,172.65,0,2,0,0,517.95
2015,2024-04-17,18,1,3,0,Standard,Travel Agent,UAE,84.83,0,0,0,0,84.83
2016,2023-08-21,2,2,2,2,Standard,Travel Agent,India,84.85,0,2,0,0,169.7
2017,2023-10-30,28,3,2,0,Suite,Corporate,USA,222.09,0,0,0,1,666.27
2018,2024-06-14,83,1,2,0,Suite,OTA,India,390.39,0,0,1,1,390.39
2019,2024-06-09,83,6,2,0,Executive,OTA,Germany,431.6,0,1,2,1,2589.6
2020,2023-12-03,133,3,1,0,Suite,OTA,India,339.55,1,0,0,1,0.0
2021,2023-08-10,39,2,2,0,Standard,Travel Agent,Singapore,79.65,0,0,0,0,159.3
2022,2024-04-26,12,2,1,2,Standard,Travel Agent,India,95.92,0,1,1,0,191.84
2023,2024-04-25,49,2,2,2,Deluxe,Direct,USA,128.66,0,1,2,0,257.32
2024,2024-03-13,109,5,2,0,Deluxe,OTA,UK,99.66,1,3,0,1,0.0
2025,2023-02-23,90,6,3,0,Standard,OTA,USA,70.16,1,2,2,0,0.0
2026,2023-12-12,23,2,2,0,Deluxe,Direct,Australia,195.64,0,2,2,0,391.28
2027,2024-03-24,13,5,1,2,Executive,OTA,UK,401.2,0,0,0,0,2006.0
2028,2024-11-24,12,7,1,0,Standard,Corporate,UAE,126.29,0,2,0,0,884.03
2029,2024-01-19,19,3,2,0,Standard,OTA,Australia,140.26,0,1,0,0,420.78
2030,2023-09-08,22,2,2,0,Standard,Direct,India,93.11,0,1,0,1,186.22
2031,2024-02-10,27,6,2,2,Standard,Corporate,USA,84.39,0,2,1,0,506.34
2032,2023-05-10,53,5,2,0,Suite,OTA,USA,279.88,0,0,1,0,1399.4
2033,2023-03-08,26,3,3,0,Deluxe,Travel Agent,UAE,109.02,0,0,0,1,327.06
2034,2024-05-10,35,3,2,0,Standard,Direct,Germany,97.42,0,1,0,0,292.26
2035,2024-12-20,8,5,2,0,Suite,Direct,USA,317.64,0,1,2,0,1588.2
2036,2024-09-09,18,3,1,0,Standard,Direct,India,78.65,0,0,1,0,235.95
2037,2024-03-02,18,5,1,0,Deluxe,OTA,UAE,179.22,0,0,1,1,896.1
2038,2023-01-30,7,4,2,0,Deluxe,Corporate,Germany,177.87,0,1,0,0,711.48
2039,2024-12-22,26,6,2,0,Suite,OTA,India,331.05,0,0,1,0,1986.3
2040,2023-11-25,9,3,3,0,Standard,Direct,India,117.07,0,2,0,1,351.21
2041,2023-07-31,24,1,2,1,Deluxe,Direct,India,167.78,1,1,0,0,0.0
2042,2024-10-13,37,7,2,0,Deluxe,Travel Agent,India,133.72,0,2,1,1,936.04
2043,2024-06-28,84,4,3,0,Suite,Direct,India,309.5,0,1,0,1,1238.0
2044,2024-07-01,17,5,2,0,Suite,Direct,UAE,261.87,1,1,0,0,0.0
2045,2023-07-22,36,2,2,0,Executive,OTA,India,378.47,0,1,2,0,756.94
2046,2024-12-25,20,4,2,0,Standard,Direct,Germany,90.31,0,0,1,0,361.24
2047,2023-11-27,8,3,2,1,Standard,OTA,India,109.32,0,2,0,0,327.96
2048,2024-01-23,85,4,2,0,Standard,OTA,UAE,104.05,1,0,0,0,0.0
2049,2024-07-02,38,2,1,0,Deluxe,OTA,India,161.45,0,1,0,0,322.9
2050,2024-04-26,47,2,2,0,Suite,OTA,India,189.22,0,0,1,1,378.44
2051,2023-05-06,94,4,1,1,Deluxe,OTA,India,142.47,0,1,1,0,569.88
2052,2023-08-09,24,5,2,0,Standard,Direct,UK,106.6,0,0,0,0,533.0
2053,2023-09-21,11,1,2,0,Deluxe,Corporate,UK,105.32,0,1,0,1,105.32
2054,2024-11-22,17,2,1,0,Standard,OTA,UK,153.14,0,0,3,1,306.28
2055,2024-06-05,10,3,2,0,Standard,Travel Agent,USA,100.95,0,1,2,0,302.85
2056,2023-09-25,70,1,1,0,Deluxe,OTA,UK,128.82,0,2,1,1,128.82
2057,2024-06-20,111,6,2,0,Suite,OTA,Singapore,269.5,0,1,1,1,1617.0
2058,2024-06-23,37,4,3,2,Standard,OTA,India,99.97,0,0,1,0,399.88
2059,2023-10-15,54,4,2,0,Deluxe,Travel Agent,India,176.14,0,0,0,0,704.56
2060,2023-10-22,64,2,1,0,Deluxe,Direct,USA,153.88,0,2,0,0,307.76
2061,2024-10-14,98,6,3,0,Standard,Direct,Germany,81.26,0,1,1,1,487.56
2062,2024-02-15,108,3,3,0,Deluxe,Travel Agent,Australia,146.66,1,0,0,1,0.0
2063,2023-04-20,5,2,2,0,Standard,OTA,UAE,84.35,0,0,2,0,168.7
2064,2024-06-09,21,2,2,0,Suite,Corporate,India,281.21,0,0,1,0,562.42
2065,2024-03-06,34,4,1,0,Deluxe,Direct,UAE,130.49,1,1,0,1,0.0
2066,2024-01-07,19,4,4,2,Standard,Travel Agent,India,133.63,0,2,0,0,534.52
2067,2024-06-13,27,3,2,0,Standard,OTA,India,97.42,0,0,2,0,292.26
2068,2024-10-24,45,5,2,0,Standard,Direct,India,67.69,0,0,1,0,338.45
2069,2023-08-30,44,6,2,0,Executive,Direct,Singapore,423.27,0,2,1,0,2539.62
2070,2023-11-03,63,2,2,2,Suite,Corporate,UAE,350.76,1,3,0,0,0.0
2071,2023-05-19,34,5,1,0,Suite,OTA,India,242.94,0,3,0,0,1214.7
2072,2024-04-17,2,2,4,0,Deluxe,Direct,India,141.15,0,1,2,0,282.3
2073,2023-10-21,26,5,2,1,Suite,Direct,Australia,239.92,0,1,1,0,1199.6
2074,2023-09-07,42,3,1,0,Deluxe,OTA,UAE,107.09,0,0,1,0,321.27
2075,2024-05-23,66,6,1,0,Standard,OTA,India,80.56,1,0,1,0,0.0
2076,2023-10-25,60,2,2,0,Standard,OTA,Singapore,87.02,0,1,4,1,174.04
2077,2023-12-05,31,3,2,0,Standard,Corporate,UK,105.29,1,1,0,0,0.0
2078,2023-11-18,20,4,1,0,Standard,Direct,USA,121.66,1,1,1,1,0.0
2079,2023-07-08,32,4,2,0,Standard,Travel Agent,UK,108.74,0,0,2,0,434.96
2080,2023-04-02,6,5,2,1,Standard,Corporate,UAE,91.53,0,0,1,1,457.65
2081,2024-08-26,21,5,2,0,Deluxe,Direct,India,159.87,1,0,3,0,0.0
2082,2023-03-08,74,4,4,0,Standard,Travel Agent,India,88.23,0,2,1,0,352.92
2083,2023-08-26,32,3,2,0,Standard,OTA,UK,120.94,1,0,0,0,0.0
2084,2024-05-02,43,2,3,0,Deluxe,OTA,USA,162.63,0,0,2,0,325.26
2085,2023-04-06,10,5,2,1,Deluxe,Direct,Germany,158.13,0,0,0,0,790.65
2086,2024-04-23,65,1,1,0,Standard,OTA,Australia,72.3,0,0,1,0,72.3
2087,2024-06-19,30,4,1,0,Executive,Direct,UK,352.66,1,0,2,1,0.0
2088,2024-04-28,42,5,4,1,Deluxe,Direct,UK,163.49,0,1,0,0,817.45
2089,2023-08-11,49,3,1,0,Standard,Direct,UK,87.43,0,0,1,0,262.29
2090,2023-01-15,64,3,1,0,Standard,Corporate,India,129.75,0,0,1,0,389.25
2091,2024-10-09,38,5,2,1,Standard,Corporate,India,72.33,0,1,0,0,361.65
2092,2023-08-27,30,3,2,0,Standard,OTA,UK,110.45,0,0,0,0,331.35
2093,2024-08-10,12,2,2,0,Suite,OTA,USA,306.11,1,0,1,0,0.0
2094,2023-05-25,9,4,1,0,Suite,Corporate,Germany,174.78,0,2,1,0,699.12
2095,2023-04-29,37,1,2,0,Standard,Corporate,India,119.33,1,1,1,1,0.0
2096,2024-07-22,43,3,3,1,Standard,Travel Agent,UK,90.43,0,1,0,1,271.29
2097,2024-11-17,47,7,3,0,Standard,OTA,Germany,146.48,0,2,0,1,1025.36
2098,2024-09-20,17,4,4,0,Deluxe,OTA,UK,121.19,0,0,0,0,484.76
2099,2024-07-02,22,3,2,1,Suite,Corporate,India,245.01,0,0,1,0,735.03
2100,2023-06-30,37,4,1,0,Standard,OTA,UK,121.51,0,0,0,0,486.04
2101,2024-10-28,24,6,1,0,Suite,OTA,Australia,214.67,1,1,0,1,0.0
2102,2024-05-02,140,5,3,0,Standard,Direct,India,88.05,1,1,2,1,0.0
2103,2023-05-06,21,2,2,0,Deluxe,Direct,UK,161.58,0,1,0,1,323.16
2104,2023-04-05,45,1,2,0,Standard,Corporate,USA,72.41,1,1,2,0,0.0
2105,2024-09-27,58,4,2,0,Deluxe,OTA,India,172.15,1,0,0,0,0.0
2106,2023-07-20,61,3,2,0,Deluxe,OTA,USA,167.47,0,1,0,1,502.41
2107,2024-07-13,23,1,2,0,Deluxe,Direct,USA,149.04,0,0,0,1,149.04
2108,2023-04-12,49,2,2,1,Suite,OTA,UK,223.67,0,2,1,0,447.34
2109,2023-07-24,45,3,2,0,Standard,OTA,UAE,103.91,0,0,1,0,311.73
2110,2023-07-26,50,5,1,1,Standard,Travel Agent,India,95.24,0,2,0,1,476.2
2111,2023-07-25,37,2,1,0,Deluxe,OTA,India,157.54,0,1,0,0,315.08
2112,2024-05-07,59,2,1,0,Deluxe,OTA,UK,138.11,1,3,3,1,0.0
2113,2024-10-29,40,4,4,0,Executive,Direct,India,242.36,1,1,0,0,0.0
2114,2024-10-26,11,3,4,0,Suite,OTA,UK,247.93,0,0,0,1,743.79
2115,2024-06-25,39,3,2,1,Deluxe,OTA,UK,149.62,1,0,0,0,0.0
2116,2023-05-28,42,6,3,0,Deluxe,Travel Agent,India,163.65,0,0,1,1,981.9
2117,2024-12-02,56,5,1,0,Deluxe,Travel Agent,Singapore,164.33,1,1,2,0,0.0
2118,2024-01-31,37,4,1,0,Standard,OTA,USA,133.67,0,0,1,1,534.68
2119,2024-02-03,99,5,1,0,Standard,OTA,Singapore,85.89,0,0,0,0,429.45
2120,2024-05-27,31,2,1,0,Standard,Corporate,India,69.49,1,0,2,0,0.0
2121,2024-07-15,22,2,2,0,Standard,OTA,Singapore,110.5,0,0,0,0,221.0
2122,2024-11-26,80,3,1,0,Suite,OTA,UK,319.3,0,0,1,1,957.9
2123,2024-03-01,31,5,4,0,Deluxe,Direct,Singapore,156.89,0,2,2,0,784.45
2124,2024-03-21,35,1,2,0,Suite,OTA,UK,214.26,0,1,2,0,214.26
2125,2024-06-28,42,4,1,0,Suite,Direct,Singapore,291.63,0,0,1,0,1166.52
2126,2023-07-06,40,7,3,1,Suite,Direct,India,279.3,1,0,1,1,0.0
2127,2023-08-13,50,3,3,0,Suite,Direct,UK,283.78,0,0,0,0,851.34
2128,2024-04-01,54,3,2,0,Standard,OTA,India,97.31,1,1,1,0,0.0
2129,2023-02-16,21,3,1,2,Standard,OTA,UK,82.51,0,1,2,0,247.53
2130,2023-08-22,13,5,2,0,Deluxe,Travel Agent,India,151.37,0,1,2,1,756.85
2131,2024-06-08,14,4,2,0,Standard,OTA,Germany,105.22,0,1,0,1,420.88
2132,2024-12-13,74,7,2,2,Standard,Direct,USA,106.39,1,2,1,0,0.0
2133,2024-01-15,29,3,2,0,Executive,OTA,USA,440.46,0,1,0,0,1321.38
2134,2023-10-19,58,5,3,0,Deluxe,Direct,Singapore,118.02,0,0,2,0,590.1
2135,2023-11-18,55,2,2,0,Standard,Direct,Australia,122.28,0,0,1,0,244.56
2136,2024-05-15,35,3,4,0,Deluxe,Direct,Singapore,169.74,0,0,0,0,509.22
2137,2024-02-02,17,4,1,1,Suite,Travel Agent,India,198.24,0,0,0,0,792.96
2138,2023-01-17,56,4,3,0,Executive,OTA,Australia,400.17,0,1,0,0,1600.68
2139,2024-01-29,34,2,1,1,Deluxe,Direct,USA,146.68,0,0,2,0,293.36
2140,2023-10-20,12,2,2,0,Standard,OTA,Australia,86.07,1,1,1,0,0.0
2141,2024-05-26,24,2,3,0,Suite,Direct,USA,248.68,0,0,0,0,497.36
2142,2024-09-30,8,3,2,0,Deluxe,Travel Agent,UK,109.66,0,2,2,1,328.98
2143,2024-12-03,25,4,1,1,Deluxe,Corporate,India,184.12,0,1,0,1,736.48
2144,2024-03-21,36,3,4,0,Suite,Direct,India,258.77,0,0,0,1,776.31
2145,2023-09-22,32,4,4,0,Deluxe,OTA,UK,155.47,0,0,2,0,621.88
2146,2023-11-21,29,3,2,0,Executive,Travel Agent,India,445.84,0,1,1,1,1337.52
2147,2023-05-09,36,3,2,0,Executive,OTA,UK,358.47,0,1,1,0,1075.41
2148,2024-11-14,48,5,1,0,Standard,Travel Agent,India,115.87,0,0,2,1,579.35
2149,2024-09-10,61,4,2,2,Standard,OTA,India,57.39,1,0,0,0,0.0
2150,2024-09-15,67,5,2,0,Standard,Direct,India,93.98,0,0,2,0,469.9
2151,2023-08-28,19,2,1,0,Standard,Travel Agent,India,67.17,1,2,1,0,0.0
2152,2023-08-24,71,2,1,0,Standard,Direct,India,87.68,0,1,2,1,175.36
2153,2024-09-17,34,1,3,0,Deluxe,Direct,UAE,106.62,1,0,1,1,0.0
2154,2024-02-02,26,1,2,1,Standard,Corporate,USA,95.01,0,0,0,0,95.01
2155,2024-05-29,15,3,2,1,Suite,OTA,India,196.31,0,1,0,0,588.93
2156,2023-12-24,2,4,4,0,Standard,OTA,India,128.68,0,0,0,0,514.72
2157,2023-11-20,46,9,2,1,Standard,OTA,Germany,118.12,1,0,0,1,0.0
2158,2024-04-06,45,4,2,1,Standard,Direct,India,81.42,0,0,0,1,325.68
2159,2024-08-16,22,2,3,0,Standard,OTA,UAE,113.73,0,0,1,1,227.46
2160,2023-09-01,23,4,4,0,Standard,Corporate,UAE,63.09,1,2,1,1,0.0
2161,2024-08-13,31,1,1,0,Suite,OTA,India,216.72,0,0,0,0,216.72
2162,2023-06-28,26,2,2,2,Standard,Travel Agent,Australia,110.6,0,0,1,0,221.2
2163,2023-10-22,18,3,2,1,Executive,OTA,UK,308.49,0,2,1,1,925.47
2164,2024-10-28,13,4,1,0,Standard,Direct,Germany,74.96,0,1,3,0,299.84
2165,2024-11-27,71,2,1,0,Standard,OTA,India,97.4,0,2,1,0,194.8
2166,2024-11-05,24,7,1,1,Suite,Direct,UAE,235.23,0,2,0,1,1646.61
2167,2023-08-19,45,2,2,0,Deluxe,Direct,UK,157.14,0,2,0,0,314.28
2168,2024-09-07,51,3,1,2,Standard,Direct,India,91.94,0,0,1,0,275.82
2169,2024-11-14,46,2,3,0,Standard,Corporate,Australia,103.01,0,2,0,1,206.02
2170,2024-12-15,52,3,2,0,Suite,Direct,Germany,385.54,0,3,1,1,1156.62
2171,2023-01-16,46,5,2,0,Standard,OTA,UAE,99.98,0,2,1,0,499.9
2172,2024-06-27,21,2,3,0,Standard,Corporate,Australia,95.86,0,0,1,0,191.72
2173,2024-12-28,27,3,2,0,Suite,OTA,India,319.25,0,0,2,0,957.75
2174,2024-07-12,70,4,2,0,Deluxe,Direct,UAE,199.51,0,1,0,1,798.04
2175,2023-06-20,23,1,3,1,Suite,OTA,India,218.6,1,2,2,0,0.0
2176,2024-07-10,34,4,3,1,Deluxe,Travel Agent,Singapore,164.94,0,0,2,0,659.76
2177,2023-03-18,48,3,2,0,Deluxe,OTA,UK,156.76,1,1,1,0,0.0
2178,2023-12-17,87,4,2,0,Deluxe,Direct,Germany,181.93,0,0,2,1,727.72
2179,2024-04-02,66,4,2,0,Standard,OTA,India,79.05,0,0,1,1,316.2
2180,2023-11-30,16,6,2,0,Deluxe,OTA,India,183.65,0,1,0,0,1101.9
2181,2024-05-25,44,3,2,0,Executive,OTA,UAE,316.36,1,1,1,0,0.0
2182,2023-06-25,40,3,4,0,Standard,Direct,India,100.96,0,0,0,0,302.88
2183,2024-03-18,27,3,2,0,Deluxe,Corporate,India,110.82,1,1,1,0,0.0
2184,2024-04-15,35,5,1,1,Standard,Corporate,UK,99.41,0,1,0,0,497.05
2185,2024-04-07,20,4,2,0,Deluxe,OTA,India,141.12,0,0,1,0,564.48
2186,2023-07-31,30,6,2,0,Deluxe,OTA,UK,133.05,0,0,1,0,798.3
2187,2023-08-11,23,2,2,1,Deluxe,Direct,Germany,141.34,0,0,2,0,282.68
2188,2023-07-08,37,6,2,0,Standard,OTA,UK,99.76,1,0,1,0,0.0
2189,2023-12-04,27,3,4,0,Standard,Direct,USA,111.46,0,0,4,0,334.38
2190,2024-03-03,91,1,2,0,Standard,OTA,India,89.18,0,1,1,0,89.18
2191,2023-09-22,38,5,4,0,Deluxe,Corporate,India,155.79,0,0,1,1,778.95
2192,2023-10-27,33,5,2,0,Standard,Direct,India,99.9,0,0,1,0,499.5
2193,2023-07-29,29,3,1,1,Standard,Direct,Germany,108.4,0,0,0,0,325.2
2194,2023-06-09,27,2,2,0,Standard,Direct,India,108.71,0,0,0,0,217.42
2195,2024-04-24,12,1,3,1,Standard,OTA,Australia,95.03,0,0,0,1,95.03
2196,2024-08-18,58,5,3,0,Deluxe,Corporate,India,195.26,0,0,2,0,976.3
2197,2023-08-01,80,3,1,0,Deluxe,Direct,Australia,163.2,0,0,1,1,489.6
2198,2024-09-20,23,2,2,0,Suite,OTA,India,242.58,0,1,0,0,485.16
2199,2024-02-21,70,5,2,0,Standard,OTA,Germany,86.48,0,1,2,0,432.4
2200,2023-05-03,139,3,2,2,Deluxe,OTA,Australia,135.5,0,1,0,0,406.5
2201,2023-09-25,109,3,1,0,Standard,Direct,USA,83.02,0,0,0,0,249.06
2202,2023-01-06,78,1,2,1,Standard,Travel Agent,Singapore,134.89,0,0,0,0,134.89
2203,2023-01-29,14,2,2,0,Deluxe,Travel Agent,India,209.72,0,2,1,0,419.44
2204,2023-09-03,14,1,2,2,Standard,Direct,India,75.23,0,1,0,1,75.23
2205,2023-11-28,52,4,1,0,Standard,OTA,Singapore,108.71,1,2,0,0,0.0
2206,2024-08-05,34,4,2,0,Standard,OTA,India,83.15,0,3,0,1,332.6
2207,2023-04-09,5,2,3,2,Deluxe,Direct,India,160.86,0,0,2,0,321.72
2208,2024-09-04,25,3,2,0,Standard,OTA,India,64.94,0,0,0,0,194.82
2209,2023-06-21,51,4,3,1,Suite,Direct,Singapore,263.02,0,0,1,0,1052.08
2210,2023-04-11,31,3,2,0,Standard,Travel Agent,Germany,80.56,0,1,2,0,241.68
2211,2024-05-25,35,6,1,0,Standard,OTA,India,79.34,1,0,1,0,0.0
2212,2024-07-19,14,3,1,0,Deluxe,Travel Agent,India,177.65,0,1,0,0,532.95
2213,2024-03-17,25,3,2,0,Suite,Corporate,USA,276.31,0,2,0,1,828.93
2214,2023-03-26,52,4,2,0,Deluxe,OTA,Germany,139.51,0,1,1,1,558.04
2215,2023-03-26,24,5,4,1,Standard,OTA,India,95.2,0,0,0,0,476.0
2216,2023-10-12,74,6,1,0,Suite,Corporate,India,233.4,1,1,2,0,0.0
2217,2023-11-25,35,3,1,2,Deluxe,Direct,UAE,175.97,0,1,0,0,527.91
2218,2024-12-29,46,3,3,0,Executive,Direct,India,468.06,0,0,0,0,1404.18
2219,2023-07-29,52,3,3,0,Deluxe,OTA,USA,174.86,1,1,0,0,0.0
2220,2023-05-21,50,3,2,0,Standard,OTA,UAE,91.84,0,3,0,0,275.52
2221,2024-11-21,16,5,2,2,Suite,Corporate,UK,239.83,0,0,0,1,1199.15
2222,2023-04-23,18,3,3,0,Standard,OTA,USA,76.46,0,1,0,0,229.38
2223,2023-01-20,5,5,2,1,Deluxe,OTA,Germany,231.37,0,0,0,0,1156.85
2224,2023-11-05,27,4,2,0,Deluxe,OTA,UK,220.14,1,0,0,0,0.0
2225,2023-10-20,17,3,4,0,Standard,OTA,Germany,94.43,0,0,3,0,283.29
2226,2024-03-28,24,4,2,1,Standard,Corporate,UK,88.66,0,0,1,0,354.64
2227,2024-10-02,29,3,2,0,Standard,OTA,USA,67.27,0,0,1,0,201.81
2228,2024-11-12,38,2,4,0,Standard,Travel Agent,UK,105.06,1,0,0,0,0.0
2229,2023-07-31,31,4,2,0,Deluxe,Direct,USA,149.99,1,1,2,0,0.0
2230,2024-12-16,31,2,1,0,Deluxe,Corporate,India,159.28,0,0,2,0,318.56
2231,2024-04-06,43,7,2,1,Standard,Corporate,USA,79.48,0,2,0,1,556.36
2232,2023-02-20,33,4,2,0,Standard,Corporate,Singapore,92.64,0,1,1,0,370.56
2233,2024-11-16,61,5,1,0,Suite,Corporate,UK,315.75,0,0,0,0,1578.75
2234,2023-04-11,34,3,2,0,Standard,OTA,UAE,84.33,1,0,2,0,0.0
2235,2024-03-05,87,2,1,0,Suite,OTA,UK,228.77,0,1,0,0,457.54
2236,2024-07-31,15,2,1,1,Standard,Direct,USA,108.04,0,1,1,0,216.08
2237,2023-07-02,27,3,1,0,Suite,OTA,USA,330.35,1,0,0,1,0.0
2238,2023-07-17,21,4,2,2,Deluxe,Travel Agent,India,150.24,0,4,0,0,600.96
2239,2023-12-14,39,2,3,0,Standard,OTA,India,91.6,0,0,2,1,183.2
2240,2024-10-07,15,8,2,0,Standard,OTA,Australia,88.57,1,2,1,0,0.0
2241,2023-06-13,10,5,3,0,Standard,OTA,India,110.08,0,2,1,0,550.4
2242,2024-04-29,18,4,1,1,Standard,OTA,UK,103.65,0,0,2,0,414.6
2243,2023-11-27,11,2,2,0,Standard,OTA,USA,120.68,0,1,1,1,241.36
2244,2023-03-23,30,5,2,0,Deluxe,Corporate,India,120.03,0,0,0,1,600.15
2245,2024-06-02,38,4,3,0,Deluxe,Direct,India,168.44,0,0,1,0,673.76
2246,2024-08-30,9,2,2,2,Standard,Travel Agent,Singapore,82.89,0,0,0,0,165.78
2247,2024-02-25,26,5,2,0,Deluxe,Direct,India,134.94,0,0,0,1,674.7
2248,2023-05-09,66,5,2,0,Standard,Travel Agent,India,67.82,0,0,0,0,339.1
2249,2023-04-24,78,5,4,0,Standard,Travel Agent,India,85.65,0,0,0,1,428.25
2250,2023-11-06,55,4,3,0,Standard,Corporate,India,120.41,0,2,3,0,481.64
2251,2024-01-05,3,2,3,0,Standard,Direct,UAE,157.86,0,0,0,1,315.72
2252,2024-02-08,36,2,2,0,Standard,Travel Agent,Australia,109.64,1,0,0,0,0.0
2253,2023-06-27,71,1,1,0,Standard,OTA,India,98.87,1,1,5,1,0.0
2254,2024-01-01,24,4,2,0,Standard,Direct,USA,100.45,0,0,1,0,401.8
2255,2023-08-04,12,2,2,0,Executive,Direct,UK,394.57,0,1,1,0,789.14
2256,2024-05-15,68,3,2,0,Deluxe,Travel Agent,India,119.2,0,0,1,0,357.6
2257,2024-08-04,74,5,1,1,Executive,Corporate,India,530.44,0,1,0,0,2652.2
2258,2024-04-21,33,3,2,0,Standard,OTA,USA,61.42,0,1,0,0,184.26
2259,2023-01-01,13,4,1,0,Suite,OTA,UK,407.96,0,2,3,1,1631.84
2260,2024-12-25,8,4,2,0,Standard,OTA,Singapore,95.9,0,1,0,0,383.6
2261,2023-01-18,42,4,1,0,Standard,Direct,USA,102.93,0,1,0,1,411.72
2262,2024-12-30,21,3,3,0,Standard,Direct,India,74.56,0,0,1,1,223.68
2263,2023-01-24,32,1,1,0,Standard,Travel Agent,UK,121.67,0,0,1,0,121.67
2264,2024-01-13,29,5,2,0,Standard,Direct,India,136.02,0,1,2,0,680.1
2265,2023-03-19,17,3,1,2,Deluxe,OTA,India,129.89,0,2,3,0,389.67
2266,2023-03-11,7,5,1,1,Suite,OTA,India,286.62,0,1,2,0,1433.1
2267,2024-05-13,24,2,2,0,Standard,Direct,India,88.78,0,0,3,0,177.56
2268,2024-06-15,37,4,1,0,Suite,OTA,USA,284.28,0,1,3,0,1137.12
2269,2023-03-28,38,3,2,0,Standard,Direct,India,60.3,0,0,4,1,180.9
2270,2024-12-13,20,4,1,0,Standard,OTA,Australia,120.93,0,0,0,0,483.72
2271,2023-08-22,73,3,2,0,Standard,OTA,India,108.0,0,0,2,0,324.0
2272,2023-08-21,14,2,3,0,Standard,Corporate,UAE,85.46,0,0,1,0,170.92
2273,2023-08-05,63,2,2,0,Standard,OTA,UK,124.72,1,2,1,0,0.0
2274,2023-12-03,36,4,1,0,Standard,Direct,Singapore,111.37,1,0,1,0,0.0
2275,2023-05-10,24,8,2,1,Standard,OTA,UK,79.13,0,1,0,0,633.04
2276,2023-11-07,46,2,1,0,Suite,Travel Agent,Germany,270.75,0,1,1,0,541.5
2277,2023-06-03,28,2,2,0,Suite,OTA,India,309.3,0,0,0,0,618.6
2278,2023-02-07,10,4,3,0,Executive,Corporate,India,329.56,1,0,1,1,0.0
2279,2023-09-27,13,4,1,0,Standard,Direct,USA,95.66,0,1,3,0,382.64
2280,2024-05-05,27,4,2,0,Standard,Travel Agent,UAE,94.3,0,1,0,0,377.2
2281,2024-07-11,22,2,3,0,Deluxe,OTA,India,126.82,0,1,0,1,253.64
2282,2023-09-15,62,4,2,0,Deluxe,Direct,India,160.84,0,0,0,0,643.36
2283,2023-08-25,21,2,1,0,Standard,Direct,India,106.45,0,0,4,1,212.9
2284,2024-07-28,20,2,4,0,Suite,OTA,USA,291.97,0,0,1,0,583.94
2285,2024-05-12,18,3,1,0,Executive,OTA,India,349.38,0,0,1,0,1048.14
2286,2024-08-30,17,4,2,1,Standard,OTA,UAE,117.81,0,1,0,1,471.24
2287,2024-10-23,17,2,1,0,Executive,Travel Agent,UK,285.11,0,2,0,1,570.22
2288,2024-08-22,11,5,4,0,Standard,Direct,Singapore,102.69,0,1,0,0,513.45
2289,2024-11-14,37,6,2,0,Deluxe,Travel Agent,Singapore,184.02,1,0,1,0,0.0
2290,2023-11-01,30,3,2,0,Standard,OTA,India,115.54,0,0,1,1,346.62
2291,2023-10-16,29,4,4,0,Deluxe,Direct,India,143.73,0,1,0,1,574.92
2292,2023-08-23,8,1,1,2,Standard,OTA,India,70.58,1,0,2,0,0.0
2293,2023-06-21,43,4,3,0,Deluxe,OTA,Australia,148.65,0,0,2,0,594.6
2294,2024-06-30,46,2,2,2,Standard,Direct,India,108.38,0,1,1,1,216.76
2295,2024-06-05,85,2,1,0,Standard,OTA,USA,93.13,1,1,1,0,0.0
2296,2024-08-08,45,2,2,0,Deluxe,OTA,India,139.79,0,2,0,1,279.58
2297,2023-05-03,96,4,1,0,Standard,OTA,USA,73.74,1,0,0,0,0.0
2298,2023-12-25,19,2,2,0,Deluxe,OTA,India,186.48,0,1,1,1,372.96
2299,2023-06-12,88,4,2,0,Executive,OTA,UAE,379.91,1,1,0,1,0.0
2300,2024-10-13,46,3,2,0,Suite,Travel Agent,USA,253.99,0,2,1,0,761.97
2301,2023-07-15,42,3,3,0,Executive,OTA,Singapore,364.12,0,0,2,0,1092.36
2302,2023-04-16,29,4,4,0,Standard,OTA,Singapore,101.49,1,2,0,0,0.0
2303,2024-02-21,24,1,2,2,Deluxe,OTA,Germany,142.28,0,0,6,1,142.28
2304,2024-10-03,21,3,2,0,Suite,Corporate,India,249.37,0,1,1,0,748.11
2305,2024-10-30,89,3,1,1,Executive,Direct,India,271.86,0,1,3,0,815.58
2306,2023-03-12,28,4,4,0,Standard,OTA,India,132.04,0,2,0,0,528.16
2307,2023-08-26,46,6,3,0,Executive,Direct,UAE,424.93,0,1,0,1,2549.58
2308,2023-04-23,53,3,4,0,Standard,OTA,India,83.64,0,2,0,0,250.92
2309,2023-08-13,52,4,2,2,Suite,Travel Agent,India,390.27,0,0,2,0,1561.08
2310,2024-01-25,37,2,2,0,Deluxe,OTA,India,191.24,1,1,1,1,0.0
2311,2023-07-24,87,3,1,0,Standard,Direct,India,98.34,0,1,0,0,295.02
2312,2023-02-19,44,5,2,0,Standard,OTA,India,95.57,0,1,0,0,477.85
2313,2024-01-08,20,4,1,0,Standard,OTA,USA,124.62,1,1,1,1,0.0
2314,2023-02-08,25,3,2,0,Deluxe,Corporate,India,133.93,0,0,0,0,401.79
2315,2023-06-15,8,3,2,0,Deluxe,Corporate,Australia,123.71,0,0,1,1,371.13
2316,2023-01-01,40,2,2,0,Standard,OTA,UK,123.93,1,0,0,1,0.0
2317,2023-03-05,49,4,2,0,Deluxe,Travel Agent,India,165.64,0,0,1,0,662.56
2318,2023-11-15,51,1,1,0,Deluxe,OTA,Germany,174.49,1,0,0,0,0.0
2319,2024-09-13,46,5,2,0,Standard,OTA,UK,81.12,0,1,1,0,405.6
2320,2024-07-19,29,6,2,0,Standard,Direct,USA,109.92,0,0,0,0,659.52
2321,2023-03-14,33,2,1,0,Standard,Travel Agent,UAE,88.3,0,0,2,0,176.6
2322,2023-01-26,33,2,2,0,Standard,OTA,India,124.54,1,0,0,0,0.0
2323,2023-09-04,62,5,1,0,Executive,Corporate,Germany,260.07,0,1,2,0,1300.35
2324,2024-04-21,6,5,2,0,Executive,Travel Agent,India,296.26,0,2,1,0,1481.3
2325,2024-06-29,23,5,2,0,Deluxe,OTA,India,178.13,0,1,0,1,890.65
2326,2024-08-23,14,4,1,0,Standard,Corporate,USA,101.22,0,1,1,0,404.88
2327,2023-09-07,109,1,2,0,Suite,OTA,Germany,204.74,0,2,0,1,204.74
2328,2023-05-03,70,8,2,0,Standard,Corporate,UAE,77.42,0,1,1,0,619.36
2329,2023-01-20,24,3,3,0,Deluxe,Direct,Singapore,220.38,0,1,0,0,661.14
2330,2023-04-18,10,2,1,0,Executive,OTA,India,269.62,0,0,2,0,539.24
2331,2023-02-17,13,3,2,2,Suite,Corporate,Australia,217.59,1,1,0,1,0.0
2332,2024-09-20,61,5,1,0,Executive,Direct,India,314.4,0,1,0,0,1572.0
2333,2023-07-15,8,3,1,0,Standard,Corporate,India,90.36,1,0,2,0,0.0
2334,2024-08-23,33,2,2,0,Deluxe,Direct,USA,180.53,0,0,0,1,361.06
2335,2024-02-08,55,2,2,0,Suite,OTA,India,222.88,1,0,2,1,0.0
2336,2024-01-29,12,1,2,0,Standard,OTA,India,121.09,0,0,0,0,121.09
2337,2023-11-28,33,2,2,0,Suite,Direct,UK,259.27,0,2,1,0,518.54
2338,2024-08-21,24,5,3,1,Standard,Travel Agent,USA,97.42,1,1,2,0,0.0
2339,2023-02-01,22,1,3,1,Suite,Direct,Australia,228.84,0,0,0,1,228.84
2340,2023-03-09,19,3,1,2,Standard,Corporate,Singapore,65.14,0,0,3,1,195.42
2341,2023-11-06,58,3,1,0,Standard,Corporate,Australia,110.84,0,1,1,0,332.52
2342,2023-10-15,79,3,2,2,Executive,OTA,USA,355.61,0,0,1,0,1066.83
2343,2024-02-03,27,1,2,0,Deluxe,Corporate,India,147.2,0,0,2,1,147.2
2344,2024-06-22,42,3,2,0,Deluxe,OTA,Singapore,151.82,0,2,3,0,455.46
2345,2024-03-04,33,3,2,1,Executive,Corporate,India,297.26,0,1,3,0,891.78
2346,2023-07-07,6,2,4,2,Deluxe,Travel Agent,India,137.29,1,0,0,0,0.0
2347,2023-08-27,26,4,2,0,Deluxe,OTA,UK,186.4,0,1,0,1,745.6
2348,2024-07-03,5,6,4,1,Standard,Corporate,UK,104.54,0,0,4,0,627.24
2349,2023-05-28,23,3,4,1,Suite,OTA,India,246.35,0,0,0,0,739.05
2350,2024-01-04,32,3,2,0,Deluxe,OTA,India,202.44,0,0,1,0,607.32
2351,2024-01-29,52,7,1,0,Deluxe,Corporate,India,160.82,0,1,0,0,1125.74
2352,2024-07-01,39,5,2,0,Executive,OTA,India,328.55,0,0,0,1,1642.75
2353,2024-06-05,59,2,2,2,Standard,Direct,India,92.79,1,1,0,1,0.0
2354,2023-12-06,17,4,3,0,Suite,OTA,Singapore,377.67,0,0,0,1,1510.68
2355,2023-08-14,73,1,4,0,Suite,OTA,Germany,255.0,0,0,1,0,255.0
2356,2023-09-26,80,2,1,0,Standard,Direct,India,100.58,1,1,1,0,0.0
2357,2023-10-28,5,4,1,0,Deluxe,OTA,India,148.81,1,1,0,1,0.0
2358,2023-06-10,8,3,3,0,Suite,Direct,Singapore,274.19,0,0,0,0,822.57
2359,2024-04-01,32,4,2,0,Deluxe,Direct,UAE,160.47,1,2,0,1,0.0
2360,2023-06-02,21,3,2,1,Standard,Corporate,USA,112.85,1,2,1,0,0.0
2361,2024-04-18,24,3,2,0,Standard,OTA,Singapore,77.18,0,2,0,0,231.54
2362,2024-07-02,39,3,1,2,Standard,Corporate,Singapore,105.92,0,1,1,0,317.76
2363,2024-12-03,61,1,2,1,Standard,OTA,India,124.16,0,1,0,1,124.16
2364,2023-03-28,16,5,1,0,Deluxe,Corporate,UK,120.93,0,1,2,1,604.65
2365,2024-07-08,67,4,2,0,Deluxe,Travel Agent,UAE,172.88,1,0,0,1,0.0
2366,2023-03-04,19,5,1,0,Deluxe,OTA,Australia,145.43,0,0,2,1,727.15
2367,2023-09-04,118,5,2,2,Standard,Direct,USA,70.58,0,0,2,0,352.9
2368,2023-05-09,73,2,2,0,Deluxe,Corporate,UAE,118.96,0,3,0,0,237.92
2369,2023-04-29,20,6,1,1,Suite,Travel Agent,India,217.42,0,0,0,0,1304.52
2370,2023-05-09,10,2,3,2,Suite,Direct,USA,222.3,0,1,1,0,444.6
2371,2023-02-02,20,2,1,0,Deluxe,Corporate,UK,131.42,0,1,0,1,262.84
2372,2024-08-23,18,4,2,1,Standard,OTA,India,125.53,0,2,0,1,502.12
2373,2023-02-14,48,5,1,1,Executive,Direct,Germany,331.26,0,2,0,0,1656.3
2374,2023-10-18,5,3,3,0,Suite,OTA,USA,209.34,0,1,1,0,628.02
2375,2024-05-25,8,6,1,2,Executive,Corporate,Australia,337.01,0,0,1,0,2022.06
2376,2024-12-23,47,2,2,0,Deluxe,OTA,Germany,161.83,0,1,0,0,323.66
2377,2024-09-15,17,3,4,0,Standard,Travel Agent,UK,93.21,0,2,0,0,279.63
2378,2023-04-11,23,3,1,0,Deluxe,OTA,UAE,126.56,0,2,0,1,379.68
2379,2024-12-22,55,7,2,0,Standard,Direct,Germany,124.94,0,1,0,0,874.58
2380,2024-04-22,62,1,2,1,Standard,Direct,India,94.04,1,0,0,1,0.0
2381,2023-05-12,71,3,2,0,Standard,Corporate,UAE,108.71,0,1,1,0,326.13
2382,2023-11-24,52,4,1,0,Executive,Direct,Australia,430.85,0,0,1,1,1723.4
2383,2024-11-01,28,4,3,0,Deluxe,Corporate,India,220.64,0,1,3,0,882.56
2384,2023-10-14,26,1,3,0,Standard,OTA,USA,99.21,0,0,1,0,99.21
2385,2023-05-15,24,2,1,0,Deluxe,Corporate,India,121.43,0,1,0,0,242.86
2386,2024-09-30,12,2,3,1,Standard,Direct,India,93.56,0,0,2,0,187.12
2387,2024-11-26,15,6,3,0,Standard,OTA,Germany,88.84,0,2,2,0,533.04
2388,2024-12-13,65,1,2,0,Deluxe,Direct,India,227.87,0,1,0,0,227.87
2389,2024-11-28,19,3,2,0,Standard,OTA,India,106.48,0,3,2,0,319.44
2390,2024-09-29,12,2,1,2,Standard,Corporate,India,80.17,0,0,1,0,160.34
2391,2023-11-28,69,4,2,0,Deluxe,Direct,Germany,171.62,0,1,0,0,686.48
2392,2023-05-21,37,4,4,0,Standard,Corporate,India,112.73,0,0,0,0,450.92
2393,2024-03-26,91,6,2,0,Standard,OTA,UK,104.1,0,0,3,1,624.6
2394,2023-06-11,85,4,2,0,Deluxe,Travel Agent,UAE,162.64,0,1,1,1,650.56
2395,2023-12-12,13,3,2,0,Executive,OTA,UK,403.11,0,0,1,1,1209.33
2396,2024-04-23,30,4,1,0,Standard,Corporate,Singapore,78.21,0,2,0,0,312.84
2397,2024-11-22,14,3,1,0,Deluxe,Travel Agent,UAE,201.36,0,1,3,0,604.08
2398,2023-07-31,14,2,1,0,Deluxe,Corporate,India,186.42,0,2,0,0,372.84
2399,2023-07-03,23,1,1,0,Deluxe,Direct,Australia,148.68,0,1,1,0,148.68
2400,2024-06-20,49,1,2,0,Deluxe,OTA,USA,141.36,1,0,1,0,0.0
2401,2023-01-05,49,3,2,0,Deluxe,Travel Agent,Singapore,166.14,0,0,2,0,498.42
2402,2024-02-18,45,3,2,0,Suite,OTA,Singapore,247.31,0,1,0,0,741.93
2403,2024-06-28,28,4,3,0,Standard,OTA,India,120.6,0,2,1,1,482.4
2404,2024-02-07,51,3,2,0,Suite,OTA,India,223.32,1,1,2,0,0.0
2405,2023-10-08,12,1,1,0,Standard,OTA,UK,99.35,0,1,2,1,99.35
2406,2024-08-27,38,2,4,0,Suite,OTA,India,297.54,0,3,1,0,595.08
2407,2023-09-28,33,2,1,0,Deluxe,OTA,USA,125.61,0,0,1,0,251.22
2408,2024-06-02,27,4,2,0,Deluxe,OTA,Singapore,177.89,0,0,0,1,711.56
2409,2023-12-05,39,2,1,1,Deluxe,OTA,USA,185.84,0,1,2,1,371.68
2410,2023-01-20,4,2,4,1,Deluxe,OTA,India,186.9,0,1,4,0,373.8
2411,2024-01-23,15,4,2,0,Standard,Direct,India,108.57,0,0,3,0,434.28
2412,2023-02-06,46,3,4,1,Deluxe,Direct,UAE,146.51,0,0,0,0,439.53
2413,2024-11-10,32,4,4,0,Deluxe,OTA,Singapore,204.78,0,1,1,0,819.12
2414,2024-03-15,9,3,4,0,Standard,Corporate,Australia,106.08,0,3,1,0,318.24
2415,2023-09-29,32,4,2,0,Standard,Direct,India,81.94,0,0,0,0,327.76
2416,2023-12-21,21,4,2,1,Standard,Corporate,India,112.38,0,0,0,1,449.52
2417,2024-03-28,66,5,4,0,Suite,OTA,Singapore,235.26,0,1,1,1,1176.3
2418,2023-07-09,13,1,1,0,Standard,Corporate,Singapore,114.6,0,1,1,0,114.6
2419,2023-07-30,13,2,3,2,Deluxe,OTA,India,173.2,0,0,0,0,346.4
2420,2023-11-02,42,2,1,2,Executive,OTA,India,334.1,1,1,0,0,0.0
2421,2023-07-08,29,5,2,1,Standard,OTA,UK,125.22,0,1,0,0,626.1
2422,2024-07-07,28,1,2,0,Standard,Corporate,India,91.71,0,0,0,1,91.71
2423,2023-03-17,119,5,4,0,Executive,Direct,UAE,289.69,0,0,2,0,1448.45
2424,2024-08-26,50,3,2,0,Deluxe,Direct,India,166.88,0,1,0,0,500.64
2425,2023-09-12,25,3,2,0,Standard,Corporate,Germany,76.46,0,0,3,0,229.38
2426,2024-02-14,8,3,2,0,Standard,Direct,India,81.38,0,1,0,0,244.14
2427,2023-04-26,24,1,2,1,Deluxe,Corporate,India,109.99,0,0,3,0,109.99
2428,2023-10-09,11,4,1,0,Suite,Direct,India,227.7,0,0,1,1,910.8
2429,2024-07-04,15,2,2,0,Standard,Direct,India,105.63,0,1,0,0,211.26
2430,2023-07-17,16,7,2,0,Suite,OTA,UK,214.54,1,2,1,0,0.0
2431,2023-04-07,63,4,3,0,Standard,Travel Agent,India,94.78,0,1,1,0,379.12
2432,2024-01-17,9,4,4,1,Deluxe,OTA,India,194.5,0,2,1,0,778.0
2433,2023-04-29,59,6,1,0,Standard,Corporate,Germany,77.27,0,0,1,0,463.62
2434,2023-08-18,44,2,1,1,Deluxe,OTA,USA,182.52,1,0,2,0,0.0
2435,2023-11-25,43,4,2,0,Suite,OTA,UK,343.66,1,0,0,1,0.0
2436,2024-02-16,15,3,2,0,Standard,OTA,India,95.94,0,0,0,0,287.82
2437,2024-04-11,54,3,2,0,Deluxe,OTA,Singapore,125.75,0,0,1,1,377.25
2438,2024-05-08,14,5,3,0,Standard,OTA,Singapore,66.02,0,0,1,0,330.1
2439,2024-09-08,80,2,1,2,Standard,Corporate,India,87.61,0,1,0,0,175.22
2440,2023-02-18,64,2,3,0,Standard,Corporate,Germany,85.87,0,0,0,0,171.74
2441,2023-09-22,89,6,2,0,Deluxe,Direct,Germany,148.28,0,0,0,0,889.68
2442,2023-01-01,33,6,4,2,Executive,OTA,Australia,533.1,0,2,0,0,3198.6
2443,2023-01-07,29,4,2,0,Standard,OTA,Australia,102.05,1,2,2,0,0.0
2444,2023-06-04,24,2,3,0,Standard,Travel Agent,USA,123.13,0,0,2,1,246.26
2445,2024-03-12,117,4,1,1,Standard,OTA,India,96.97,0,3,0,1,387.88
2446,2024-10-14,49,7,2,1,Deluxe,Corporate,Singapore,156.63,0,0,0,0,1096.41
2447,2024-07-18,12,5,1,0,Standard,OTA,USA,116.63,1,0,1,0,0.0
2448,2024-04-16,74,3,2,0,Executive,OTA,USA,306.93,1,0,3,1,0.0
2449,2024-07-22,28,3,4,0,Deluxe,Travel Agent,India,157.35,0,1,1,1,472.05
2450,2023-05-06,2,3,3,1,Deluxe,OTA,India,117.06,0,3,1,0,351.18
2451,2024-09-05,18,3,2,0,Standard,Corporate,India,77.91,0,1,0,0,233.73
2452,2024-10-11,64,2,1,1,Deluxe,Direct,India,169.82,0,2,2,0,339.64
2453,2023-03-11,44,2,4,1,Suite,Direct,India,209.86,0,0,1,0,419.72
2454,2023-12-10,50,4,2,1,Deluxe,Corporate,USA,181.0,0,0,1,1,724.0
2455,2024-08-28,74,4,2,0,Deluxe,OTA,Germany,158.05,0,0,1,0,632.2
2456,2023-12-14,6,6,2,0,Deluxe,Direct,UK,140.66,0,0,0,0,843.96
2457,2024-09-05,18,4,3,0,Executive,Travel Agent,Germany,365.64,0,0,2,0,1462.56
2458,2024-11-13,33,5,2,0,Standard,Corporate,India,115.56,0,1,0,0,577.8
2459,2023-12-13,65,3,2,0,Suite,Corporate,Germany,309.23,0,0,0,1,927.69
2460,2023-02-13,13,4,1,0,Standard,Corporate,India,87.77,0,0,2,1,351.08
2461,2023-09-06,25,5,2,0,Deluxe,Direct,India,124.72,0,1,1,1,623.6
2462,2023-06-07,32,8,2,0,Deluxe,Corporate,USA,161.24,0,1,2,0,1289.92
2463,2023-12-13,17,4,3,0,Standard,Direct,Singapore,95.34,0,1,0,1,381.36
2464,2024-03-03,32,3,2,0,Standard,OTA,India,66.42,0,1,1,1,199.26
2465,2023-12-05,29,2,4,0,Standard,Direct,India,107.58,0,0,0,1,215.16
2466,2023-05-23,21,2,2,0,Standard,OTA,India,95.19,0,0,0,0,190.38
2467,2023-08-08,54,5,2,0,Deluxe,Direct,USA,187.35,0,1,0,0,936.75
2468,2024-05-11,48,6,2,0,Standard,Corporate,India,89.92,0,0,1,1,539.52
2469,2023-01-20,55,2,3,0,Deluxe,Corporate,India,195.13,1,3,1,0,0.0
2470,2023-06-06,59,4,2,0,Standard,Direct,USA,78.08,0,1,0,0,312.32
2471,2024-10-13,86,3,2,0,Standard,Direct,USA,103.73,0,1,1,0,311.19
2472,2023-03-14,8,4,2,1,Deluxe,Direct,UK,136.6,1,0,2,0,0.0
2473,2023-10-30,9,4,2,2,Standard,OTA,Germany,78.18,0,0,1,1,312.72
2474,2023-06-01,51,2,3,0,Deluxe,Corporate,Singapore,119.08,0,1,1,1,238.16
2475,2023-03-18,23,4,1,0,Suite,Travel Agent,India,198.27,0,4,2,1,793.08
2476,2023-11-05,20,3,2,1,Suite,OTA,India,346.86,1,0,2,1,0.0
2477,2024-01-16,18,2,2,0,Deluxe,Corporate,Singapore,143.01,0,2,0,0,286.02
2478,2023-05-09,57,2,1,0,Deluxe,OTA,UK,138.4,0,0,1,1,276.8
2479,2023-02-26,112,2,4,0,Deluxe,Travel Agent,India,160.03,0,0,1,0,320.06
2480,2023-04-09,58,4,2,1,Standard,OTA,USA,77.49,1,0,2,1,0.0
2481,2024-04-20,22,3,4,0,Standard,OTA,Germany,92.53,0,1,1,0,277.59
2482,2024-09-20,55,1,2,0,Standard,OTA,Australia,81.63,1,1,3,0,0.0
2483,2023-05-12,9,3,2,1,Executive,Direct,India,383.97,0,1,1,1,1151.91
2484,2023-08-22,27,3,2,0,Standard,OTA,India,133.91,1,0,3,1,0.0
2485,2023-09-08,6,4,2,2,Standard,OTA,UAE,90.69,0,0,1,0,362.76
2486,2023-09-21,23,1,1,2,Standard,OTA,India,94.19,0,0,0,0,94.19
2487,2023-06-28,36,4,1,0,Standard,OTA,Germany,107.84,0,0,2,0,431.36
2488,2023-02-10,126,2,1,0,Standard,OTA,India,91.14,0,1,0,0,182.28
2489,2024-01-19,69,4,2,0,Deluxe,Direct,USA,214.71,0,0,2,0,858.84
2490,2023-09-18,6,5,2,0,Deluxe,Travel Agent,Germany,110.26,1,0,2,0,0.0
2491,2023-09-07,7,3,2,0,Suite,Direct,Australia,223.64,0,0,0,0,670.92
2492,2023-07-13,17,3,1,0,Deluxe,Direct,UK,150.38,0,0,2,0,451.14
2493,2024-11-09,96,4,2,0,Suite,OTA,USA,397.27,0,0,1,1,1589.08
2494,2024-03-21,7,5,1,0,Deluxe,Direct,UAE,120.23,0,1,0,1,601.15
2495,2023-11-02,18,4,3,0,Standard,OTA,Germany,94.34,0,0,2,0,377.36
2496,2023-05-30,18,4,2,1,Suite,Travel Agent,India,193.18,0,1,1,1,772.72
2497,2024-08-07,42,3,2,0,Deluxe,Travel Agent,UK,172.02,0,1,0,0,516.06
2498,2024-10-10,56,2,1,0,Suite,OTA,UAE,215.14,0,1,2,0,430.28
2499,2023-01-24,48,3,2,0,Standard,Direct,Australia,86.18,0,2,1,0,258.54
2500,2024-11-09,38,2,2,0,Standard,Corporate,India,139.32,0,1,0,1,278.64
2501,2024-05-25,9,4,2,0,Standard,Travel Agent,Australia,75.32,0,0,1,1,301.28
2502,2023-03-14,34,2,1,0,Standard,Direct,UK,74.73,0,1,0,1,149.46
2503,2024-07-03,75,4,2,0,Deluxe,OTA,India,152.06,1,1,2,0,0.0
2504,2023-03-20,92,2,1,0,Suite,Corporate,Singapore,191.07,0,0,2,1,382.14
2505,2023-02-07,42,3,3,2,Suite,Corporate,India,175.2,0,0,1,0,525.6
2506,2023-03-26,7,2,2,2,Suite,OTA,Australia,277.7,1,0,1,0,0.0
2507,2023-12-02,42,3,2,0,Suite,OTA,USA,368.27,1,1,1,0,0.0
2508,2024-03-28,28,7,2,0,Suite,OTA,UK,221.42,0,0,2,0,1549.94
2509,2023-10-25,8,4,2,0,Deluxe,Travel Agent,Germany,135.7,1,0,2,1,0.0
2510,2023-03-31,13,3,1,0,Suite,Corporate,Australia,201.35,1,2,1,0,0.0
2511,2023-05-26,15,1,2,0,Standard,OTA,Australia,97.76,0,1,0,0,97.76
2512,2024-09-14,51,4,3,0,Executive,Direct,USA,362.12,0,0,0,1,1448.48
2513,2024-12-03,89,4,2,0,Deluxe,Travel Agent,UAE,184.82,0,2,0,0,739.28
2514,2024-07-04,46,2,1,2,Standard,Corporate,UAE,101.06,0,0,1,0,202.12
2515,2023-03-17,52,1,1,0,Deluxe,Corporate,India,167.34,0,0,0,0,167.34
2516,2024-08-21,30,3,4,0,Suite,Direct,India,260.33,0,1,4,1,780.99
2517,2024-05-20,20,4,1,1,Deluxe,Corporate,Germany,130.98,0,0,0,1,523.92
2518,2024-01-20,47,4,1,0,Standard,Direct,USA,104.31,0,1,0,1,417.24
2519,2023-04-15,39,2,4,0,Standard,Corporate,India,99.57,0,0,0,0,199.14
2520,2024-12-28,16,4,3,1,Suite,Travel Agent,Australia,314.14,0,2,1,0,1256.56
2521,2023-11-20,37,5,2,0,Deluxe,Direct,USA,162.93,0,1,1,0,814.65
2522,2023-02-02,31,3,1,0,Standard,Direct,Australia,76.07,1,0,2,1,0.0
2523,2023-06-03,25,4,2,0,Deluxe,OTA,India,156.32,1,0,2,0,0.0
2524,2023-10-20,20,5,3,0,Deluxe,Direct,Australia,147.59,0,0,1,0,737.95
2525,2023-02-15,42,2,2,0,Standard,Direct,USA,87.91,0,1,1,0,175.82
2526,2023-08-25,21,3,1,1,Standard,Corporate,India,95.67,0,1,1,0,287.01
2527,2023-12-08,112,2,3,1,Standard,Direct,India,123.95,0,0,0,0,247.9
2528,2024-11-23,45,1,2,0,Deluxe,Corporate,UK,217.96,0,0,1,0,217.96
2529,2023-03-05,42,4,2,0,Executive,OTA,India,242.32,0,1,0,0,969.28
2530,2024-02-26,28,4,3,2,Executive,OTA,UK,366.76,0,0,0,0,1467.04
2531,2024-10-30,23,3,2,1,Deluxe,OTA,USA,122.79,0,0,1,0,368.37
2532,2024-08-11,5,3,4,0,Standard,OTA,UK,98.01,0,2,1,0,294.03
2533,2024-11-06,17,2,1,1,Standard,OTA,India,109.06,0,1,0,0,218.12
2534,2023-05-05,6,6,2,1,Deluxe,Travel Agent,India,137.39,0,0,1,0,824.34
2535,2024-08-07,6,2,2,0,Deluxe,Direct,UAE,154.68,0,1,0,0,309.36
2536,2024-12-15,11,2,2,0,Deluxe,OTA,USA,183.68,0,3,2,0,367.36
2537,2023-08-27,70,4,2,2,Executive,Travel Agent,India,469.98,0,0,0,0,1879.92
2538,2023-12-31,70,5,2,0,Standard,OTA,UK,164.2,0,2,0,1,821.0
2539,2024-01-23,17,2,2,0,Standard,Direct,India,117.37,0,0,2,1,234.74
2540,2023-12-27,8,2,2,2,Deluxe,Direct,India,179.7,0,1,1,1,359.4
2541,2023-07-31,22,5,2,1,Standard,OTA,Australia,89.64,0,0,2,1,448.2
2542,2024-12-09,51,4,2,0,Standard,Corporate,India,121.75,0,1,0,0,487.0
2543,2024-11-29,61,4,2,0,Deluxe,Direct,USA,183.22,0,0,1,0,732.88
2544,2023-10-05,36,3,2,1,Standard,OTA,India,83.06,0,0,1,0,249.18
2545,2024-08-10,41,6,2,0,Standard,Direct,USA,103.51,0,0,0,0,621.06
2546,2023-10-18,38,4,1,0,Executive,Corporate,Australia,254.77,0,0,0,0,1019.08
2547,2024-08-03,7,3,3,1,Deluxe,Corporate,UK,174.81,0,0,0,1,524.43
2548,2024-03-02,9,7,3,1,Standard,OTA,Australia,81.12,0,0,0,1,567.84
2549,2023-12-10,92,2,2,0,Suite,Direct,USA,402.03,0,1,0,0,804.06
2550,2023-04-04,36,3,2,0,Standard,OTA,India,72.76,0,2,1,0,218.28
2551,2024-04-22,4,4,1,1,Standard,OTA,USA,78.75,0,3,3,1,315.0
2552,2023-08-23,43,2,2,0,Executive,OTA,India,331.94,0,1,0,1,663.88
2553,2023-06-08,14,2,2,0,Suite,OTA,USA,224.86,0,1,1,1,449.72
2554,2023-05-22,64,4,2,1,Standard,Direct,India,86.57,0,0,3,0,346.28
2555,2024-12-17,60,4,1,1,Deluxe,Direct,India,173.51,0,1,4,0,694.04
2556,2023-03-17,49,1,1,0,Deluxe,Travel Agent,India,191.54,0,0,0,1,191.54
2557,2024-08-05,36,2,4,0,Suite,OTA,USA,297.18,0,0,0,1,594.36
2558,2024-09-24,75,2,2,0,Deluxe,OTA,Germany,131.09,0,0,0,1,262.18
2559,2023-01-23,80,7,3,0,Deluxe,Corporate,UAE,183.23,0,0,1,1,1282.61
2560,2024-03-06,15,5,2,2,Standard,Corporate,India,79.14,0,0,0,1,395.7
2561,2024-02-26,48,3,3,0,Standard,Travel Agent,Germany,70.14,0,0,4,0,210.42
2562,2023-09-19,20,3,1,0,Standard,OTA,India,66.21,1,1,0,1,0.0
2563,2024-05-01,13,3,1,0,Deluxe,OTA,India,113.53,0,1,1,0,340.59
2564,2023-10-26,80,4,2,0,Deluxe,OTA,UAE,150.86,1,1,1,1,0.0
2565,2023-11-17,54,6,2,0,Standard,Direct,India,128.03,0,1,0,1,768.18
2566,2023-11-12,38,5,1,0,Standard,Travel Agent,India,132.21,0,0,4,0,661.05
2567,2024-08-07,16,4,2,0,Deluxe,OTA,India,170.74,0,0,2,0,682.96
2568,2024-04-07,81,4,1,1,Standard,OTA,USA,89.79,0,0,1,1,359.16
2569,2023-10-04,14,6,1,1,Suite,OTA,UK,204.01,1,0,1,1,0.0
2570,2024-11-07,11,4,4,0,Suite,OTA,UAE,368.98,0,0,1,0,1475.92
2571,2024-08-08,32,4,2,0,Deluxe,Travel Agent,India,165.94,0,0,0,0,663.76
2572,2024-11-11,51,2,2,0,Executive,Direct,India,324.11,0,1,1,0,648.22
2573,2024-06-17,24,4,1,0,Deluxe,Corporate,USA,123.14,0,2,2,0,492.56
2574,2023-10-13,261,2,3,1,Deluxe,Corporate,Australia,162.96,0,0,0,0,325.92
2575,2024-07-18,36,2,4,1,Deluxe,OTA,UAE,139.46,0,0,1,0,278.92
2576,2023-08-29,20,3,2,0,Standard,OTA,India,94.5,0,0,0,0,283.5
2577,2023-07-17,22,3,2,0,Standard,OTA,India,70.8,0,2,1,1,212.4
2578,2023-11-26,99,2,2,0,Deluxe,Corporate,India,190.61,0,2,0,0,381.22
2579,2024-12-08,29,4,1,0,Standard,OTA,Australia,137.8,0,0,0,0,551.2
2580,2024-02-19,78,3,2,0,Suite,Travel Agent,Singapore,205.87,0,0,3,0,617.61
2581,2023-10-08,6,2,1,0,Standard,OTA,India,79.08,0,0,2,0,158.16
2582,2023-12-04,65,2,1,0,Standard,Corporate,USA,104.83,0,0,0,0,209.66
2583,2023-08-01,17,4,2,0,Deluxe,OTA,India,156.65,0,0,0,1,626.6
2584,2024-04-25,55,1,2,0,Standard,OTA,India,76.62,1,0,0,0,0.0
2585,2023-09-13,17,4,2,0,Standard,Direct,USA,64.85,1,1,0,0,0.0
2586,2024-02-09,23,3,2,0,Deluxe,Corporate,UAE,156.56,0,0,1,0,469.68
2587,2023-09-27,13,1,2,0,Standard,OTA,UK,74.49,0,1,1,0,74.49
2588,2023-08-23,55,2,4,0,Standard,OTA,USA,98.01,0,0,1,1,196.02
2589,2024-12-09,61,7,2,0,Standard,Direct,UAE,95.35,0,1,2,1,667.45
2590,2023-09-10,17,5,2,0,Deluxe,OTA,USA,171.85,0,0,0,1,859.25
2591,2023-02-21,8,5,2,0,Suite,OTA,UK,238.81,0,2,1,1,1194.05
2592,2023-10-04,77,3,3,1,Suite,OTA,India,210.5,1,0,3,1,0.0
2593,2024-01-24,19,4,2,0,Standard,OTA,India,111.94,0,0,0,1,447.76
2594,2023-03-11,28,2,1,1,Deluxe,OTA,UK,178.85,1,3,2,1,0.0
2595,2023-08-12,15,1,1,0,Executive,Travel Agent,Australia,472.38,0,0,0,1,472.38
2596,2023-05-02,52,3,2,1,Standard,OTA,India,94.49,0,3,0,0,283.47
2597,2024-01-01,53,2,2,0,Executive,Corporate,UAE,434.41,1,1,1,0,0.0
2598,2024-06-11,86,3,1,2,Suite,Direct,USA,246.83,0,0,2,0,740.49
2599,2024-12-07,66,10,2,0,Standard,OTA,UAE,132.97,0,0,0,0,1329.7
2600,2023-10-12,63,5,2,2,Standard,OTA,India,96.31,0,0,1,0,481.55
2601,2024-09-22,30,4,2,0,Executive,Corporate,UK,370.07,0,1,1,0,1480.28
2602,2023-06-06,27,2,2,0,Standard,OTA,USA,86.47,1,1,1,0,0.0
2603,2024-07-23,51,2,2,0,Standard,OTA,India,96.76,0,0,1,0,193.52
2604,2024-02-15,29,1,2,0,Standard,Travel Agent,India,87.3,0,0,3,0,87.3
2605,2024-07-07,68,4,2,0,Standard,Travel Agent,USA,112.68,1,0,0,0,0.0
2606,2024-07-05,14,5,4,0,Standard,Corporate,India,120.51,0,1,2,0,602.55
2607,2024-01-24,6,6,2,0,Standard,OTA,Australia,99.97,1,0,0,0,0.0
2608,2023-07-07,47,3,2,0,Suite,Travel Agent,UAE,295.77,0,1,1,0,887.31
2609,2024-01-20,21,5,2,0,Standard,Corporate,India,129.29,0,1,1,0,646.45
2610,2024-08-26,12,2,3,0,Suite,OTA,India,276.31,1,0,0,0,0.0
2611,2024-12-09,121,5,2,0,Executive,OTA,India,374.24,1,1,0,0,0.0
2612,2024-11-08,32,2,2,0,Deluxe,OTA,UAE,142.5,0,0,0,0,285.0
2613,2023-05-13,10,4,1,1,Executive,OTA,UK,225.72,0,0,0,0,902.88
2614,2024-03-12,19,5,2,0,Deluxe,OTA,India,129.27,0,0,0,0,646.35
2615,2023-03-18,26,8,2,1,Standard,Direct,India,94.02,0,3,0,0,752.16
2616,2024-05-03,47,5,1,0,Standard,OTA,USA,89.71,0,1,0,0,448.55
2617,2024-12-25,19,6,2,0,Deluxe,Corporate,India,176.24,0,1,0,0,1057.44
2618,2023-02-08,29,5,4,1,Executive,OTA,India,357.64,0,2,0,1,1788.2
2619,2024-04-24,39,4,1,0,Standard,Direct,Germany,75.23,1,0,0,0,0.0
2620,2024-11-21,44,3,2,0,Deluxe,OTA,Singapore,183.19,0,1,1,1,549.57
2621,2024-09-10,30,4,4,0,Suite,Travel Agent,UAE,264.45,0,1,0,1,1057.8
2622,2023-10-14,98,4,4,0,Executive,OTA,India,302.1,1,0,2,0,0.0
2623,2023-03-17,52,4,2,0,Executive,Travel Agent,Singapore,418.29,0,0,1,0,1673.16
2624,2024-11-05,50,1,1,2,Standard,Direct,USA,120.59,0,0,0,0,120.59
2625,2024-11-03,49,5,2,1,Standard,OTA,India,119.58,0,0,1,0,597.9
2626,2024-02-27,68,3,2,0,Standard,Travel Agent,Germany,55.66,0,0,0,0,166.98
2627,2024-12-15,37,3,2,0,Standard,Travel Agent,India,144.93,0,0,1,0,434.79
2628,2023-01-04,14,3,2,0,Suite,OTA,India,360.09,1,0,1,0,0.0
2629,2024-03-26,43,3,2,0,Deluxe,Corporate,UAE,119.16,0,0,3,1,357.48
2630,2023-01-29,47,3,2,0,Executive,Direct,India,568.2,0,0,0,0,1704.6
2631,2024-11-14,75,4,3,1,Standard,OTA,USA,86.09,1,1,1,0,0.0
2632,2024-05-11,12,3,2,0,Standard,OTA,USA,95.22,1,0,0,0,0.0
2633,2024-10-28,15,3,2,0,Standard,Corporate,Singapore,78.3,0,0,1,0,234.9
2634,2024-02-15,33,5,1,0,Standard,OTA,India,67.16,1,3,2,0,0.0
2635,2023-03-02,50,1,3,0,Suite,OTA,India,213.4,0,0,0,1,213.4
2636,2023-01-20,10,1,2,1,Deluxe,Corporate,USA,201.08,1,2,1,1,0.0
2637,2023-09-02,13,3,2,0,Suite,Direct,USA,216.88,0,0,1,0,650.64
2638,2024-06-26,58,7,1,0,Suite,OTA,USA,285.39,0,0,1,0,1997.73
2639,2023-04-21,11,3,2,0,Standard,OTA,Australia,84.47,0,0,1,0,253.41
2640,2024-09-14,15,3,1,0,Standard,Direct,UAE,88.03,0,0,1,0,264.09
2641,2023-06-24,61,3,2,0,Deluxe,OTA,Australia,210.55,0,0,2,0,631.65
2642,2023-12-29,49,2,1,0,Standard,OTA,India,114.45,0,1,1,0,228.9
2643,2023-05-29,19,3,2,1,Standard,Direct,Germany,58.29,0,0,2,0,174.87
2644,2023-12-07,45,4,2,0,Standard,Direct,Singapore,104.74,0,1,1,1,418.96
2645,2023-11-27,40,3,2,1,Executive,Direct,India,410.3,0,0,0,1,1230.9
2646,2023-01-04,29,3,3,1,Suite,OTA,USA,288.4,0,0,1,0,865.2
2647,2024-02-19,24,2,2,0,Standard,OTA,UK,88.26,0,1,2,0,176.52
2648,2024-07-28,44,2,1,1,Deluxe,Direct,UK,188.02,0,0,1,0,376.04
2649,2024-11-14,12,3,1,0,Standard,Corporate,USA,100.23,0,0,1,1,300.69
2650,2023-08-30,44,6,1,1,Standard,Direct,Germany,104.02,0,0,1,0,624.12
2651,2024-10-04,37,4,2,0,Standard,OTA,India,97.12,0,0,1,1,388.48
2652,2024-10-03,39,3,1,1,Standard,OTA,Singapore,84.16,1,3,1,0,0.0
2653,2024-12-22,15,4,2,0,Executive,Direct,Germany,456.82,0,0,2,1,1827.28
2654,2023-09-30,77,6,2,0,Standard,Corporate,India,95.15,1,0,0,0,0.0
2655,2024-09-13,19,6,3,2,Deluxe,Travel Agent,India,151.46,0,0,0,0,908.76
2656,2024-02-17,22,2,1,2,Suite,OTA,UAE,243.88,1,1,3,0,0.0
2657,2023-02-12,28,3,3,0,Standard,Corporate,India,97.29,0,1,0,0,291.87
2658,2023-07-17,49,2,4,0,Deluxe,OTA,USA,166.42,0,2,1,0,332.84
2659,2024-05-05,38,4,2,2,Standard,Travel Agent,UK,98.15,1,0,1,0,0.0
2660,2023-04-28,8,6,2,0,Standard,OTA,Singapore,98.81,0,0,1,1,592.86
2661,2023-11-14,32,1,2,0,Standard,Direct,India,78.84,0,0,0,0,78.84
2662,2024-07-19,34,4,1,0,Suite,OTA,UAE,336.55,0,0,0,0,1346.2
2663,2023-04-20,78,5,4,0,Deluxe,OTA,Singapore,114.96,1,1,4,1,0.0
2664,2023-12-29,25,6,4,0,Standard,Corporate,USA,140.89,0,1,0,0,845.34
2665,2023-06-06,46,2,2,0,Standard,Direct,India,80.33,1,0,1,0,0.0
2666,2024-01-27,156,5,1,0,Suite,Direct,India,406.39,0,1,1,1,2031.95
2667,2023-06-25,69,3,1,0,Deluxe,OTA,India,132.39,0,0,0,0,397.17
2668,2024-12-05,14,4,2,0,Executive,OTA,India,420.71,0,2,2,0,1682.84
2669,2023-02-25,54,3,3,1,Suite,OTA,India,241.9,0,1,0,1,725.7
2670,2024-12-04,44,2,1,0,Standard,OTA,USA,114.01,0,0,1,1,228.02
2671,2024-08-01,25,7,2,0,Standard,OTA,USA,115.88,0,0,2,0,811.16
2672,2024-09-16,54,4,3,1,Deluxe,Direct,India,133.69,0,2,0,0,534.76
2673,2024-09-13,14,3,2,1,Standard,Travel Agent,USA,102.37,0,0,1,0,307.11
2674,2023-05-17,20,2,2,0,Deluxe,OTA,UK,153.94,0,1,0,1,307.88
2675,2024-11-10,29,6,2,1,Deluxe,Corporate,UK,186.83,0,1,1,1,1120.98
2676,2024-03-09,24,4,1,0,Standard,OTA,UAE,96.0,1,1,0,1,0.0
2677,2024-12-03,50,1,2,0,Executive,Corporate,India,471.49,0,1,3,0,471.49
2678,2024-10-03,31,3,1,1,Deluxe,Corporate,India,135.5,0,0,1,0,406.5
2679,2024-02-28,22,3,2,0,Deluxe,OTA,UK,120.85,0,0,1,0,362.55
2680,2023-10-01,69,3,2,0,Standard,Travel Agent,Australia,97.69,1,1,0,0,0.0
2681,2023-03-27,49,3,3,2,Deluxe,Direct,UK,131.79,0,1,2,0,395.37
2682,2023-03-15,9,2,2,0,Executive,Direct,India,318.33,0,0,1,0,636.66
2683,2023-10-12,9,3,4,1,Standard,Travel Agent,India,74.93,0,0,1,1,224.79
2684,2024-08-15,22,3,2,0,Standard,Direct,USA,98.79,0,0,2,1,296.37
2685,2024-01-04,10,3,2,0,Deluxe,Travel Agent,Singapore,172.56,0,1,1,0,517.68
2686,2023-12-18,61,2,2,0,Suite,Direct,UK,279.37,0,0,2,0,558.74
2687,2023-06-28,20,3,2,0,Deluxe,Direct,USA,180.52,0,0,2,0,541.56
2688,2024-02-17,46,4,2,1,Standard,OTA,India,86.33,0,0,2,1,345.32
2689,2024-04-10,53,3,2,1,Deluxe,Corporate,India,118.22,1,1,1,0,0.0
2690,2024-12-17,5,1,2,0,Deluxe,Travel Agent,UAE,150.51,1,3,0,1,0.0
2691,2024-06-16,21,3,1,0,Standard,Travel Agent,India,109.54,0,2,1,0,328.62
2692,2024-03-19,28,5,1,0,Deluxe,Travel Agent,India,127.62,0,1,0,0,638.1
2693,2024-10-26,39,4,1,0,Deluxe,Travel Agent,India,162.46,1,0,1,1,0.0
2694,2023-11-07,59,2,1,0,Standard,Direct,Australia,92.04,0,0,2,0,184.08
2695,2024-11-13,124,8,2,0,Standard,Corporate,India,86.17,0,0,2,0,689.36
2696,2023-09-28,91,3,2,0,Suite,OTA,India,171.03,0,1,2,0,513.09
2697,2023-04-04,31,2,2,0,Standard,OTA,India,84.38,0,0,0,0,168.76
2698,2023-11-01,31,4,1,0,Standard,Travel Agent,UAE,121.41,0,0,0,0,485.64
2699,2023-04-04,85,4,2,0,Deluxe,Corporate,USA,144.87,0,0,1,0,579.48
2700,2023-03-28,32,3,1,2,Standard,OTA,UAE,75.19,0,1,0,0,225.57
2701,2024-10-05,21,4,1,0,Standard,OTA,UAE,93.44,1,0,2,0,0.0
2702,2024-08-03,62,3,3,0,Executive,OTA,India,302.38,1,1,1,1,0.0
2703,2023-06-11,41,5,2,0,Deluxe,Direct,Australia,214.23,1,2,2,1,0.0
2704,2024-09-03,9,3,1,0,Standard,OTA,India,91.11,0,0,1,0,273.33
2705,2023-02-20,26,2,1,0,Standard,OTA,UAE,88.68,1,1,2,0,0.0
2706,2023-07-27,11,3,2,1,Standard,OTA,USA,85.66,0,0,2,1,256.98
2707,2024-05-30,2,3,2,0,Deluxe,Direct,India,124.33,0,1,0,0,372.99
2708,2023-08-10,100,2,1,2,Standard,OTA,USA,93.81,1,0,0,0,0.0
2709,2024-06-17,35,4,2,0,Standard,Direct,UK,115.59,0,0,1,1,462.36
2710,2024-09-30,26,3,2,1,Executive,OTA,India,336.0,1,0,1,0,0.0
2711,2023-02-18,22,4,2,0,Deluxe,Travel Agent,UK,146.15,0,0,1,0,584.6
2712,2023-01-18,33,4,2,0,Suite,Direct,USA,317.84,0,1,1,0,1271.36
2713,2024-11-17,22,2,3,1,Deluxe,Corporate,UAE,179.74,0,0,0,0,359.48
2714,2024-01-15,14,6,1,0,Executive,Travel Agent,India,337.7,0,1,1,1,2026.2
2715,2024-01-05,23,5,1,0,Standard,OTA,India,123.17,0,1,0,1,615.85
2716,2023-12-05,80,3,1,0,Standard,Direct,USA,93.26,0,0,0,0,279.78
2717,2023-11-13,61,2,1,0,Standard,Direct,UAE,86.07,0,1,1,1,172.14
2718,2024-05-18,23,4,2,0,Standard,Corporate,India,92.37,0,1,4,0,369.48
2719,2024-02-28,106,3,1,1,Suite,Direct,India,213.01,1,0,0,0,0.0
2720,2023-04-30,31,4,3,0,Deluxe,OTA,Australia,131.4,1,0,0,1,0.0
2721,2024-04-02,17,6,3,1,Standard,Travel Agent,India,76.16,0,0,2,1,456.96
2722,2024-05-02,42,3,2,1,Standard,OTA,UAE,83.64,0,1,0,0,250.92
2723,2023-03-24,88,4,2,1,Deluxe,OTA,Germany,145.45,0,0,2,0,581.8
2724,2023-10-03,77,3,2,0,Standard,OTA,India,81.34,0,0,1,0,244.02
2725,2024-07-31,18,5,2,0,Suite,Travel Agent,USA,258.62,0,4,0,0,1293.1
2726,2024-03-27,12,1,2,1,Executive,Corporate,USA,362.28,1,1,0,0,0.0
2727,2023-04-10,24,4,1,1,Suite,Corporate,Germany,255.09,1,2,0,1,0.0
2728,2023-01-30,47,3,3,0,Standard,Direct,Australia,109.51,0,2,1,0,328.53
2729,2024-02-29,56,4,2,1,Deluxe,OTA,India,117.22,1,1,0,0,0.0
2730,2023-12-04,70,4,2,0,Deluxe,OTA,India,163.7,0,0,2,0,654.8
2731,2024-12-02,37,2,2,0,Suite,Corporate,India,250.98,0,0,0,0,501.96
2732,2024-01-17,38,1,1,0,Standard,OTA,India,97.66,0,0,0,1,97.66
2733,2024-11-10,36,1,4,0,Deluxe,OTA,India,218.0,0,1,1,0,218.0
2734,2023-06-06,65,2,2,0,Deluxe,OTA,Australia,144.89,1,0,1,1,0.0
2735,2023-11-23,56,3,3,0,Deluxe,Corporate,India,171.82,0,0,0,0,515.46
2736,2023-04-12,17,2,4,0,Standard,OTA,India,91.34,0,0,1,1,182.68
2737,2024-02-24,52,3,2,0,Standard,Direct,India,98.11,0,1,3,1,294.33
2738,2023-05-18,62,1,3,0,Suite,Corporate,Singapore,221.82,0,1,1,0,221.82
2739,2023-12-26,65,8,3,0,Standard,OTA,India,106.52,0,0,3,1,852.16
2740,2023-09-09,41,3,1,0,Standard,Direct,UAE,89.81,0,1,0,0,269.43
2741,2023-05-16,39,2,2,0,Deluxe,OTA,Germany,144.53,0,1,0,0,289.06
2742,2023-03-12,32,1,2,0,Standard,OTA,UAE,95.29,0,2,2,0,95.29
2743,2024-01-09,34,3,2,0,Deluxe,OTA,India,170.1,0,1,0,0,510.3
2744,2024-11-22,96,4,2,0,Standard,OTA,UK,105.22,0,0,0,1,420.88
2745,2023-05-26,35,3,2,2,Deluxe,Corporate,India,158.16,0,0,0,1,474.48
2746,2023-10-23,19,3,3,0,Standard,Direct,USA,83.29,0,0,0,0,249.87
2747,2023-06-13,41,2,2,0,Standard,OTA,Germany,77.77,0,0,2,0,155.54
2748,2024-08-13,55,5,2,1,Deluxe,Direct,UK,153.11,0,1,1,0,765.55
2749,2023-10-30,63,5,2,0,Suite,Direct,USA,228.84,1,0,2,0,0.0
2750,2024-12-12,14,5,3,0,Standard,Travel Agent,UAE,104.61,0,0,0,0,523.05
2751,2023-06-28,83,3,2,1,Standard,Travel Agent,UAE,116.9,0,0,0,0,350.7
2752,2023-02-28,54,4,2,0,Standard,Corporate,Singapore,94.66,0,0,3,0,378.64
2753,2024-03-01,80,5,2,2,Standard,OTA,UAE,78.07,1,0,1,0,0.0
2754,2024-04-20,10,1,2,0,Standard,OTA,USA,89.26,1,1,0,0,0.0
2755,2024-12-24,67,4,1,1,Executive,OTA,India,452.09,1,1,2,0,0.0
2756,2024-09-28,14,2,3,1,Standard,OTA,USA,91.08,0,0,0,0,182.16
2757,2024-10-07,27,3,1,1,Standard,OTA,USA,87.07,0,0,0,0,261.21
2758,2024-04-07,55,7,1,0,Executive,Direct,UK,318.18,0,0,0,0,2227.26
2759,2023-09-20,12,4,3,0,Deluxe,Corporate,UK,105.51,0,2,1,0,422.04
2760,2023-11-10,22,2,2,0,Standard,Corporate,India,134.53,0,1,0,1,269.06
2761,2023-04-08,10,3,2,0,Deluxe,Travel Agent,Germany,143.54,0,1,2,1,430.62
2762,2023-11-11,54,3,2,1,Deluxe,Direct,USA,264.27,0,2,0,0,792.81
2763,2023-09-24,17,4,1,0,Suite,OTA,Germany,281.54,0,1,1,1,1126.16
2764,2023-01-27,33,6,1,0,Standard,Travel Agent,India,108.4,0,1,0,1,650.4
2765,2023-05-30,44,2,3,0,Deluxe,OTA,UAE,140.51,0,0,0,1,281.02
2766,2024-01-26,41,2,1,0,Deluxe,OTA,USA,200.11,0,0,0,0,400.22
2767,2023-09-27,38,3,1,0,Executive,OTA,USA,318.92,1,0,0,0,0.0
2768,2024-12-26,38,4,2,0,Deluxe,Direct,India,160.26,0,1,0,0,641.04
2769,2023-12-16,10,1,3,0,Standard,Direct,Australia,128.85,0,0,0,0,128.85
2770,2024-11-30,28,2,2,0,Executive,Direct,India,524.95,0,1,0,1,1049.9
2771,2024-04-27,38,3,1,1,Deluxe,OTA,India,164.25,0,2,1,1,492.75
2772,2023-01-30,35,3,2,0,Deluxe,OTA,Germany,198.55,0,1,0,0,595.65
2773,2023-05-29,30,6,4,0,Standard,Travel Agent,UAE,109.91,1,0,0,0,0.0
2774,2024-05-30,19,1,2,0,Suite,Direct,Germany,207.68,0,1,1,0,207.68
2775,2024-02-02,40,4,3,0,Deluxe,OTA,Singapore,181.89,0,3,1,0,727.56
2776,2023-08-09,46,4,2,0,Executive,Direct,India,372.77,1,1,1,0,0.0
2777,2024-01-17,24,3,2,1,Deluxe,OTA,Germany,167.35,0,1,0,0,502.05
2778,2024-10-21,64,2,4,0,Standard,Direct,India,79.93,0,1,0,0,159.86
2779,2023-10-11,85,3,2,0,Suite,OTA,Australia,243.83,0,2,0,0,731.49
2780,2023-02-02,34,2,2,0,Standard,Travel Agent,UK,76.46,0,0,0,0,152.92
2781,2023-08-16,18,4,1,0,Standard,Corporate,Australia,73.42,0,1,1,1,293.68
2782,2024-11-14,12,3,2,1,Executive,OTA,UK,445.81,0,0,0,0,1337.43
2783,2024-07-10,26,2,1,0,Executive,OTA,UK,369.83,0,1,0,0,739.66
2784,2024-09-03,32,5,2,0,Suite,Travel Agent,Australia,206.3,0,1,1,0,1031.5
2785,2024-10-27,12,3,2,0,Standard,OTA,India,78.08,0,1,1,0,234.24
2786,2023-03-27,26,2,2,0,Deluxe,OTA,India,136.35,0,1,0,0,272.7
2787,2023-07-26,61,3,2,0,Deluxe,Corporate,Australia,180.17,1,0,1,0,0.0
2788,2023-02-13,4,4,4,0,Standard,OTA,Singapore,71.39,0,0,0,1,285.56
2789,2023-01-04,36,4,1,0,Standard,Corporate,UK,111.65,0,1,0,0,446.6
2790,2024-09-01,22,2,2,1,Deluxe,Corporate,USA,189.21,0,0,1,0,378.42
2791,2024-11-14,33,7,2,0,Standard,Corporate,India,120.3,0,0,2,1,842.1
2792,2023-04-24,88,4,2,0,Deluxe,Direct,UK,130.07,1,1,1,1,0.0
2793,2024-06-11,32,3,2,0,Standard,OTA,Germany,94.9,0,2,1,0,284.7
2794,2024-01-26,29,2,2,0,Suite,OTA,India,322.38,0,1,0,1,644.76
2795,2023-02-20,52,5,2,0,Suite,Travel Agent,India,222.18,0,0,1,0,1110.9
2796,2024-10-30,41,2,3,0,Standard,OTA,India,76.12,0,1,0,1,152.24
2797,2024-09-28,36,4,4,0,Executive,Direct,India,334.34,0,2,1,0,1337.36
2798,2024-02-19,42,4,4,1,Suite,OTA,UK,217.22,0,0,0,0,868.88
2799,2024-05-31,73,6,2,0,Suite,OTA,India,204.62,0,1,1,0,1227.72
2800,2023-10-17,59,5,2,0,Suite,Travel Agent,USA,216.63,0,1,0,0,1083.15
2801,2024-08-01,27,4,2,0,Standard,Corporate,India,127.49,0,0,4,0,509.96
2802,2023-11-21,85,2,2,0,Suite,OTA,Germany,248.88,0,1,1,1,497.76
2803,2024-12-23,23,3,1,0,Standard,Direct,UAE,128.42,0,1,1,0,385.26
2804,2023-02-16,36,2,2,0,Executive,Travel Agent,UK,339.52,1,0,0,0,0.0
2805,2023-05-06,38,1,3,0,Deluxe,OTA,Germany,162.01,0,1,0,0,162.01
2806,2024-12-08,26,5,2,0,Deluxe,OTA,India,190.31,0,1,1,0,951.55
2807,2023-07-30,79,5,1,0,Standard,OTA,Singapore,123.41,0,2,1,0,617.05
2808,2023-08-15,25,2,2,0,Standard,OTA,India,117.95,0,1,0,0,235.9
2809,2024-07-31,30,4,2,0,Standard,Direct,USA,109.39,1,2,2,0,0.0
2810,2023-05-19,65,3,3,0,Standard,OTA,India,95.7,0,0,1,0,287.1
2811,2024-01-10,23,3,1,1,Standard,Corporate,Australia,109.4,0,2,0,0,328.2
2812,2023-07-28,11,2,2,1,Standard,Corporate,USA,103.14,0,1,0,0,206.28
2813,2023-05-25,36,4,2,0,Executive,Travel Agent,India,307.18,0,3,0,1,1228.72
2814,2024-12-04,14,4,2,0,Suite,OTA,USA,319.83,0,1,0,0,1279.32
2815,2023-05-26,13,1,2,0,Deluxe,Corporate,Singapore,152.02,0,2,2,0,152.02
2816,2023-03-10,4,4,2,1,Suite,OTA,India,253.7,0,0,0,1,1014.8
2817,2024-05-06,5,3,2,0,Deluxe,OTA,India,130.57,1,0,0,1,0.0
2818,2024-09-25,5,2,2,0,Executive,OTA,India,369.71,0,0,1,0,739.42
2819,2023-04-04,92,5,2,2,Deluxe,Travel Agent,India,134.36,0,1,1,0,671.8
2820,2024-05-31,5,5,2,0,Deluxe,Travel Agent,Australia,155.18,0,1,2,1,775.9
2821,2024-01-30,14,4,2,2,Standard,OTA,USA,78.26,0,3,2,1,313.04
2822,2024-08-28,30,1,2,0,Suite,OTA,India,297.89,0,0,1,0,297.89
2823,2023-04-03,50,4,2,0,Suite,OTA,Germany,238.24,0,2,0,0,952.96
2824,2024-12-13,54,3,2,0,Standard,OTA,Germany,133.79,1,0,3,0,0.0
2825,2024-03-27,18,4,3,1,Standard,Direct,Singapore,86.83,0,0,1,1,347.32
2826,2024-09-06,35,3,4,0,Suite,OTA,India,227.33,0,0,2,0,681.99
2827,2023-09-22,30,5,2,0,Executive,Direct,USA,337.26,1,2,0,1,0.0
2828,2024-11-19,34,3,1,0,Deluxe,Travel Agent,Australia,214.78,0,2,0,0,644.34
2829,2024-04-02,37,5,2,0,Standard,OTA,India,67.54,0,0,0,1,337.7
2830,2023-04-03,44,2,1,0,Standard,OTA,India,68.13,1,1,1,1,0.0
2831,2024-11-04,21,4,2,0,Standard,Corporate,Australia,90.3,0,0,2,1,361.2
2832,2024-08-03,71,6,2,0,Suite,OTA,India,300.64,0,1,0,1,1803.84
2833,2023-08-08,25,2,4,0,Standard,OTA,UAE,115.56,1,1,1,0,0.0
2834,2024-02-03,121,1,2,0,Standard,OTA,Singapore,96.21,1,0,0,1,0.0
2835,2023-10-11,22,3,1,0,Deluxe,Travel Agent,UK,148.57,0,2,0,0,445.71
2836,2024-02-01,36,2,2,0,Deluxe,OTA,Australia,100.43,1,0,0,0,0.0
2837,2024-12-05,30,9,2,1,Executive,OTA,Germany,369.11,0,2,3,0,3321.99
2838,2024-10-18,35,3,1,0,Standard,OTA,Germany,85.61,1,1,0,0,0.0
2839,2023-06-07,66,8,2,0,Standard,OTA,UK,115.64,0,0,0,0,925.12
2840,2024-12-10,29,1,1,1,Standard,OTA,India,111.19,0,0,3,1,111.19
2841,2023-11-16,13,5,1,1,Deluxe,OTA,India,176.63,1,2,0,1,0.0
2842,2024-05-29,21,6,2,0,Standard,OTA,Germany,82.87,0,1,1,1,497.22
2843,2024-07-11,29,2,3,0,Deluxe,OTA,India,153.49,0,0,1,0,306.98
2844,2023-12-19,38,1,3,1,Deluxe,Travel Agent,India,219.57,0,0,3,0,219.57
2845,2023-11-30,18,2,2,1,Standard,OTA,USA,134.6,1,1,0,1,0.0
2846,2023-11-30,19,4,2,0,Standard,Corporate,USA,123.86,0,0,1,0,495.44
2847,2024-09-21,39,3,3,0,Executive,OTA,Germany,391.0,0,0,0,1,1173.0
2848,2023-10-10,40,7,4,0,Deluxe,Travel Agent,Singapore,123.65,0,1,0,0,865.55
2849,2023-07-24,60,3,3,2,Deluxe,OTA,India,166.72,1,2,0,0,0.0
2850,2023-09-21,21,3,2,0,Standard,OTA,India,61.76,0,0,0,1,185.28
2851,2023-05-23,47,4,3,1,Standard,OTA,Germany,76.87,0,2,0,1,307.48
2852,2023-10-13,30,5,2,0,Standard,OTA,India,76.0,0,0,1,0,380.0
2853,2023-03-25,23,8,1,0,Suite,OTA,India,271.35,0,0,2,1,2170.8
2854,2023-03-07,31,5,1,0,Standard,Travel Agent,India,80.02,0,1,2,0,400.1
2855,2024-06-12,34,1,4,0,Standard,OTA,India,106.04,0,3,0,0,106.04
2856,2023-02-26,11,3,3,0,Executive,OTA,UK,376.42,0,0,1,0,1129.26
2857,2024-02-19,12,3,2,1,Deluxe,OTA,India,149.17,1,1,1,1,0.0
2858,2024-07-23,51,3,2,0,Standard,OTA,UK,88.38,0,1,0,1,265.14
2859,2024-06-12,25,5,2,0,Standard,OTA,UAE,76.5,0,0,1,1,382.5
2860,2023-11-22,38,3,2,2,Standard,OTA,India,134.52,0,0,3,0,403.56
2861,2023-05-22,50,3,2,0,Deluxe,OTA,India,123.15,1,2,0,0,0.0
2862,2024-11-10,31,6,2,1,Executive,Direct,India,469.05,0,0,1,0,2814.3
2863,2024-09-01,48,3,2,0,Standard,Direct,UAE,104.99,0,0,1,0,314.97
2864,2024-03-22,34,2,2,0,Standard,OTA,India,89.92,0,1,0,1,179.84
2865,2023-03-05,35,2,4,0,Standard,OTA,Australia,80.53,0,0,0,1,161.06
2866,2023-01-26,69,4,3,2,Standard,Direct,Germany,136.79,0,1,0,0,547.16
2867,2023-08-19,28,3,1,0,Suite,Travel Agent,USA,287.43,1,0,0,0,0.0
2868,2023-04-25,52,1,2,0,Standard,Direct,Singapore,98.75,0,2,0,0,98.75
2869,2024-09-20,10,7,2,2,Executive,OTA,India,364.71,0,1,2,1,2552.97
2870,2023-05-31,37,3,1,1,Standard,OTA,India,90.71,0,0,1,0,272.13
2871,2023-07-26,80,4,2,0,Suite,Direct,India,298.75,0,1,1,0,1195.0
2872,2024-12-13,126,4,2,0,Deluxe,OTA,UAE,194.55,0,0,1,0,778.2
2873,2024-08-20,10,4,1,0,Deluxe,Direct,USA,169.34,0,0,1,0,677.36
2874,2023-06-09,25,11,4,0,Suite,Direct,Singapore,379.62,0,1,2,0,4175.82
2875,2023-10-07,15,4,2,0,Deluxe,OTA,Australia,175.23,0,1,2,0,700.92
2876,2024-01-12,29,4,1,0,Suite,Travel Agent,USA,393.63,0,0,0,1,1574.52
2877,2024-04-29,57,3,2,0,Deluxe,OTA,USA,142.53,0,1,0,0,427.59
2878,2024-11-14,71,1,2,0,Deluxe,OTA,India,175.83,0,2,0,0,175.83
2879,2024-09-27,72,3,2,0,Standard,Direct,India,83.84,1,0,1,0,0.0
2880,2024-12-14,9,5,2,1,Deluxe,Corporate,India,243.28,0,0,2,1,1216.4
2881,2023-01-30,33,2,1,0,Suite,OTA,UK,280.91,0,0,0,0,561.82
2882,2023-06-22,20,2,2,0,Deluxe,Direct,India,149.07,0,1,0,0,298.14
2883,2024-02-15,28,3,4,0,Suite,OTA,Australia,223.58,1,0,0,0,0.0
2884,2023-02-05,23,5,2,0,Executive,Corporate,Singapore,289.26,0,0,0,0,1446.3
2885,2023-09-17,10,2,2,0,Standard,OTA,India,89.19,0,0,0,0,178.38
2886,2023-04-23,71,1,3,0,Deluxe,Direct,UK,138.08,0,0,0,0,138.08
2887,2024-11-12,18,3,3,0,Suite,Direct,USA,250.03,0,2,0,0,750.09
2888,2023-02-16,21,3,3,0,Standard,Travel Agent,USA,69.08,0,2,0,1,207.24
2889,2023-04-19,81,5,1,2,Standard,Travel Agent,Germany,80.8,1,2,2,0,0.0
2890,2023-05-23,8,2,1,0,Standard,Direct,UK,90.88,0,0,0,0,181.76
2891,2023-04-19,44,4,2,0,Suite,OTA,UK,220.48,1,1,0,1,0.0
2892,2024-02-20,63,4,4,1,Executive,Direct,India,264.53,0,2,1,0,1058.12
2893,2023-09-23,77,3,2,0,Executive,Direct,India,322.21,1,1,1,1,0.0
2894,2024-10-28,42,2,4,0,Deluxe,Direct,Australia,137.03,0,1,0,0,274.06
2895,2023-07-10,52,2,2,0,Deluxe,OTA,Singapore,179.5,1,1,0,1,0.0
2896,2024-01-28,63,2,1,0,Standard,Direct,UK,140.11,1,0,2,1,0.0
2897,2024-04-26,30,2,3,0,Executive,Travel Agent,India,359.46,0,0,0,0,718.92
2898,2024-04-01,16,1,3,0,Executive,OTA,USA,358.48,0,0,0,0,358.48
2899,2024-08-04,85,3,2,2,Deluxe,OTA,USA,170.35,0,1,0,0,511.05
2900,2023-05-28,49,6,2,1,Standard,Corporate,UK,80.23,0,3,1,0,481.38
2901,2024-01-06,33,1,2,0,Executive,OTA,India,455.88,1,0,0,0,0.0
2902,2024-08-07,10,1,2,0,Suite,Direct,Australia,307.42,0,0,0,0,307.42
2903,2024-09-22,3,3,2,0,Executive,OTA,Singapore,378.51,0,0,0,0,1135.53
2904,2024-03-26,43,7,2,0,Deluxe,OTA,Australia,148.72,0,1,2,0,1041.04
2905,2024-04-20,3,6,2,0,Standard,OTA,Singapore,92.24,0,1,1,0,553.44
2906,2024-09-22,33,3,1,2,Standard,OTA,India,94.83,0,0,2,1,284.49
2907,2024-04-01,19,4,1,2,Deluxe,OTA,India,128.45,0,0,1,1,513.8
2908,2024-11-23,23,2,1,0,Executive,OTA,UAE,424.01,0,1,0,0,848.02
2909,2023-04-04,73,4,2,0,Standard,Corporate,USA,81.45,0,0,1,0,325.8
2910,2023-09-11,19,1,2,0,Deluxe,OTA,Singapore,128.35,0,1,0,0,128.35
2911,2023-03-23,34,4,2,0,Executive,OTA,India,286.84,0,0,1,0,1147.36
2912,2023-03-08,19,2,2,0,Standard,Travel Agent,India,86.95,0,0,2,0,173.9
2913,2023-12-11,40,1,1,0,Deluxe,OTA,UK,180.69,0,0,1,0,180.69
2914,2023-06-14,36,3,2,0,Suite,Direct,USA,310.57,0,0,1,0,931.71
2915,2023-10-25,33,4,2,0,Deluxe,OTA,India,118.33,0,1,1,0,473.32
2916,2023-11-16,63,3,2,0,Deluxe,OTA,UK,169.44,0,1,0,0,508.32
2917,2024-03-29,8,2,1,0,Suite,Corporate,Germany,202.85,0,0,0,0,405.7
2918,2024-11-21,6,4,2,0,Standard,Corporate,USA,96.69,0,1,1,0,386.76
2919,2024-09-12,12,2,2,1,Deluxe,Travel Agent,India,141.66,0,1,1,0,283.32
2920,2023-10-04,37,3,2,0,Executive,OTA,Germany,333.56,0,0,0,0,1000.68
2921,2023-08-26,45,5,1,1,Standard,OTA,UAE,121.15,0,2,2,1,605.75
2922,2024-07-16,1,1,2,0,Standard,OTA,USA,112.32,0,2,2,1,112.32
2923,2023-04-01,45,3,4,0,Standard,OTA,UK,99.32,0,1,0,1,297.96
2924,2024-01-30,25,3,3,0,Deluxe,Corporate,India,179.39,0,1,3,0,538.17
2925,2023-11-05,86,1,3,0,Standard,Direct,India,135.99,0,2,1,0,135.99
2926,2023-05-14,42,2,1,0,Deluxe,OTA,Germany,138.11,0,2,2,0,276.22
2927,2024-03-26,80,3,2,1,Deluxe,OTA,India,106.33,0,1,1,0,318.99
2928,2023-08-23,70,3,1,0,Deluxe,Travel Agent,Singapore,151.01,1,1,2,1,0.0
2929,2023-05-16,25,5,2,0,Deluxe,OTA,Singapore,127.7,0,0,1,0,638.5
2930,2024-04-21,57,3,2,0,Suite,Direct,India,260.27,0,2,1,0,780.81
2931,2023-05-08,25,2,2,0,Deluxe,OTA,India,119.55,0,1,0,0,239.1
2932,2024-05-06,93,2,4,0,Suite,OTA,UAE,207.52,0,1,2,0,415.04
2933,2023-04-29,27,3,4,0,Deluxe,OTA,UAE,165.96,0,0,0,1,497.88
2934,2023-11-14,47,5,1,0,Standard,Direct,India,93.9,0,0,0,0,469.5
2935,2024-08-12,104,2,3,0,Standard,OTA,USA,96.39,1,0,4,0,0.0
2936,2023-06-16,48,5,3,0,Deluxe,OTA,India,168.91,0,2,0,0,844.55
2937,2024-07-14,23,5,2,0,Deluxe,Direct,India,145.92,0,2,2,0,729.6
2938,2024-06-10,11,10,2,0,Suite,OTA,USA,255.34,0,0,0,0,2553.4
2939,2024-10-20,8,4,1,2,Deluxe,Corporate,India,135.82,0,0,1,1,543.28
2940,2023-05-04,45,3,2,0,Suite,Direct,India,212.48,0,0,1,0,637.44
2941,2024-06-06,31,2,1,1,Standard,OTA,UK,98.48,0,0,1,0,196.96
2942,2024-11-14,12,3,2,0,Deluxe,OTA,India,132.55,0,1,1,1,397.65
2943,2024-07-11,53,4,1,0,Standard,OTA,India,109.45,0,1,2,0,437.8
2944,2023-05-18,53,6,2,2,Standard,Travel Agent,UAE,110.16,0,1,0,0,660.96
2945,2024-08-23,30,4,2,0,Deluxe,OTA,Germany,162.0,0,0,1,1,648.0
2946,2023-03-20,82,5,1,1,Standard,OTA,USA,75.65,0,0,0,1,378.25
2947,2024-03-05,7,5,3,0,Standard,Corporate,UK,73.42,0,0,0,1,367.1
2948,2023-12-30,24,4,1,0,Standard,OTA,India,110.08,0,1,1,0,440.32
2949,2024-01-23,48,4,2,2,Executive,Travel Agent,Australia,508.41,1,1,1,0,0.0
2950,2024-01-15,14,9,2,1,Suite,Travel Agent,India,290.73,1,0,1,1,0.0
2951,2023-01-23,57,3,2,1,Executive,Direct,India,445.35,0,1,0,0,1336.05
2952,2024-01-06,68,5,2,1,Standard,Direct,India,143.75,1,1,1,1,0.0
2953,2024-11-14,2,3,2,0,Standard,Corporate,India,123.31,0,2,2,0,369.93
2954,2023-11-15,84,1,2,0,Standard,OTA,UK,124.28,0,0,0,0,124.28
2955,2023-07-22,46,3,2,0,Deluxe,OTA,Singapore,153.98,1,0,0,0,0.0
2956,2024-12-27,22,6,2,0,Executive,Direct,UK,524.33,0,5,1,1,3145.98
2957,2023-03-14,9,4,1,0,Standard,Travel Agent,India,77.59,0,1,0,0,310.36
2958,2023-12-21,62,6,4,0,Deluxe,OTA,Germany,212.96,0,0,2,1,1277.76
2959,2024-01-10,12,2,2,1,Standard,OTA,India,98.31,1,0,2,1,0.0
2960,2023-12-15,46,2,1,0,Deluxe,Direct,UK,176.15,0,2,0,0,352.3
2961,2024-11-03,12,2,2,0,Executive,Direct,USA,470.31,0,1,2,0,940.62
2962,2023-11-04,33,1,2,0,Deluxe,Travel Agent,USA,219.35,0,0,1,1,219.35
2963,2024-12-11,60,4,2,1,Deluxe,OTA,India,139.42,1,1,1,1,0.0
2964,2023-02-18,22,4,4,1,Deluxe,Travel Agent,Singapore,143.59,0,1,0,0,574.36
2965,2024-06-19,83,3,2,0,Standard,Direct,India,84.24,0,1,1,0,252.72
2966,2024-03-08,49,5,1,0,Standard,OTA,UK,103.03,0,1,1,0,515.15
2967,2023-06-25,14,2,2,0,Suite,Corporate,India,285.73,0,0,0,1,571.46
2968,2023-06-16,10,5,3,1,Deluxe,OTA,USA,205.26,0,0,0,1,1026.3
2969,2024-06-09,17,3,2,1,Standard,OTA,UAE,101.9,0,0,1,0,305.7
2970,2024-04-10,31,4,1,0,Deluxe,Direct,UK,135.91,0,1,1,1,543.64
2971,2024-03-22,89,2,2,0,Standard,OTA,India,77.58,0,0,1,0,155.16
2972,2023-02-07,99,2,2,0,Standard,Travel Agent,UK,79.67,0,0,3,0,159.34
2973,2024-03-12,21,2,2,0,Standard,Direct,Germany,70.2,0,0,2,0,140.4
2974,2024-12-17,21,5,4,0,Suite,OTA,India,354.13,0,1,0,1,1770.65
2975,2023-01-13,54,2,1,1,Standard,Direct,India,141.32,1,1,1,0,0.0
2976,2023-12-09,54,3,3,0,Executive,Corporate,USA,482.01,0,0,1,0,1446.03
2977,2023-12-27,75,3,3,0,Standard,Corporate,USA,122.24,0,0,2,1,366.72
2978,2024-10-16,76,2,1,0,Standard,Direct,India,75.92,1,1,2,0,0.0
2979,2023-07-26,16,3,2,0,Suite,Travel Agent,UAE,285.74,0,1,1,1,857.22
2980,2023-12-14,8,3,1,0,Standard,OTA,UK,107.94,0,2,0,0,323.82
2981,2024-06-07,49,3,2,1,Executive,Corporate,India,443.31,0,1,2,0,1329.93
2982,2023-02-14,38,5,2,0,Deluxe,OTA,India,133.09,0,0,0,0,665.45
2983,2024-08-07,4,1,2,0,Standard,Direct,India,96.22,0,0,1,0,96.22
2984,2024-08-23,8,5,2,0,Executive,Corporate,India,327.79,0,1,1,1,1638.95
2985,2024-06-09,47,3,2,1,Standard,Corporate,Australia,102.84,0,1,1,0,308.52
2986,2024-04-18,29,3,1,0,Standard,OTA,India,98.14,0,1,2,1,294.42
2987,2024-06-29,48,3,1,0,Suite,OTA,India,302.14,0,0,0,0,906.42
2988,2024-07-24,13,6,2,0,Standard,Travel Agent,Germany,88.65,1,2,0,0,0.0
2989,2024-10-21,51,5,3,1,Deluxe,Direct,USA,131.95,1,1,3,0,0.0
2990,2023-11-09,41,7,2,0,Standard,Travel Agent,Germany,89.26,0,1,1,1,624.82
2991,2023-11-29,53,5,2,1,Executive,Corporate,USA,385.78,1,0,0,1,0.0
2992,2024-04-10,23,1,4,0,Standard,OTA,Australia,82.54,0,0,2,1,82.54
2993,2023-05-21,19,4,1,1,Standard,Direct,India,98.32,0,0,0,1,393.28
2994,2024-09-17,9,3,4,0,Executive,Direct,UK,315.31,0,0,0,0,945.93
2995,2024-07-16,26,6,1,2,Deluxe,Corporate,India,185.81,0,1,1,0,1114.86
2996,2024-04-05,66,2,1,0,Suite,Travel Agent,USA,234.96,0,0,2,0,469.92
2997,2023-08-09,78,7,3,0,Deluxe,OTA,India,129.35,0,0,0,1,905.45
2998,2023-09-11,12,5,2,1,Deluxe,Corporate,USA,125.62,0,1,3,0,628.1
2999,2023-11-14,31,5,3,2,Standard,Corporate,USA,101.7,0,3,0,0,508.5
3000,2024-04-28,89,3,2,0,Deluxe,Corporate,India,154.24,1,2,2,0,0.0
3001,2024-07-21,97,4,1,0,Standard,OTA,India,107.61,0,3,2,0,430.44
3002,2024-05-05,25,5,1,0,Standard,Travel Agent,UK,94.44,0,1,1,0,472.2
3003,2024-11-09,70,2,2,0,Standard,Direct,UAE,126.89,0,2,2,0,253.78
3004,2024-12-02,62,3,2,0,Suite,Direct,UK,331.29,0,0,3,0,993.87
3005,2024-05-29,59,4,2,0,Standard,OTA,UAE,80.61,0,0,1,0,322.44
3006,2023-09-28,6,7,1,0,Deluxe,Direct,USA,134.39,0,2,3,0,940.73
3007,2024-03-13,20,4,1,0,Deluxe,Direct,India,158.98,0,0,2,0,635.92
3008,2023-11-07,29,3,2,0,Standard,Direct,UAE,87.77,0,1,1,0,263.31
3009,2024-04-04,28,4,1,0,Standard,OTA,India,82.48,0,2,1,0,329.92
3010,2024-08-15,31,4,2,0,Standard,OTA,UK,95.54,0,2,1,0,382.16
3011,2023-09-27,104,2,1,2,Standard,Corporate,India,81.18,0,2,2,1,162.36
3012,2024-01-05,26,8,3,0,Suite,OTA,USA,368.41,0,0,2,0,2947.28
3013,2023-02-03,43,3,2,1,Deluxe,OTA,UAE,135.89,1,0,0,0,0.0
3014,2024-06-21,42,2,1,2,Deluxe,Travel Agent,India,168.73,0,1,0,1,337.46
3015,2023-12-24,31,5,2,0,Standard,Travel Agent,Australia,136.26,0,0,0,0,681.3
3016,2023-12-02,12,2,2,0,Deluxe,OTA,India,199.87,0,0,0,1,399.74
3017,2024-01-24,35,6,2,0,Standard,Travel Agent,India,96.53,0,1,2,0,579.18
3018,2023-06-07,4,2,2,0,Standard,Corporate,UAE,105.92,0,2,0,0,211.84
3019,2024-03-12,46,3,2,0,Deluxe,Travel Agent,Germany,141.04,0,1,1,1,423.12
3020,2024-06-27,3,5,3,0,Deluxe,OTA,India,160.32,0,0,1,0,801.6
3021,2023-09-13,43,1,1,2,Standard,Travel Agent,India,84.63,0,0,0,0,84.63
3022,2023-04-06,19,3,2,0,Standard,Travel Agent,USA,86.09,0,2,2,0,258.27
3023,2023-10-10,14,2,1,0,Deluxe,Direct,India,129.65,0,0,0,1,259.3
3024,2023-05-25,55,2,2,0,Standard,OTA,USA,83.62,0,0,3,1,167.24
3025,2023-09-30,23,4,2,0,Standard,Direct,Germany,79.58,0,1,0,0,318.32
3026,2024-04-02,33,5,1,0,Executive,OTA,India,294.96,0,0,0,0,1474.8
3027,2023-03-24,7,2,1,0,Standard,Direct,India,103.39,0,2,0,1,206.78
3028,2024-06-29,82,3,2,0,Deluxe,Direct,UAE,228.15,0,0,0,0,684.45
3029,2023-06-13,36,3,2,0,Suite,Direct,UK,270.01,0,0,0,0,810.03
3030,2024-10-15,36,5,3,0,Standard,Corporate,USA,71.96,0,1,2,0,359.8
3031,2024-06-18,46,4,2,0,Deluxe,Direct,Germany,150.61,1,2,2,0,0.0
3032,2023-07-18,1,2,3,0,Deluxe,Direct,Germany,130.07,0,0,0,0,260.14
3033,2024-02-16,88,6,3,0,Standard,Travel Agent,India,100.15,0,0,2,1,600.9
3034,2023-03-22,25,4,1,0,Standard,OTA,Germany,81.08,0,0,0,1,324.32
3035,2023-03-14,84,2,3,0,Executive,OTA,USA,268.0,1,0,0,0,0.0
3036,2024-11-28,24,2,4,0,Standard,Corporate,Australia,106.39,0,0,2,1,212.78
3037,2024-08-08,20,9,2,0,Suite,OTA,UK,288.47,0,0,3,0,2596.23
3038,2023-04-23,44,5,2,1,Deluxe,OTA,Australia,151.61,0,2,2,0,758.05
3039,2023-07-26,118,4,2,0,Deluxe,OTA,Germany,144.36,0,1,1,0,577.44
3040,2023-05-25,70,3,1,0,Deluxe,OTA,India,147.0,0,0,1,0,441.0
3041,2023-10-16,48,2,2,0,Deluxe,Travel Agent,UK,136.4,1,0,2,0,0.0
3042,2023-08-01,44,3,1,0,Deluxe,OTA,UK,142.93,0,0,1,1,428.79
3043,2023-08-28,34,4,2,1,Deluxe,Direct,USA,157.73,0,1,0,1,630.92
3044,2024-01-22,82,3,2,0,Suite,OTA,India,224.02,0,0,1,0,672.06
3045,2023-05-19,56,6,1,0,Suite,OTA,India,262.92,0,1,0,0,1577.52
3046,2024-10-06,9,4,1,0,Standard,Direct,India,123.6,0,0,2,0,494.4
3047,2024-06-15,14,3,1,0,Standard,Travel Agent,USA,125.74,0,0,2,0,377.22
3048,2024-07-09,49,2,4,0,Suite,Travel Agent,UK,260.68,0,1,0,0,521.36
3049,2023-05-04,12,2,3,2,Standard,Direct,USA,83.0,0,1,0,0,166.0
3050,2024-05-31,36,3,1,0,Suite,OTA,India,271.44,0,1,0,1,814.32
3051,2024-09-02,59,2,3,0,Standard,OTA,Germany,86.45,1,1,1,1,0.0
3052,2023-05-08,45,4,3,0,Standard,OTA,UAE,79.48,0,0,0,0,317.92
3053,2024-07-02,10,2,3,0,Standard,Direct,Australia,71.6,0,0,1,0,143.2
3054,2023-09-19,15,3,3,0,Standard,Corporate,Australia,77.23,0,0,1,1,231.69
3055,2024-07-28,45,3,2,1,Deluxe,Direct,Germany,167.84,0,2,1,0,503.52
3056,2023-12-16,109,5,1,0,Standard,Travel Agent,UK,123.61,0,0,0,0,618.05
3057,2024-08-08,30,4,3,2,Executive,Direct,USA,330.2,0,0,0,1,1320.8
3058,2023-04-18,60,3,3,0,Standard,Travel Agent,UK,86.4,0,1,1,0,259.2
3059,2023-10-12,45,2,2,0,Deluxe,OTA,India,162.56,1,0,0,1,0.0
3060,2023-07-19,19,4,2,0,Deluxe,Travel Agent,Australia,175.37,0,0,1,1,701.48
3061,2023-07-01,61,4,2,0,Standard,Corporate,UK,110.27,0,0,2,0,441.08
3062,2023-08-14,7,2,2,0,Suite,Corporate,UK,313.84,0,0,3,1,627.68
3063,2023-10-07,58,3,2,0,Standard,Corporate,UK,103.06,0,1,1,1,309.18
3064,2023-04-03,47,4,1,0,Deluxe,OTA,UAE,142.29,0,2,1,0,569.16
3065,2024-05-31,21,4,2,0,Standard,OTA,UAE,86.32,0,0,0,0,345.28
3066,2024-02-06,13,3,2,2,Standard,Corporate,India,79.16,0,0,2,0,237.48
3067,2024-08-28,22,3,1,1,Standard,Corporate,USA,103.4,0,1,0,1,310.2
3068,2024-05-29,18,3,2,0,Standard,OTA,Singapore,101.26,1,0,0,1,0.0
3069,2023-04-19,27,2,2,0,Executive,OTA,UAE,353.82,1,0,1,1,0.0
3070,2023-02-21,24,3,2,0,Suite,Direct,India,237.15,1,1,1,0,0.0
3071,2023-11-05,21,7,1,0,Suite,OTA,USA,350.5,0,0,2,1,2453.5
3072,2023-12-18,6,2,2,0,Deluxe,OTA,USA,192.77,0,0,2,1,385.54
3073,2023-06-25,11,1,2,0,Deluxe,Travel Agent,Singapore,192.15,0,1,2,0,192.15
3074,2024-07-25,67,4,1,0,Suite,OTA,Singapore,314.37,1,1,0,0,0.0
3075,2024-02-29,21,3,2,0,Deluxe,OTA,India,113.83,0,0,1,0,341.49
3076,2024-06-30,27,3,2,0,Executive,Direct,India,418.58,0,0,1,1,1255.74
3077,2023-03-21,23,4,2,0,Standard,Direct,India,87.84,0,0,1,0,351.36
3078,2024-08-18,83,3,2,0,Deluxe,Travel Agent,India,211.34,0,0,2,0,634.02
3079,2023-05-31,18,6,2,0,Deluxe,Direct,USA,161.38,0,1,3,1,968.28
3080,2023-11-24,17,3,1,0,Standard,Corporate,UK,103.36,0,4,2,0,310.08
3081,2023-11-17,47,2,2,0,Standard,Direct,Germany,114.39,0,0,1,0,228.78
3082,2024-08-22,38,2,2,0,Executive,Travel Agent,India,359.61,0,0,0,1,719.22
3083,2023-07-22,48,5,2,0,Deluxe,Direct,India,154.02,0,0,0,0,770.1
3084,2023-06-25,46,2,2,1,Standard,OTA,UK,133.28,0,1,3,1,266.56
3085,2023-09-05,62,4,3,0,Executive,Travel Agent,USA,306.67,0,0,2,0,1226.68
3086,2023-09-21,10,2,1,0,Executive,Direct,India,344.46,0,0,0,0,688.92
3087,2023-05-13,44,1,3,0,Deluxe,OTA,India,147.43,0,0,0,0,147.43
3088,2023-05-09,17,2,2,0,Standard,Travel Agent,UAE,84.51,0,2,1,0,169.02
3089,2023-06-18,4,2,2,0,Standard,Direct,India,93.15,0,1,0,0,186.3
3090,2023-12-08,46,3,2,0,Suite,OTA,UAE,300.68,0,0,0,0,902.04
3091,2023-09-08,44,4,2,0,Standard,OTA,Australia,81.2,0,0,1,0,324.8
3092,2023-10-14,32,3,1,0,Standard,Travel Agent,India,73.78,0,0,1,1,221.34
3093,2024-06-08,62,2,1,0,Standard,OTA,UAE,124.81,0,0,0,0,249.62
3094,2023-06-25,17,2,2,0,Deluxe,OTA,Germany,180.41,1,1,2,0,0.0
3095,2024-10-26,51,8,1,1,Standard,Corporate,UK,104.35,0,2,1,0,834.8
3096,2024-07-02,29,5,1,1,Executive,Travel Agent,India,357.64,0,0,4,1,1788.2
3097,2023-05-08,31,5,1,0,Suite,Direct,India,251.36,0,0,3,1,1256.8
3098,2023-08-18,5,3,4,2,Executive,Direct,Germany,464.41,0,1,1,0,1393.23
3099,2023-05-14,63,2,1,0,Standard,OTA,India,91.33,0,3,1,0,182.66
3100,2023-07-19,43,2,4,1,Deluxe,OTA,Germany,160.86,0,1,2,0,321.72
3101,2023-09-24,50,5,2,2,Deluxe,OTA,Germany,156.92,0,0,0,1,784.6
3102,2023-04-06,15,3,1,0,Executive,OTA,Australia,342.36,1,1,1,1,0.0
3103,2023-01-11,40,6,1,0,Standard,Corporate,Germany,108.37,0,0,1,1,650.22
3104,2023-11-17,29,2,1,1,Standard,Travel Agent,Australia,130.43,0,0,1,0,260.86
3105,2024-05-26,45,3,2,0,Deluxe,Direct,Australia,124.12,0,0,2,0,372.36
3106,2023-08-10,38,5,1,0,Deluxe,OTA,USA,140.64,0,0,3,0,703.2
3107,2024-09-20,94,4,3,1,Standard,OTA,India,84.57,0,0,6,0,338.28
3108,2023-09-27,75,6,2,0,Deluxe,Direct,India,139.01,0,1,2,0,834.06
3109,2024-10-19,26,3,2,0,Standard,Direct,India,84.9,0,0,1,0,254.7
3110,2023-06-22,46,3,2,0,Standard,Corporate,India,98.01,0,0,1,0,294.03
3111,2024-01-29,25,1,2,1,Standard,Travel Agent,Germany,106.65,0,0,0,0,106.65
3112,2024-07-11,61,3,4,0,Deluxe,Corporate,Germany,157.18,0,0,2,0,471.54
3113,2023-02-13,30,4,2,1,Standard,Travel Agent,USA,88.91,0,1,2,0,355.64
3114,2024-11-09,22,3,2,0,Standard,OTA,Germany,127.54,0,0,1,0,382.62
3115,2023-09-24,39,6,4,0,Deluxe,Travel Agent,UK,146.08,0,1,1,0,876.48
3116,2023-12-30,72,3,4,0,Standard,OTA,UK,131.1,0,1,2,0,393.3
3117,2024-04-03,64,2,2,0,Deluxe,OTA,Germany,156.13,1,1,0,1,0.0
3118,2024-04-14,23,2,2,0,Deluxe,Direct,Germany,151.51,0,0,1,0,303.02
3119,2023-01-18,88,4,2,0,Deluxe,OTA,Germany,149.73,0,0,1,0,598.92
3120,2024-09-25,16,2,2,0,Standard,Direct,USA,67.37,0,0,0,0,134.74
3121,2024-03-31,20,5,2,0,Standard,Travel Agent,India,88.9,0,0,0,1,444.5
3122,2024-12-30,60,5,2,0,Deluxe,OTA,USA,151.48,0,0,0,0,757.4
3123,2023-12-11,4,3,3,0,Standard,Corporate,UAE,77.0,1,0,0,1,0.0
3124,2024-03-23,33,6,2,1,Standard,OTA,Australia,88.77,0,1,2,0,532.62
3125,2023-11-18,26,3,2,0,Suite,OTA,UAE,357.15,0,3,0,0,1071.45
3126,2024-10-11,92,2,2,1,Standard,OTA,Germany,107.28,0,0,0,0,214.56
3127,2024-08-30,13,3,1,0,Deluxe,OTA,India,179.02,0,0,2,0,537.06
3128,2024-10-25,15,2,2,2,Standard,OTA,USA,95.42,0,2,0,1,190.84
3129,2024-01-04,100,3,2,1,Standard,Direct,UAE,114.68,0,0,1,1,344.04
3130,2024-07-31,27,3,1,0,Suite,Travel Agent,Australia,266.62,0,2,1,0,799.86
3131,2023-09-19,70,5,2,0,Suite,Direct,USA,202.38,0,1,1,0,1011.9
3132,2023-12-03,23,2,1,0,Standard,Corporate,India,156.56,0,0,1,0,313.12
3133,2024-07-08,19,2,1,1,Standard,OTA,Australia,84.62,0,1,3,0,169.24
3134,2023-03-01,72,1,2,0,Deluxe,OTA,India,136.5,0,0,1,0,136.5
3135,2024-06-02,115,3,2,0,Deluxe,Corporate,USA,162.61,1,1,1,0,0.0
3136,2023-01-12,76,5,2,1,Deluxe,Travel Agent,USA,177.88,0,2,1,1,889.4
3137,2024-02-28,22,2,2,2,Standard,OTA,Singapore,83.93,1,0,0,0,0.0
3138,2023-12-15,32,1,1,0,Executive,OTA,India,454.46,0,0,2,0,454.46
3139,2023-12-09,15,4,3,0,Suite,Direct,UK,291.81,0,0,2,0,1167.24
3140,2023-12-27,17,2,2,0,Deluxe,OTA,India,168.18,0,0,1,1,336.36
3141,2023-12-26,17,4,2,0,Executive,OTA,USA,459.63,0,2,1,0,1838.52
3142,2023-10-25,24,3,1,0,Standard,Corporate,USA,65.58,0,0,1,0,196.74
3143,2023-11-26,36,6,3,2,Standard,OTA,India,148.51,0,0,0,0,891.06
3144,2024-02-19,33,6,2,0,Standard,Direct,Australia,80.91,1,1,0,0,0.0
3145,2024-07-11,54,5,4,0,Standard,Direct,UAE,104.23,1,0,0,0,0.0
3146,2024-02-08,38,4,2,0,Standard,Corporate,Australia,69.88,0,0,0,0,279.52
3147,2024-04-14,51,2,3,0,Executive,Corporate,Germany,338.83,0,1,1,1,677.66
3148,2024-09-02,56,2,2,0,Suite,OTA,USA,202.42,0,1,0,0,404.84
3149,2024-12-23,22,3,1,0,Deluxe,OTA,India,181.72,0,0,3,0,545.16
3150,2023-03-21,29,4,2,0,Deluxe,Travel Agent,India,112.97,0,0,1,0,451.88
3151,2024-06-04,192,4,1,0,Standard,OTA,India,88.85,0,0,0,0,355.4
3152,2023-06-14,21,4,2,0,Standard,Corporate,India,119.82,0,1,2,0,479.28
3153,2023-05-24,53,2,2,0,Standard,Travel Agent,India,86.21,0,1,0,1,172.42
3154,2024-08-01,11,3,2,0,Deluxe,Travel Agent,India,163.11,0,0,1,0,489.33
3155,2023-02-20,57,5,2,0,Deluxe,OTA,USA,135.67,0,0,1,1,678.35
3156,2024-09-10,18,5,2,1,Deluxe,Direct,India,152.75,0,1,1,1,763.75
3157,2024-07-16,34,7,2,0,Executive,Direct,India,354.53,0,2,0,1,2481.71
3158,2024-12-27,9,10,2,0,Standard,Corporate,USA,138.16,0,0,1,1,1381.6
3159,2024-05-02,32,6,2,0,Standard,Direct,India,57.34,0,1,0,0,344.04
3160,2024-09-29,32,6,2,0,Standard,Direct,India,90.68,0,0,0,0,544.08
3161,2023-03-28,29,6,2,0,Executive,Travel Agent,UAE,288.88,0,0,2,0,1733.28
3162,2024-10-11,45,3,3,0,Deluxe,Direct,Australia,140.09,0,0,1,0,420.27
3163,2023-04-28,68,3,2,0,Standard,Travel Agent,India,100.16,0,0,2,0,300.48
3164,2023-08-18,15,3,1,1,Executive,OTA,USA,407.32,0,1,0,0,1221.96
3165,2023-04-04,29,4,2,0,Standard,Direct,India,78.46,0,1,0,0,313.84
3166,2023-10-21,10,6,2,0,Standard,Direct,USA,83.34,0,1,1,0,500.04
3167,2024-06-30,6,1,3,2,Standard,OTA,India,105.19,0,2,0,0,105.19
3168,2023-07-15,37,3,4,0,Standard,Direct,USA,83.81,0,2,1,0,251.43
3169,2024-08-23,14,4,3,0,Deluxe,Direct,USA,172.61,0,1,0,0,690.44
3170,2024-03-18,33,4,2,0,Executive,Corporate,India,249.06,1,0,2,1,0.0
3171,2024-04-04,38,5,2,0,Standard,Corporate,Australia,94.83,0,0,1,1,474.15
3172,2024-11-16,7,1,2,0,Deluxe,Direct,USA,219.59,0,1,0,0,219.59
3173,2023-11-12,42,3,1,1,Standard,OTA,India,137.81,0,0,0,0,413.43
3174,2023-09-09,66,4,2,0,Suite,OTA,UAE,212.9,0,0,1,0,851.6
3175,2024-12-27,49,4,2,0,Standard,OTA,India,136.69,0,1,0,0,546.76
3176,2024-02-11,15,4,1,0,Standard,Corporate,India,84.63,0,1,0,0,338.52
3177,2024-03-24,32,2,3,0,Standard,Direct,India,95.06,0,1,2,0,190.12
3178,2023-08-05,34,4,3,1,Suite,Corporate,Germany,296.8,0,0,1,0,1187.2
3179,2023-06-07,29,7,2,1,Standard,OTA,Singapore,80.12,0,1,1,0,560.84
3180,2023-05-04,10,3,1,1,Standard,OTA,UK,70.04,1,2,0,1,0.0
3181,2023-06-13,17,1,3,0,Standard,Corporate,Australia,103.6,0,0,1,0,103.6
3182,2023-05-23,28,4,1,2,Executive,OTA,UK,322.59,0,0,0,0,1290.36
3183,2024-06-29,38,1,1,0,Standard,Travel Agent,India,92.22,0,1,1,1,92.22
3184,2023-02-12,21,3,2,0,Executive,Direct,UK,392.06,1,1,1,1,0.0
3185,2024-04-04,5,9,3,0,Standard,OTA,UAE,76.34,0,1,0,0,687.06
3186,2024-11-23,22,1,2,1,Standard,OTA,India,105.09,1,1,1,1,0.0
3187,2024-07-12,94,6,2,0,Deluxe,OTA,USA,167.58,1,0,0,0,0.0
3188,2023-10-22,43,4,3,0,Standard,Direct,India,77.04,0,0,0,0,308.16
3189,2023-02-13,37,4,2,0,Deluxe,OTA,India,118.68,0,0,0,1,474.72
3190,2024-08-31,17,7,2,0,Standard,OTA,UK,104.06,0,2,1,0,728.42
3191,2023-01-03,23,2,1,0,Standard,Direct,UAE,114.69,1,1,1,0,0.0
3192,2024-05-12,4,5,2,0,Standard,Travel Agent,India,100.97,0,0,1,0,504.85
3193,2024-05-04,16,4,2,0,Deluxe,OTA,India,168.57,1,1,1,0,0.0
3194,2023-05-21,41,5,1,0,Deluxe,OTA,USA,163.6,0,0,0,0,818.0
3195,2024-06-24,37,4,2,1,Standard,Corporate,India,74.07,0,0,3,1,296.28
3196,2023-05-09,19,4,1,0,Suite,OTA,India,181.85,0,0,2,0,727.4
3197,2023-06-14,29,6,1,0,Deluxe,OTA,UAE,176.55,0,0,0,1,1059.3
3198,2024-08-15,33,7,2,0,Deluxe,Corporate,UK,147.27,0,1,1,0,1030.89
3199,2024-12-15,20,2,1,0,Standard,OTA,USA,122.13,0,1,1,0,244.26
3200,2023-07-13,44,3,1,1,Suite,Corporate,India,284.04,0,1,1,1,852.12
3201,2024-11-03,37,3,2,0,Standard,Direct,Australia,143.43,0,0,1,0,430.29
3202,2024-10-28,23,2,3,1,Standard,OTA,Australia,84.51,0,2,2,1,169.02
3203,2024-07-15,11,1,2,0,Standard,Travel Agent,Germany,86.09,0,1,0,0,86.09
3204,2023-04-13,22,4,1,0,Suite,OTA,India,187.78,0,0,0,0,751.12
3205,2023-08-07,21,6,2,0,Standard,OTA,India,83.67,0,1,1,0,502.02
3206,2024-05-09,19,1,2,0,Standard,OTA,USA,91.76,0,1,1,0,91.76
3207,2024-12-30,7,4,1,0,Standard,Travel Agent,India,119.15,0,1,0,0,476.6
3208,2024-08-17,78,3,1,0,Standard,Travel Agent,India,111.01,0,2,1,1,333.03
3209,2023-11-03,75,4,2,0,Standard,OTA,UAE,102.96,0,0,3,0,411.84
3210,2023-06-21,29,6,2,0,Standard,Corporate,Singapore,106.27,0,0,1,1,637.62
3211,2024-12-02,38,3,1,0,Suite,OTA,UK,303.75,0,0,2,0,911.25
3212,2023-07-21,44,1,1,0,Standard,Travel Agent,India,100.24,0,0,1,0,100.24
3213,2023-09-07,29,4,2,0,Deluxe,Direct,India,129.15,0,1,0,1,516.6
3214,2024-12-05,40,2,2,0,Standard,Corporate,India,114.57,0,0,1,0,229.14
3215,2024-02-15,48,3,2,0,Standard,Corporate,India,75.72,0,0,2,0,227.16
3216,2023-07-13,36,2,4,0,Deluxe,Corporate,India,136.6,0,1,1,0,273.2
3217,2023-01-04,54,8,1,0,Standard,Corporate,India,110.45,0,0,1,0,883.6
3218,2023-11-10,19,2,2,0,Standard,Travel Agent,India,127.96,0,0,1,0,255.92
3219,2024-12-20,31,2,2,0,Standard,Direct,India,95.98,0,0,1,0,191.96
3220,2023-11-12,151,1,2,0,Standard,Corporate,Australia,123.13,1,0,1,1,0.0
3221,2024-05-25,63,3,2,0,Suite,Direct,USA,227.42,0,1,4,0,682.26
3222,2023-07-04,36,4,2,0,Suite,Corporate,Australia,279.1,0,0,1,0,1116.4
3223,2024-07-20,15,7,2,0,Standard,OTA,UAE,87.83,0,1,0,0,614.81
3224,2024-07-20,33,4,2,0,Standard,OTA,USA,93.53,0,1,0,1,374.12
3225,2024-03-20,60,4,2,0,Standard,OTA,USA,57.5,1,0,0,0,0.0
3226,2024-07-17,52,3,1,0,Deluxe,OTA,UAE,163.77,0,1,0,1,491.31
3227,2024-02-27,5,8,2,0,Standard,Travel Agent,India,65.61,1,0,1,0,0.0
3228,2023-10-04,7,3,3,0,Standard,Travel Agent,USA,67.27,1,3,3,1,0.0
3229,2024-06-22,8,2,2,0,Deluxe,OTA,India,177.44,1,0,1,0,0.0
3230,2024-09-01,44,3,1,0,Deluxe,OTA,Germany,146.64,0,0,4,0,439.92
3231,2024-09-05,8,6,4,0,Deluxe,Direct,India,139.94,0,0,0,0,839.64
3232,2023-06-05,14,3,4,0,Deluxe,OTA,India,169.81,0,0,1,0,509.43
3233,2024-05-08,28,5,2,1,Standard,OTA,UAE,90.85,0,0,1,0,454.25
3234,2023-01-04,67,5,2,1,Standard,OTA,India,128.93,0,1,2,0,644.65
3235,2024-02-22,46,3,2,0,Deluxe,Direct,Singapore,146.27,1,2,0,0,0.0
3236,2024-02-21,26,5,2,1,Deluxe,Travel Agent,UAE,135.19,0,1,2,0,675.95
3237,2023-09-23,55,4,4,0,Standard,Corporate,UAE,94.4,1,1,0,0,0.0
3238,2024-12-26,111,3,2,0,Standard,Travel Agent,India,115.99,0,0,0,0,347.97
3239,2024-10-06,33,7,2,0,Standard,Direct,UK,69.69,0,1,2,1,487.83
3240,2023-01-29,10,5,3,0,Suite,Travel Agent,India,335.21,0,1,2,0,1676.05
3241,2023-06-02,14,2,2,0,Standard,Direct,India,86.19,0,0,1,0,172.38
3242,2023-06-01,14,4,4,0,Suite,Direct,UAE,240.72,0,0,1,0,962.88
3243,2024-10-17,17,2,2,0,Suite,Direct,India,181.04,0,1,0,1,362.08
3244,2024-01-14,24,3,1,0,Deluxe,OTA,UAE,211.24,0,0,1,0,633.72
3245,2024-06-16,39,4,4,0,Suite,Travel Agent,UK,325.5,0,0,2,0,1302.0
3246,2024-08-14,9,5,1,0,Standard,Travel Agent,Australia,110.01,0,1,0,0,550.05
3247,2024-07-14,10,4,2,0,Standard,OTA,USA,97.58,0,1,2,0,390.32
3248,2023-03-07,48,3,1,0,Standard,OTA,India,73.69,1,1,0,0,0.0
3249,2023-04-13,21,3,2,0,Deluxe,Direct,Australia,146.89,0,1,0,1,440.67
3250,2023-10-16,16,3,1,0,Executive,Corporate,USA,281.57,0,1,1,0,844.71
3251,2023-09-05,27,4,3,2,Deluxe,OTA,India,118.79,0,0,1,0,475.16
3252,2024-06-29,74,2,4,0,Standard,Direct,USA,119.84,1,0,1,0,0.0
3253,2023-04-25,52,5,1,0,Standard,Corporate,USA,84.98,0,1,0,1,424.9
3254,2023-09-29,50,5,2,0,Standard,Direct,India,102.57,0,0,1,1,512.85
3255,2023-06-22,91,4,2,0,Deluxe,Direct,Germany,165.03,0,1,1,1,660.12
3256,2023-05-18,40,4,4,0,Deluxe,Corporate,Germany,123.85,0,0,4,1,495.4
3257,2023-05-07,97,3,2,1,Suite,Direct,USA,294.72,0,1,1,1,884.16
3258,2023-05-23,102,3,4,0,Standard,Direct,India,88.48,1,2,0,0,0.0
3259,2024-02-16,9,2,3,0,Deluxe,OTA,India,149.19,0,0,2,1,298.38
3260,2023-10-27,7,4,2,0,Standard,OTA,USA,101.78,0,0,0,0,407.12
3261,2023-11-14,13,2,2,2,Deluxe,Corporate,India,175.22,1,2,0,0,0.0
3262,2023-12-16,69,2,2,0,Suite,Travel Agent,India,303.54,0,1,1,0,607.08
3263,2024-06-24,27,5,2,0,Deluxe,OTA,USA,158.07,0,0,1,0,790.35
3264,2024-09-21,24,3,2,0,Standard,Direct,UK,113.27,0,1,1,0,339.81
3265,2024-01-20,56,1,2,0,Standard,OTA,India,139.72,0,1,0,0,139.72
3266,2024-04-13,20,4,2,1,Executive,Corporate,UAE,362.22,0,1,0,1,1448.88
3267,2024-06-23,36,1,3,0,Deluxe,Direct,India,160.1,0,1,0,0,160.1
3268,2024-05-18,48,3,2,0,Suite,Direct,UK,217.09,1,0,0,1,0.0
3269,2023-04-09,15,3,2,1,Standard,Direct,UK,89.3,1,0,0,1,0.0
3270,2024-12-18,12,4,2,2,Standard,Travel Agent,India,100.13,0,1,1,1,400.52
3271,2023-05-01,33,1,1,0,Deluxe,Corporate,Germany,130.28,0,2,1,0,130.28
3272,2023-10-28,36,3,1,0,Deluxe,OTA,Germany,152.21,0,2,1,0,456.63
3273,2024-04-21,53,2,2,0,Standard,Direct,Australia,76.29,0,1,1,0,152.58
3274,2023-10-22,13,3,2,0,Standard,Travel Agent,India,82.75,0,1,0,1,248.25
3275,2023-06-27,18,4,2,1,Deluxe,Direct,Singapore,149.36,0,0,3,0,597.44
3276,2024-11-05,101,4,1,0,Standard,OTA,USA,113.65,1,1,1,0,0.0
3277,2023-02-22,62,3,2,0,Standard,OTA,India,84.55,0,2,2,0,253.65
3278,2023-06-29,29,1,3,0,Deluxe,OTA,UK,136.65,0,0,0,0,136.65
3279,2024-12-25,68,2,1,0,Suite,Direct,Australia,253.35,0,0,0,0,506.7
3280,2024-06-16,13,4,4,0,Standard,Travel Agent,Australia,97.86,0,3,1,0,391.44
3281,2023-03-05,26,4,2,0,Executive,Direct,India,377.98,0,0,2,0,1511.92
3282,2024-07-04,36,3,4,2,Executive,OTA,India,339.53,1,0,2,0,0.0
3283,2024-12-08,24,4,2,0,Deluxe,OTA,USA,204.4,0,1,2,0,817.6
3284,2023-03-13,25,1,4,0,Suite,Travel Agent,Singapore,231.01,0,3,0,0,231.01
3285,2023-10-30,51,3,2,0,Deluxe,OTA,Singapore,149.15,1,1,1,0,0.0
3286,2023-12-08,62,2,2,0,Standard,OTA,India,106.01,0,0,2,0,212.02
3287,2023-04-06,22,6,3,0,Standard,Direct,India,91.64,0,2,1,0,549.84
3288,2023-05-27,10,6,1,1,Standard,OTA,UAE,98.38,1,4,1,0,0.0
3289,2023-05-07,8,3,2,0,Standard,OTA,India,110.41,0,0,0,0,331.23
3290,2023-05-16,4,5,2,0,Executive,OTA,India,350.59,0,0,1,0,1752.95
3291,2023-10-22,90,3,2,0,Executive,OTA,UAE,349.54,1,1,0,0,0.0
3292,2023-12-05,52,2,2,0,Deluxe,Travel Agent,India,159.74,1,2,0,0,0.0
3293,2023-06-23,44,5,3,0,Deluxe,Direct,Germany,193.63,1,1,1,0,0.0
3294,2023-07-31,20,5,1,0,Executive,Travel Agent,Australia,311.64,0,1,3,0,1558.2
3295,2023-05-21,20,5,4,0,Deluxe,OTA,India,153.38,0,1,0,0,766.9
3296,2024-08-04,64,1,3,0,Standard,OTA,USA,100.55,1,2,2,0,0.0
3297,2023-06-04,7,5,2,0,Executive,OTA,UAE,402.02,0,0,2,0,2010.1
3298,2024-10-24,23,2,1,0,Deluxe,Travel Agent,USA,95.96,0,1,0,1,191.92
3299,2024-01-29,70,3,2,0,Standard,Travel Agent,Australia,106.91,0,0,1,0,320.73
3300,2024-08-08,23,7,1,1,Standard,OTA,India,97.38,0,0,0,0,681.66
3301,2024-04-09,50,2,2,1,Suite,OTA,Singapore,205.94,0,1,0,0,411.88
3302,2023-07-14,30,4,1,0,Standard,OTA,UK,109.28,0,0,1,1,437.12
3303,2024-03-14,1,4,2,0,Suite,OTA,India,191.38,0,1,1,1,765.52
3304,2023-07-20,29,3,2,0,Suite,Direct,UK,288.7,1,0,1,0,0.0
3305,2023-03-28,33,6,2,1,Standard,Corporate,UK,80.24,0,1,3,0,481.44
3306,2023-07-05,27,2,3,0,Standard,Direct,India,121.79,0,2,2,0,243.58
3307,2023-07-21,11,5,1,0,Deluxe,OTA,Germany,185.69,0,1,0,0,928.45
3308,2023-04-09,27,2,2,0,Standard,OTA,India,96.22,0,0,0,0,192.44
3309,2023-01-18,4,5,3,0,Deluxe,Travel Agent,India,165.62,0,1,0,0,828.1
3310,2024-11-19,23,4,2,0,Executive,OTA,UK,462.94,0,2,1,0,1851.76
3311,2024-01-10,53,2,2,0,Deluxe,Direct,Germany,166.48,0,1,2,0,332.96
3312,2023-10-21,87,6,4,0,Deluxe,Direct,UK,180.51,1,0,1,0,0.0
3313,2024-11-09,78,3,2,1,Suite,OTA,UK,411.22,0,1,0,0,1233.66
3314,2023-06-14,13,4,3,0,Executive,OTA,USA,337.87,0,2,2,0,1351.48
3315,2023-10-22,8,2,4,0,Executive,OTA,USA,333.53,0,0,2,0,667.06
3316,2024-09-10,36,6,2,0,Standard,Travel Agent,USA,73.03,0,0,0,0,438.18
3317,2024-04-06,32,6,2,0,Standard,OTA,India,77.24,0,1,0,0,463.44
3318,2023-10-19,47,2,2,0,Deluxe,Travel Agent,India,134.58,0,0,0,0,269.16
3319,2023-07-06,19,3,4,0,Standard,Direct,Australia,96.05,0,0,0,0,288.15
3320,2023-01-26,32,1,2,0,Deluxe,Corporate,India,189.43,0,1,0,1,189.43
3321,2023-03-04,31,5,2,0,Suite,Direct,UAE,251.48,0,0,1,1,1257.4
3322,2023-04-29,23,5,2,0,Executive,Travel Agent,UK,381.11,0,2,0,0,1905.55
3323,2024-07-28,6,2,2,0,Standard,OTA,India,109.77,0,1,0,0,219.54
3324,2024-04-11,52,4,2,0,Suite,OTA,India,214.85,0,0,0,1,859.4
3325,2023-11-13,36,2,4,0,Deluxe,OTA,India,177.34,0,0,1,0,354.68
3326,2024-07-25,54,1,2,0,Deluxe,OTA,USA,170.22,1,1,0,0,0.0
3327,2023-04-28,64,4,1,1,Standard,Corporate,India,87.92,0,0,1,1,351.68
3328,2023-06-03,29,2,4,0,Standard,OTA,India,122.43,0,2,0,0,244.86
3329,2023-10-14,52,4,2,0,Suite,Direct,Germany,230.62,0,2,2,0,922.48
3330,2024-10-31,88,11,1,1,Deluxe,OTA,USA,125.1,0,0,0,0,1376.1
3331,2024-03-24,107,3,2,0,Suite,Direct,India,196.37,0,0,1,1,589.11
3332,2024-09-13,39,6,4,0,Standard,OTA,India,88.23,0,1,2,0,529.38
3333,2023-07-01,41,3,4,0,Standard,OTA,USA,95.54,0,2,1,0,286.62
3334,2024-09-11,39,4,2,0,Standard,OTA,India,85.32,0,0,0,0,341.28
3335,2023-02-22,46,4,2,0,Deluxe,Corporate,India,137.94,1,0,1,0,0.0
3336,2023-06-16,62,6,2,0,Deluxe,OTA,Australia,205.59,0,1,0,1,1233.54
3337,2024-01-17,38,3,2,0,Standard,Travel Agent,UK,129.53,0,0,0,1,388.59
3338,2023-02-06,103,1,2,1,Standard,Corporate,Germany,78.44,0,1,1,1,78.44
3339,2024-09-18,94,1,2,0,Standard,OTA,UAE,72.92,1,0,2,1,0.0
3340,2024-09-25,33,8,2,1,Standard,OTA,India,84.5,0,1,1,1,676.0
3341,2024-01-31,33,4,1,0,Standard,Travel Agent,UK,102.97,0,0,0,0,411.88
3342,2023-08-12,22,6,1,1,Executive,OTA,India,383.95,0,1,1,0,2303.7
3343,2023-03-14,48,5,2,1,Standard,Corporate,India,79.84,0,0,1,0,399.2
3344,2024-03-27,25,3,4,1,Standard,OTA,India,74.35,0,0,2,0,223.05
3345,2024-01-28,21,4,2,2,Suite,Direct,Germany,425.96,0,0,0,0,1703.84
3346,2024-07-08,47,1,2,1,Executive,Travel Agent,UK,348.61,0,1,0,1,348.61
3347,2024-03-15,12,5,2,1,Deluxe,OTA,Germany,148.95,0,0,1,0,744.75
3348,2023-04-04,62,6,3,0,Standard,Direct,UK,87.77,0,1,2,1,526.62
3349,2023-03-30,48,2,2,1,Deluxe,Direct,India,164.16,0,0,0,0,328.32
3350,2024-07-24,91,4,4,0,Standard,OTA,UK,93.4,0,1,1,0,373.6
3351,2023-04-27,40,2,2,2,Standard,Direct,India,62.03,0,1,0,0,124.06
3352,2024-11-16,54,5,2,0,Deluxe,Direct,India,199.97,0,1,0,0,999.85
3353,2023-03-19,59,4,1,0,Suite,Direct,India,201.21,0,1,3,0,804.84
3354,2024-06-15,74,6,1,0,Standard,OTA,India,103.56,0,0,0,0,621.36
3355,2024-12-12,36,3,2,0,Deluxe,Direct,UAE,207.04,0,0,1,0,621.12
3356,2023-11-19,22,4,3,0,Deluxe,Travel Agent,UK,182.42,0,0,1,1,729.68
3357,2023-02-11,40,4,1,0,Deluxe,Travel Agent,UAE,130.73,0,1,2,1,522.92
3358,2024-10-01,62,3,2,0,Standard,Travel Agent,Australia,88.24,0,1,1,0,264.72
3359,2023-05-17,68,2,2,0,Executive,Direct,India,292.15,0,2,0,0,584.3
3360,2024-01-21,6,3,2,0,Standard,OTA,UK,142.23,0,0,1,0,426.69
3361,2024-12-19,167,6,2,1,Standard,Direct,India,104.38,1,1,0,1,0.0
3362,2024-06-27,21,6,2,0,Standard,Corporate,India,103.43,0,0,2,0,620.58
3363,2023-02-03,54,4,4,0,Deluxe,Direct,Germany,121.83,0,2,2,1,487.32
3364,2024-08-21,79,3,2,0,Executive,Direct,UK,319.61,0,0,1,1,958.83
3365,2023-04-28,31,2,3,0,Standard,Direct,UK,89.96,0,1,1,0,179.92
3366,2024-07-01,70,3,2,0,Standard,Corporate,India,91.35,0,3,0,0,274.05
3367,2024-03-29,6,5,3,1,Executive,Direct,Germany,448.42,0,2,1,1,2242.1
3368,2023-07-30,72,1,4,0,Deluxe,Direct,USA,201.27,0,2,1,0,201.27
3369,2023-11-06,66,3,1,1,Executive,Direct,India,453.08,0,1,1,1,1359.24
3370,2023-03-28,44,2,2,0,Deluxe,Corporate,India,127.34,0,1,2,0,254.68
3371,2024-12-21,63,3,3,0,Suite,OTA,USA,284.46,0,0,4,1,853.38
3372,2023-06-23,96,1,2,0,Deluxe,Corporate,India,215.42,0,0,2,0,215.42
3373,2023-08-14,81,4,2,0,Standard,Corporate,India,77.33,1,1,1,1,0.0
3374,2024-01-03,32,5,2,0,Deluxe,Travel Agent,India,163.91,1,0,1,0,0.0
3375,2024-05-05,40,4,3,0,Standard,Direct,India,98.33,0,2,1,0,393.32
3376,2024-01-04,28,4,1,1,Deluxe,Corporate,India,230.43,0,0,0,0,921.72
3377,2024-01-04,26,5,2,0,Deluxe,OTA,UK,212.15,0,0,2,0,1060.75
3378,2024-03-01,58,3,2,1,Standard,OTA,USA,98.88,0,0,1,1,296.64
3379,2024-09-18,28,2,1,0,Deluxe,OTA,India,163.53,1,2,1,1,0.0
3380,2023-10-16,58,4,1,0,Standard,Travel Agent,Singapore,75.26,1,2,0,1,0.0
3381,2024-08-30,31,5,2,0,Suite,Corporate,India,320.02,0,0,0,1,1600.1
3382,2024-07-28,34,4,3,1,Standard,Corporate,UK,129.73,0,0,1,0,518.92
3383,2024-12-02,17,4,4,2,Deluxe,OTA,UK,145.96,0,1,2,1,583.84
3384,2024-10-28,57,2,4,0,Standard,Direct,USA,83.61,0,0,0,0,167.22
3385,2024-08-05,6,2,4,0,Standard,Corporate,India,101.1,0,3,1,0,202.2
3386,2023-06-30,73,2,1,0,Standard,Direct,USA,115.84,0,2,0,0,231.68
3387,2024-07-19,130,4,2,0,Standard,OTA,USA,96.58,0,1,0,0,386.32
3388,2024-06-21,35,3,1,0,Suite,Direct,India,319.49,0,2,1,0,958.47
3389,2023-07-31,34,4,2,0,Standard,OTA,India,99.39,1,1,1,1,0.0
3390,2024-05-09,8,3,4,0,Suite,OTA,USA,205.49,0,1,2,0,616.47
3391,2023-07-04,22,3,1,1,Standard,Travel Agent,India,104.99,0,0,1,0,314.97
3392,2024-01-17,63,1,2,1,Deluxe,Corporate,India,203.94,0,0,1,1,203.94
3393,2024-08-04,69,6,2,0,Deluxe,Corporate,India,164.26,0,0,1,0,985.56
3394,2023-05-18,39,6,1,0,Standard,OTA,UK,84.75,1,0,0,0,0.0
3395,2023-09-03,61,3,3,0,Standard,OTA,UAE,107.24,1,2,2,0,0.0
3396,2024-08-03,17,3,2,0,Standard,OTA,UAE,128.94,0,1,1,0,386.82
3397,2023-11-28,45,1,2,0,Standard,OTA,USA,105.99,0,0,0,0,105.99
3398,2024-12-02,86,2,4,0,Standard,OTA,India,121.89,0,2,2,1,243.78
3399,2023-01-06,52,2,1,0,Executive,Corporate,India,452.18,0,0,1,0,904.36
3400,2024-06-10,95,3,2,0,Standard,OTA,UAE,105.42,1,2,1,0,0.0
3401,2024-08-17,97,2,2,0,Suite,Direct,India,276.67,1,0,3,0,0.0
3402,2024-11-01,47,2,2,0,Executive,OTA,UAE,380.7,0,0,0,0,761.4
3403,2023-04-25,0,4,2,0,Standard,OTA,UK,85.11,0,0,1,0,340.44
3404,2024-12-19,68,2,2,0,Suite,Direct,USA,328.35,0,0,1,1,656.7
3405,2023-10-14,11,5,2,0,Executive,Travel Agent,India,374.24,0,2,0,0,1871.2
3406,2023-09-14,1,3,1,0,Standard,Direct,India,72.15,0,0,2,1,216.45
3407,2023-09-17,5,5,3,0,Deluxe,OTA,UAE,105.13,1,0,1,0,0.0
3408,2024-04-10,71,5,2,0,Suite,Travel Agent,India,243.06,1,1,1,0,0.0
3409,2024-04-26,48,2,4,0,Deluxe,OTA,India,175.67,1,1,0,1,0.0
3410,2023-12-12,39,3,1,1,Suite,OTA,India,229.47,0,0,1,1,688.41
3411,2023-02-21,51,2,3,0,Standard,OTA,UAE,77.07,1,0,1,1,0.0
3412,2024-12-21,5,2,4,1,Standard,OTA,Singapore,110.24,0,1,1,1,220.48
3413,2023-06-12,28,6,1,0,Deluxe,Corporate,USA,160.61,0,1,1,1,963.66
3414,2023-03-10,20,5,2,0,Standard,Corporate,India,106.76,0,0,0,0,533.8
3415,2024-03-12,37,4,2,1,Deluxe,Direct,USA,126.37,0,0,0,0,505.48
3416,2023-10-29,38,5,2,1,Deluxe,OTA,India,140.42,0,3,1,0,702.1
3417,2024-03-25,49,6,3,0,Deluxe,Direct,India,136.1,0,2,0,0,816.6
3418,2024-10-01,55,2,1,0,Suite,Direct,Singapore,163.93,1,0,0,0,0.0
3419,2023-03-13,6,9,4,0,Deluxe,OTA,Singapore,143.07,1,1,1,0,0.0
3420,2023-07-27,28,4,2,1,Deluxe,OTA,UK,175.8,0,0,0,0,703.2
3421,2024-01-13,34,6,2,0,Executive,OTA,India,466.01,0,0,1,1,2796.06
3422,2024-07-29,11,3,2,0,Standard,OTA,India,90.93,0,3,2,0,272.79
3423,2024-03-14,10,9,2,0,Deluxe,OTA,India,125.61,1,0,2,1,0.0
3424,2023-10-07,5,1,2,0,Standard,Corporate,UK,88.94,0,0,1,1,88.94
3425,2024-03-21,8,4,1,0,Deluxe,Travel Agent,India,129.1,0,0,2,0,516.4
3426,2024-12-16,60,5,3,0,Suite,Travel Agent,USA,241.39,0,0,0,0,1206.95
3427,2023-12-17,7,5,2,1,Executive,OTA,Australia,488.88,0,2,0,0,2444.4
3428,2024-10-06,8,4,2,1,Standard,Direct,Australia,87.95,0,0,0,0,351.8
3429,2024-07-23,36,3,3,0,Suite,Direct,India,264.65,0,0,1,0,793.95
3430,2023-08-08,45,3,3,0,Standard,OTA,UK,89.34,0,1,1,0,268.02
3431,2023-07-02,33,6,2,0,Deluxe,Corporate,Australia,187.6,0,0,1,1,1125.6
3432,2024-07-16,13,4,1,0,Suite,OTA,Singapore,306.11,0,1,0,0,1224.44
3433,2023-06-01,10,2,3,1,Deluxe,OTA,UAE,159.91,1,1,0,0,0.0
3434,2023-09-03,35,4,1,0,Deluxe,OTA,India,120.14,0,1,0,0,480.56
3435,2023-06-21,30,6,2,0,Suite,OTA,UAE,264.14,0,0,3,0,1584.84
3436,2024-03-18,24,2,3,1,Standard,Corporate,USA,82.01,0,0,1,1,164.02
3437,2023-08-03,58,3,1,0,Deluxe,Direct,India,154.98,0,1,2,1,464.94
3438,2024-04-25,29,4,1,1,Deluxe,Travel Agent,Australia,118.05,1,1,0,0,0.0
3439,2024-11-13,9,4,2,0,Deluxe,OTA,UK,174.54,0,0,2,1,698.16
3440,2024-08-28,25,5,2,0,Executive,OTA,Australia,396.36,0,1,2,1,1981.8
3441,2024-11-23,49,3,2,0,Standard,OTA,India,119.79,1,0,3,0,0.0
3442,2023-01-18,27,2,3,0,Standard,OTA,Germany,125.88,0,0,0,0,251.76
3443,2023-11-29,48,4,3,2,Suite,Direct,UK,273.82,0,1,0,0,1095.28
3444,2023-06-10,55,4,4,0,Standard,Direct,India,96.74,0,0,0,0,386.96
3445,2024-11-01,29,5,1,0,Deluxe,OTA,Australia,196.21,0,0,0,1,981.05
3446,2024-06-03,33,6,2,0,Executive,Travel Agent,Germany,272.18,0,0,1,0,1633.08
3447,2023-08-22,26,2,3,0,Suite,OTA,UK,263.73,1,1,0,0,0.0
3448,2024-02-16,49,4,1,1,Deluxe,OTA,Singapore,143.54,0,1,2,0,574.16
3449,2024-03-17,25,1,2,0,Executive,OTA,Germany,373.44,0,0,0,0,373.44
3450,2023-12-28,46,1,1,0,Deluxe,Corporate,USA,139.5,0,1,0,0,139.5
3451,2023-12-13,39,3,1,0,Standard,Corporate,India,117.92,1,0,2,1,0.0
3452,2023-02-10,5,1,1,0,Deluxe,Direct,UK,152.27,0,0,0,0,152.27
3453,2023-11-27,47,3,2,0,Deluxe,Direct,USA,208.89,0,1,1,0,626.67
3454,2023-09-12,36,3,2,2,Suite,OTA,UK,215.51,0,0,2,1,646.53
3455,2024-08-20,75,2,1,1,Standard,Direct,India,99.93,0,1,2,0,199.86
3456,2024-09-23,11,3,2,2,Standard,Travel Agent,Germany,86.09,0,1,0,0,258.27
3457,2024-07-01,39,2,1,0,Standard,OTA,Germany,72.57,1,1,1,1,0.0
3458,2023-01-23,22,4,1,0,Standard,Direct,UAE,122.4,1,1,0,0,0.0
3459,2024-09-06,5,4,3,2,Suite,Travel Agent,Germany,249.08,0,0,2,0,996.32
3460,2023-10-17,4,4,2,0,Deluxe,Direct,India,110.17,0,1,3,0,440.68
3461,2023-10-31,86,5,2,1,Standard,Direct,USA,79.28,0,2,1,0,396.4
3462,2024-11-20,39,7,2,0,Standard,Travel Agent,UAE,123.18,0,0,1,0,862.26
3463,2024-09-25,28,5,1,1,Standard,Direct,UK,76.71,0,1,2,1,383.55
3464,2023-02-07,7,2,3,1,Deluxe,OTA,USA,131.62,1,0,0,1,0.0
3465,2023-09-20,82,6,1,0,Suite,OTA,India,167.17,1,0,0,1,0.0
3466,2024-07-01,18,1,2,1,Executive,Direct,UK,323.04,0,0,0,0,323.04
3467,2024-01-29,41,6,2,0,Deluxe,Direct,India,190.41,0,1,0,0,1142.46
3468,2023-07-08,35,3,2,0,Standard,Direct,India,124.42,0,1,0,0,373.26
3469,2024-01-19,108,2,3,0,Standard,OTA,USA,127.34,0,1,2,0,254.68
3470,2024-09-24,32,3,4,2,Deluxe,Corporate,USA,139.11,0,1,0,1,417.33
3471,2023-06-13,21,3,1,0,Deluxe,Travel Agent,India,148.5,0,2,1,0,445.5
3472,2024-06-28,40,5,1,0,Standard,Travel Agent,UAE,110.67,1,0,2,0,0.0
3473,2024-06-20,43,4,2,0,Standard,OTA,Australia,83.78,0,0,1,0,335.12
3474,2024-10-08,157,2,1,1,Suite,Travel Agent,India,207.04,0,1,1,1,414.08
3475,2023-08-06,32,4,2,1,Deluxe,OTA,USA,178.79,1,2,0,0,0.0
3476,2023-06-07,11,3,2,1,Deluxe,Corporate,Singapore,126.73,0,0,2,0,380.19
3477,2024-02-04,24,3,3,0,Deluxe,OTA,Singapore,192.45,0,0,1,0,577.35
3478,2024-01-23,40,4,3,0,Deluxe,OTA,USA,160.66,0,0,3,1,642.64
3479,2023-10-26,45,3,2,0,Standard,Direct,Germany,82.02,0,0,0,1,246.06
3480,2024-07-22,7,3,1,0,Suite,Travel Agent,India,224.39,0,1,1,0,673.17
3481,2024-08-06,22,3,4,1,Standard,OTA,Germany,61.17,0,1,1,0,183.51
3482,2023-06-29,104,4,1,0,Standard,Travel Agent,Singapore,115.73,0,2,0,0,462.92
3483,2024-08-03,15,6,1,0,Deluxe,Travel Agent,India,180.61,1,2,0,0,0.0
3484,2023-06-18,59,4,2,0,Deluxe,Direct,India,132.6,1,1,1,1,0.0
3485,2023-10-25,25,4,2,0,Deluxe,OTA,India,113.99,0,1,0,0,455.96
3486,2023-01-20,33,4,1,0,Executive,Corporate,USA,581.36,1,1,2,1,0.0
3487,2023-09-06,8,5,2,0,Standard,Direct,India,84.63,0,0,0,1,423.15
3488,2024-11-30,27,5,1,0,Standard,Travel Agent,USA,85.74,0,0,0,0,428.7
3489,2023-11-20,39,2,3,0,Standard,OTA,USA,101.36,0,0,0,1,202.72
3490,2024-06-02,32,2,2,0,Standard,OTA,Australia,107.98,0,0,2,0,215.96
3491,2023-03-20,28,2,3,0,Suite,Corporate,Australia,233.87,0,1,0,0,467.74
3492,2024-04-08,49,2,2,1,Deluxe,OTA,USA,129.86,0,0,1,0,259.72
3493,2023-09-29,10,2,2,0,Standard,OTA,UAE,72.85,0,0,1,0,145.7
3494,2024-06-27,41,2,4,0,Deluxe,OTA,UK,144.14,0,0,1,1,288.28
3495,2024-11-08,3,1,2,2,Suite,Direct,UAE,304.37,0,0,0,0,304.37
3496,2024-01-24,71,4,1,0,Executive,Direct,UAE,441.38,0,0,0,0,1765.52
3497,2023-03-17,29,2,2,1,Standard,OTA,Germany,86.01,0,0,2,1,172.02
3498,2023-12-14,57,4,1,2,Deluxe,Corporate,India,163.81,0,1,0,0,655.24
3499,2023-03-31,1,3,2,1,Standard,OTA,Germany,89.12,0,0,1,0,267.36
3500,2023-11-25,51,5,3,0,Suite,OTA,India,306.22,0,0,0,0,1531.1
3501,2023-02-14,17,2,3,0,Executive,Direct,UAE,354.31,0,0,0,0,708.62
3502,2024-04-12,33,8,2,0,Deluxe,Direct,Singapore,169.64,0,0,0,1,1357.12
3503,2023-08-15,52,6,2,0,Deluxe,OTA,UK,177.89,0,0,0,1,1067.34
3504,2023-05-28,31,4,2,0,Deluxe,Corporate,Australia,127.37,0,1,0,0,509.48
3505,2023-01-13,48,5,1,0,Deluxe,OTA,Germany,210.35,1,0,0,1,0.0
3506,2024-10-10,25,5,2,0,Standard,Travel Agent,UAE,87.57,0,1,1,0,437.85
3507,2024-09-03,75,4,2,0,Deluxe,Direct,India,113.99,0,0,0,0,455.96
3508,2024-08-15,29,4,2,0,Executive,OTA,India,309.31,1,1,1,0,0.0
3509,2023-02-12,30,5,1,0,Deluxe,Direct,Australia,131.7,0,0,0,0,658.5
3510,2023-09-13,30,1,2,0,Standard,Corporate,UAE,65.97,0,0,0,1,65.97
3511,2024-12-10,33,3,2,0,Deluxe,Direct,USA,197.56,1,1,1,0,0.0
3512,2024-02-27,10,4,2,0,Deluxe,Direct,India,144.89,0,1,1,0,579.56
3513,2023-04-04,14,5,4,0,Standard,Direct,India,76.89,0,3,0,0,384.45
3514,2023-04-13,62,5,2,0,Deluxe,Direct,UAE,129.0,0,0,2,0,645.0
3515,2023-07-12,57,6,2,0,Standard,OTA,India,88.15,0,0,1,1,528.9
3516,2024-12-10,54,4,1,1,Deluxe,Corporate,India,224.24,0,0,1,0,896.96
3517,2023-05-04,45,4,2,0,Standard,Corporate,Germany,75.82,0,2,3,1,303.28
3518,2024-10-21,22,7,2,0,Standard,OTA,India,74.92,0,3,0,1,524.44
3519,2024-05-09,20,4,2,1,Executive,Travel Agent,USA,295.39,0,0,0,0,1181.56
3520,2024-11-03,32,3,2,0,Standard,OTA,India,104.6,1,0,1,0,0.0
3521,2024-08-25,69,4,1,0,Standard,Corporate,USA,113.94,0,1,2,0,455.76
3522,2023-08-31,38,4,2,0,Standard,Direct,UAE,112.43,0,0,0,0,449.72
3523,2024-08-27,14,7,3,0,Deluxe,OTA,India,152.74,0,1,2,0,1069.18
3524,2023-05-04,8,2,1,0,Executive,Direct,UK,328.84,0,0,2,0,657.68
3525,2023-08-01,58,4,2,1,Deluxe,Corporate,UK,119.3,0,0,1,0,477.2
3526,2023-06-04,84,2,3,0,Suite,OTA,Germany,268.89,0,1,0,0,537.78
3527,2023-04-08,6,4,1,0,Standard,Direct,India,93.07,0,3,0,0,372.28
3528,2023-03-07,59,3,4,0,Standard,Direct,Australia,62.26,0,0,4,1,186.78
3529,2023-05-17,44,5,3,0,Suite,OTA,USA,228.67,1,2,1,0,0.0
3530,2023-03-29,17,6,2,0,Standard,OTA,India,77.04,0,1,0,0,462.24
3531,2023-10-05,38,2,2,2,Deluxe,OTA,India,134.62,0,1,0,0,269.24
3532,2023-02-22,12,3,3,0,Deluxe,Travel Agent,Australia,126.37,0,3,3,1,379.11
3533,2023-02-14,27,2,1,1,Executive,Travel Agent,India,294.09,0,0,0,0,588.18
3534,2024-12-23,33,4,2,0,Standard,OTA,Germany,74.24,0,1,0,1,296.96
3535,2023-03-06,74,3,2,0,Executive,OTA,Singapore,260.69,1,0,0,0,0.0
3536,2023-02-24,26,2,3,1,Deluxe,Corporate,Germany,158.6,0,0,0,0,317.2
3537,2023-01-22,18,4,2,0,Standard,OTA,USA,103.09,1,0,1,1,0.0
3538,2023-04-07,42,2,2,2,Standard,OTA,India,81.17,0,3,2,0,162.34
3539,2024-01-21,49,4,1,0,Deluxe,OTA,India,191.24,0,3,2,0,764.96
3540,2024-08-26,18,5,1,1,Standard,OTA,India,92.03,0,0,1,1,460.15
3541,2024-06-20,13,4,3,0,Standard,Corporate,USA,104.25,0,1,0,0,417.0
3542,2024-02-28,14,4,2,0,Deluxe,OTA,USA,133.58,0,0,2,0,534.32
3543,2023-03-04,74,5,2,0,Deluxe,OTA,UK,137.64,0,1,2,0,688.2
3544,2024-07-19,47,3,2,2,Standard,OTA,Germany,87.69,1,0,0,1,0.0
3545,2023-01-28,25,2,1,0,Executive,Travel Agent,India,636.61,0,0,0,0,1273.22
3546,2024-04-05,66,2,2,0,Standard,Direct,India,92.42,0,1,0,0,184.84
3547,2023-10-26,18,5,2,0,Executive,Corporate,UAE,332.89,0,0,1,1,1664.45
3548,2024-10-05,31,3,3,1,Deluxe,Direct,Australia,106.74,0,0,0,0,320.22
3549,2023-08-13,12,3,1,2,Suite,Direct,Germany,290.06,0,1,0,0,870.18
3550,2024-04-11,64,7,2,1,Deluxe,OTA,Singapore,123.61,0,1,1,1,865.27
3551,2023-11-18,17,4,4,0,Standard,Direct,Germany,117.28,1,0,1,0,0.0
3552,2024-01-17,17,7,3,1,Suite,Direct,Singapore,324.74,0,0,1,0,2273.18
3553,2024-11-16,42,6,2,0,Suite,Corporate,Singapore,330.69,0,0,0,0,1984.14
3554,2024-06-04,3,1,2,0,Suite,OTA,UK,250.39,1,0,2,1,0.0
3555,2023-10-30,9,4,3,0,Suite,Corporate,UAE,219.65,0,0,0,0,878.6
3556,2023-11-23,53,1,4,1,Standard,Direct,India,108.33,0,0,0,0,108.33
3557,2024-05-29,14,3,3,0,Executive,Direct,Australia,256.42,0,1,0,1,769.26
3558,2023-09-10,131,3,2,1,Executive,OTA,UAE,385.99,0,2,1,0,1157.97
3559,2023-05-03,37,5,2,0,Suite,Direct,Australia,204.73,0,0,0,1,1023.65
3560,2023-12-08,6,1,2,0,Deluxe,OTA,India,199.33,1,0,0,1,0.0
3561,2023-02-19,86,4,3,0,Suite,Corporate,India,298.44,0,2,2,1,1193.76
3562,2023-05-04,37,4,2,0,Deluxe,OTA,India,175.33,1,2,1,1,0.0
3563,2023-11-04,28,4,1,2,Deluxe,Travel Agent,Singapore,213.16,0,1,0,0,852.64
3564,2024-08-04,36,3,2,0,Executive,OTA,Germany,327.48,0,2,3,0,982.44
3565,2024-07-24,6,2,2,0,Standard,Direct,UAE,92.7,0,1,1,0,185.4
3566,2023-07-10,31,2,1,0,Suite,Direct,USA,318.35,0,2,0,0,636.7
3567,2023-11-05,15,4,1,1,Standard,OTA,India,120.76,1,2,2,0,0.0
3568,2023-04-23,30,4,1,0,Standard,Direct,Singapore,101.2,0,1,2,0,404.8
3569,2024-07-05,22,3,2,0,Deluxe,OTA,India,197.02,0,0,1,0,591.06
3570,2023-06-29,35,5,1,1,Deluxe,OTA,India,142.82,1,0,1,0,0.0
3571,2024-08-06,25,4,2,0,Standard,OTA,Australia,117.8,0,2,1,0,471.2
3572,2024-09-06,21,5,4,0,Suite,OTA,India,266.02,0,5,1,1,1330.1
3573,2024-05-18,14,3,1,0,Standard,Travel Agent,India,91.71,1,3,1,1,0.0
3574,2023-08-30,6,2,1,0,Deluxe,OTA,USA,152.94,0,0,1,0,305.88
3575,2024-11-26,5,5,1,0,Standard,OTA,USA,92.81,0,0,1,0,464.05
3576,2024-05-15,10,2,3,0,Standard,Direct,Australia,72.42,0,0,0,0,144.84
3577,2024-04-16,50,3,2,2,Standard,Travel Agent,Singapore,70.18,1,0,2,0,0.0
3578,2024-09-17,13,3,1,1,Standard,OTA,India,101.83,0,1,1,0,305.49
3579,2024-10-05,18,3,1,1,Suite,Corporate,India,284.48,0,0,3,1,853.44
3580,2023-02-26,18,2,1,1,Deluxe,Travel Agent,USA,131.39,0,0,0,1,262.78
3581,2024-10-05,22,3,2,0,Suite,OTA,USA,308.96,0,0,0,0,926.88
3582,2024-07-12,44,2,2,0,Deluxe,OTA,Germany,208.79,0,0,1,0,417.58
3583,2023-05-31,25,2,2,0,Standard,OTA,India,73.83,0,3,1,0,147.66
3584,2023-08-13,57,5,2,0,Executive,OTA,India,440.39,0,1,0,0,2201.95
3585,2024-07-03,10,4,2,0,Suite,OTA,India,242.41,1,1,2,0,0.0
3586,2023-06-08,53,3,4,0,Standard,OTA,India,107.81,0,0,2,1,323.43
3587,2023-11-27,80,2,2,0,Deluxe,Corporate,India,185.87,0,1,1,0,371.74
3588,2024-05-17,31,2,3,0,Standard,OTA,USA,87.32,0,1,0,1,174.64
3589,2024-04-19,12,4,4,0,Deluxe,Direct,Australia,127.3,0,0,0,1,509.2
3590,2024-10-26,45,1,2,2,Standard,Direct,Germany,91.28,0,2,2,1,91.28
3591,2023-03-23,32,2,1,0,Deluxe,Direct,India,137.67,0,2,2,1,275.34
3592,2023-08-04,40,2,2,0,Standard,Corporate,India,127.63,0,0,0,0,255.26
3593,2024-12-19,58,4,1,0,Deluxe,OTA,UK,188.75,0,1,2,0,755.0
3594,2024-02-20,23,7,2,0,Deluxe,Travel Agent,India,144.45,0,0,1,0,1011.15
3595,2023-07-01,20,7,2,0,Deluxe,OTA,USA,163.22,1,1,2,0,0.0
3596,2023-07-31,147,5,2,0,Standard,Corporate,UAE,73.21,0,0,1,1,366.05
3597,2023-09-05,45,4,2,0,Standard,OTA,Australia,63.75,0,0,0,1,255.0
3598,2024-02-09,65,2,2,1,Deluxe,Corporate,India,144.27,0,0,0,0,288.54
3599,2023-07-27,56,5,1,0,Deluxe,OTA,India,141.53,0,0,1,1,707.65
3600,2024-03-29,65,6,1,0,Deluxe,OTA,India,147.29,1,2,1,1,0.0
3601,2023-11-22,41,3,2,2,Deluxe,OTA,UK,190.95,0,0,0,1,572.85
3602,2024-03-21,60,5,1,0,Standard,OTA,India,86.02,0,2,3,0,430.1
3603,2023-04-24,18,1,4,0,Deluxe,Direct,India,93.41,0,0,1,0,93.41
3604,2024-03-31,6,4,2,0,Deluxe,OTA,India,195.78,1,1,1,0,0.0
3605,2024-11-06,15,2,3,0,Deluxe,OTA,India,183.74,0,1,0,0,367.48
3606,2023-04-09,28,3,4,1,Deluxe,OTA,Singapore,154.69,0,1,0,0,464.07
3607,2023-08-28,25,4,2,0,Deluxe,OTA,Australia,153.22,0,1,0,0,612.88
3608,2024-05-21,32,3,2,1,Deluxe,Corporate,UK,125.63,0,1,1,1,376.89
3609,2024-03-26,17,3,3,0,Suite,OTA,Australia,249.05,0,1,1,0,747.15
3610,2024-05-07,3,4,1,0,Deluxe,Travel Agent,India,114.81,0,0,0,1,459.24
3611,2024-02-13,23,3,2,0,Executive,OTA,Germany,311.04,0,0,3,0,933.12
3612,2024-05-13,9,3,2,0,Executive,OTA,UAE,354.58,0,2,1,0,1063.74
3613,2024-03-20,31,4,2,1,Standard,OTA,India,81.82,1,2,2,1,0.0
3614,2023-02-24,42,2,3,0,Suite,Corporate,UAE,268.58,0,1,0,0,537.16
3615,2024-07-02,22,2,2,2,Standard,Direct,USA,79.82,1,1,1,1,0.0
3616,2023-11-23,11,4,2,0,Executive,OTA,USA,445.17,0,1,0,1,1780.68
3617,2023-02-07,33,3,2,0,Executive,Travel Agent,Australia,313.3,0,1,2,0,939.9
3618,2023-10-26,153,4,2,2,Standard,OTA,India,79.04,0,1,0,1,316.16
3619,2023-11-14,45,7,2,0,Standard,Direct,Australia,117.36,0,0,0,1,821.52
3620,2023-03-05,48,4,3,0,Deluxe,Direct,Germany,128.99,0,0,1,1,515.96
3621,2024-12-28,21,6,1,1,Standard,Direct,USA,151.05,0,0,1,1,906.3
3622,2023-06-12,16,4,1,0,Deluxe,OTA,Germany,210.14,0,1,1,0,840.56
3623,2023-08-30,66,4,1,0,Standard,OTA,India,89.08,0,0,1,1,356.32
3624,2023-11-18,2,3,2,0,Deluxe,Corporate,USA,230.3,0,0,0,0,690.9
3625,2024-08-30,17,3,3,2,Standard,Travel Agent,India,108.49,0,0,0,0,325.47
3626,2024-06-26,92,6,2,2,Suite,Direct,India,225.02,0,0,0,1,1350.12
3627,2024-07-16,29,2,2,1,Deluxe,Direct,India,180.28,0,2,0,0,360.56
3628,2023-06-23,7,3,4,0,Deluxe,Corporate,India,173.29,0,0,1,1,519.87
3629,2024-09-09,43,3,1,0,Suite,OTA,Australia,236.15,0,0,2,0,708.45
3630,2024-08-28,23,1,3,0,Suite,OTA,Australia,324.52,0,0,0,0,324.52
3631,2023-12-05,5,3,4,0,Deluxe,OTA,India,186.62,0,0,3,0,559.86
3632,2024-02-03,37,1,2,1,Standard,Direct,India,94.31,0,0,0,0,94.31
3633,2023-01-28,33,5,2,0,Standard,OTA,Singapore,109.89,0,0,1,0,549.45
3634,2024-07-09,32,2,2,0,Deluxe,OTA,India,138.09,1,1,1,0,0.0
3635,2024-12-02,45,1,2,0,Standard,OTA,Singapore,106.23,0,0,0,0,106.23
3636,2023-12-11,11,4,1,1,Suite,Corporate,UK,283.49,0,0,0,1,1133.96
3637,2024-01-30,40,3,1,0,Standard,Direct,UK,116.81,0,2,2,0,350.43
3638,2023-12-31,35,5,1,0,Standard,Direct,India,107.97,0,0,1,0,539.85
3639,2023-03-02,65,3,4,1,Deluxe,Corporate,India,117.91,0,1,1,1,353.73
3640,2024-03-28,17,2,2,0,Deluxe,Corporate,Germany,127.63,1,1,0,1,0.0
3641,2024-06-10,72,2,2,1,Standard,OTA,India,97.11,1,2,0,1,0.0
3642,2024-11-08,55,1,2,0,Suite,OTA,Australia,343.94,1,0,0,1,0.0
3643,2024-11-09,28,4,2,0,Executive,OTA,USA,454.83,0,0,3,0,1819.32
3644,2023-12-26,32,5,1,0,Standard,Direct,Germany,97.83,0,0,0,0,489.15
3645,2024-12-01,2,3,2,0,Executive,Corporate,Germany,498.14,0,0,0,0,1494.42
3646,2024-01-21,31,3,2,1,Deluxe,OTA,USA,230.47,0,0,1,0,691.41
3647,2024-04-13,52,2,3,0,Standard,Direct,Germany,95.43,0,1,1,1,190.86
3648,2024-03-15,25,4,1,0,Suite,OTA,Australia,235.39,0,1,1,0,941.56
3649,2024-12-30,65,3,3,0,Suite,Travel Agent,Singapore,228.73,1,1,0,0,0.0
3650,2024-06-22,43,1,2,1,Deluxe,Corporate,India,215.14,0,2,1,1,215.14
3651,2023-03-29,110,4,2,0,Standard,OTA,Germany,78.32,1,0,0,0,0.0
3652,2023-02-22,18,1,1,0,Standard,Direct,UK,92.69,0,1,2,0,92.69
3653,2023-10-27,49,1,2,2,Standard,OTA,UAE,110.13,0,2,1,1,110.13
3654,2024-01-12,9,3,2,0,Deluxe,Direct,Australia,221.29,0,1,0,1,663.87
3655,2024-05-03,27,4,1,1,Deluxe,Direct,India,166.63,1,0,0,0,0.0
3656,2023-12-18,45,4,3,0,Executive,OTA,UAE,447.53,0,0,4,1,1790.12
3657,2024-01-11,51,5,2,0,Deluxe,Direct,India,170.84,0,0,0,0,854.2
3658,2024-11-03,24,4,1,0,Deluxe,OTA,UK,174.01,1,0,0,0,0.0
3659,2023-09-02,69,5,2,1,Deluxe,Travel Agent,India,163.82,0,0,2,0,819.1
3660,2023-12-27,79,2,1,0,Deluxe,Direct,India,143.29,0,2,1,0,286.58
3661,2024-02-11,18,1,4,0,Executive,OTA,UK,328.74,0,3,1,0,328.74
3662,2023-12-08,28,7,1,1,Suite,Direct,India,315.34,0,0,0,0,2207.38
3663,2024-12-07,25,1,2,1,Standard,OTA,India,132.74,0,0,0,0,132.74
3664,2024-12-03,21,4,2,0,Suite,OTA,India,305.3,1,0,0,0,0.0
3665,2024-01-10,76,5,1,0,Executive,Direct,India,373.82,1,0,0,0,0.0
3666,2023-11-25,76,4,2,0,Standard,Corporate,UK,117.92,1,3,0,0,0.0
3667,2024-03-05,26,4,2,0,Deluxe,OTA,USA,160.55,0,3,0,0,642.2
3668,2023-05-13,49,4,3,1,Deluxe,Corporate,India,135.42,0,0,0,1,541.68
3669,2023-11-07,64,7,2,0,Deluxe,Corporate,India,171.64,0,0,0,0,1201.48
3670,2023-06-08,38,2,1,1,Suite,OTA,India,282.34,0,0,1,0,564.68
3671,2023-04-16,25,3,2,1,Suite,Corporate,India,255.14,0,0,0,0,765.42
3672,2023-03-11,17,5,2,1,Standard,Travel Agent,India,98.72,0,0,0,0,493.6
3673,2024-03-04,52,3,2,1,Standard,OTA,India,90.55,0,1,0,0,271.65
3674,2023-01-01,10,5,4,2,Standard,Travel Agent,UK,145.65,0,0,0,1,728.25
3675,2024-04-16,25,2,1,0,Suite,OTA,UAE,221.19,0,1,0,1,442.38
3676,2023-11-12,22,3,2,1,Standard,OTA,India,130.24,0,0,0,0,390.72
3677,2023-09-25,9,2,2,1,Deluxe,OTA,India,133.28,0,0,0,0,266.56
3678,2024-07-15,29,2,1,0,Deluxe,Travel Agent,Australia,139.24,1,1,1,0,0.0
3679,2024-01-29,27,1,2,0,Standard,Corporate,Singapore,110.53,0,0,0,1,110.53
3680,2024-06-19,14,5,1,0,Standard,Direct,UK,77.02,0,0,1,0,385.1
3681,2024-06-01,74,8,3,0,Suite,OTA,India,317.26,0,0,2,0,2538.08
3682,2023-01-24,52,1,2,0,Standard,Direct,Singapore,80.37,1,2,1,1,0.0
3683,2023-06-07,32,2,2,0,Deluxe,Corporate,India,137.48,0,2,0,1,274.96
3684,2024-02-21,58,3,2,0,Standard,Direct,India,88.21,1,2,0,0,0.0
3685,2024-12-13,67,4,2,0,Standard,Direct,USA,131.13,0,0,2,0,524.52
3686,2023-04-23,76,1,2,0,Standard,Travel Agent,India,91.81,0,1,1,1,91.81
3687,2023-03-19,18,5,2,1,Standard,OTA,Australia,87.03,0,1,0,0,435.15
3688,2024-11-17,58,5,3,0,Standard,OTA,USA,111.32,1,0,1,0,0.0
3689,2024-12-06,27,2,2,0,Standard,OTA,Australia,115.69,1,0,2,1,0.0
3690,2023-05-03,37,5,2,0,Deluxe,Travel Agent,India,140.69,0,1,0,0,703.45
3691,2023-10-21,19,4,2,0,Standard,Direct,India,89.2,1,1,0,0,0.0
3692,2024-04-02,31,3,2,0,Standard,OTA,Australia,59.99,0,0,1,1,179.97
3693,2023-05-23,59,4,2,1,Suite,OTA,USA,187.49,1,1,0,0,0.0
3694,2023-08-27,89,3,1,0,Deluxe,OTA,Germany,161.92,1,2,1,1,0.0
3695,2023-10-16,29,7,2,0,Suite,OTA,India,213.02,0,0,1,0,1491.14
3696,2024-04-13,14,2,3,0,Suite,OTA,India,244.09,0,2,3,1,488.18
3697,2023-08-13,98,7,2,2,Standard,OTA,UK,96.41,0,0,0,0,674.87
3698,2023-10-28,17,6,2,1,Deluxe,Direct,India,160.53,0,0,0,0,963.18
3699,2023-07-31,6,2,2,0,Executive,OTA,Australia,274.47,1,0,2,1,0.0
3700,2024-07-08,20,3,2,0,Standard,OTA,India,87.4,0,0,1,0,262.2
3701,2023-04-22,2,4,2,0,Standard,OTA,India,100.66,0,1,1,0,402.64
3702,2023-06-18,65,2,1,0,Standard,Corporate,UAE,117.55,0,1,0,0,235.1
3703,2023-07-02,16,1,1,0,Executive,Corporate,India,400.59,0,0,5,1,400.59
3704,2024-10-23,11,1,1,0,Standard,OTA,India,89.01,0,2,2,1,89.01
3705,2024-11-20,34,4,2,0,Executive,Direct,India,417.66,0,1,1,1,1670.64
3706,2024-01-01,89,2,2,1,Deluxe,Direct,UK,176.99,0,4,0,1,353.98
3707,2023-04-25,44,6,4,0,Deluxe,OTA,India,139.37,0,0,0,0,836.22
3708,2024-07-05,9,5,1,2,Standard,Corporate,UAE,115.78,0,1,1,0,578.9
3709,2023-12-26,121,3,1,1,Standard,Direct,Singapore,125.26,0,0,1,1,375.78
3710,2024-09-12,40,3,2,0,Standard,OTA,India,77.35,0,0,3,0,232.05
3711,2023-09-20,61,5,1,0,Deluxe,OTA,India,126.21,0,1,0,0,631.05
3712,2024-12-30,7,2,2,1,Deluxe,OTA,India,179.65,0,2,1,0,359.3
3713,2024-08-12,108,4,1,0,Deluxe,OTA,UK,156.4,0,1,0,0,625.6
3714,2023-06-13,23,5,1,0,Standard,Travel Agent,UK,117.39,0,2,0,0,586.95
3715,2024-06-13,7,5,2,0,Deluxe,Travel Agent,Singapore,165.82,0,0,1,0,829.1
3716,2023-07-29,37,4,2,0,Deluxe,OTA,Singapore,163.83,0,1,2,1,655.32
3717,2023-09-13,61,7,1,0,Suite,Direct,India,180.64,1,2,0,0,0.0
3718,2023-07-02,49,3,2,0,Standard,OTA,India,131.21,0,0,1,1,393.63
3719,2024-05-13,48,3,2,0,Executive,OTA,India,286.5,0,0,4,1,859.5
3720,2023-07-11,46,4,1,0,Deluxe,Direct,UK,162.19,0,1,0,1,648.76
3721,2024-04-11,35,3,4,1,Deluxe,Corporate,India,129.71,0,0,1,0,389.13
3722,2024-03-01,7,5,2,0,Standard,Travel Agent,Germany,100.9,0,0,1,0,504.5
3723,2024-07-02,27,4,1,1,Deluxe,OTA,USA,145.65,0,0,1,0,582.6
3724,2024-12-26,24,3,2,2,Standard,Corporate,India,109.54,0,1,2,0,328.62
3725,2023-01-07,77,7,1,0,Deluxe,OTA,Germany,188.61,1,0,1,0,0.0
3726,2024-12-23,65,2,1,0,Standard,Corporate,USA,144.05,0,1,3,0,288.1
3727,2023-03-21,22,4,4,0,Standard,Travel Agent,Singapore,72.77,0,0,1,0,291.08
3728,2024-01-20,54,2,1,0,Standard,Travel Agent,UAE,132.55,0,0,0,0,265.1
3729,2023-09-06,30,2,3,1,Suite,Direct,UK,295.12,0,2,1,1,590.24
3730,2024-04-11,6,3,3,0,Suite,OTA,India,249.0,0,1,0,0,747.0
3731,2024-06-10,2,4,2,1,Deluxe,OTA,USA,155.6,0,1,1,1,622.4
3732,2024-09-19,50,1,2,0,Standard,Travel Agent,UK,81.6,0,0,2,0,81.6
3733,2023-10-21,13,3,2,1,Deluxe,Corporate,Australia,134.92,0,1,0,1,404.76
3734,2024-11-12,12,4,3,0,Executive,Direct,Germany,486.64,0,0,0,0,1946.56
3735,2023-08-24,18,4,3,0,Suite,Travel Agent,Singapore,256.85,0,0,0,0,1027.4
3736,2023-05-29,51,4,2,2,Suite,OTA,UAE,218.06,0,0,2,0,872.24
3737,2023-10-04,66,5,1,0,Deluxe,Travel Agent,USA,116.3,1,1,0,1,0.0
3738,2024-01-21,65,2,1,0,Deluxe,OTA,USA,194.26,0,0,1,0,388.52
3739,2024-05-02,5,3,1,1,Standard,OTA,USA,80.63,0,0,0,0,241.89
3740,2024-08-30,17,5,1,0,Standard,OTA,India,124.83,0,1,4,0,624.15
3741,2023-06-14,15,2,2,1,Suite,Corporate,India,272.44,1,1,1,0,0.0
3742,2023-08-10,51,4,3,0,Standard,OTA,India,108.61,0,1,0,1,434.44
3743,2024-11-16,17,3,2,0,Standard,Direct,UAE,90.15,0,1,0,1,270.45
3744,2023-11-18,28,3,2,0,Suite,OTA,India,398.96,0,0,0,0,1196.88
3745,2023-06-26,54,3,2,0,Suite,OTA,India,221.5,0,1,1,1,664.5
3746,2024-12-20,33,3,2,0,Standard,OTA,India,135.66,0,0,1,0,406.98
3747,2023-11-24,40,3,2,0,Deluxe,OTA,UAE,126.55,0,0,2,0,379.65
3748,2024-12-20,28,6,3,0,Standard,Corporate,India,125.18,0,0,2,0,751.08
3749,2024-11-02,61,3,2,0,Standard,Direct,USA,138.32,0,0,1,0,414.96
3750,2024-10-23,66,3,3,1,Standard,Direct,Germany,71.92,1,0,1,0,0.0
3751,2024-02-29,46,2,1,0,Deluxe,OTA,USA,130.56,0,0,0,0,261.12
3752,2024-08-05,66,2,2,1,Standard,OTA,India,106.67,0,0,1,0,213.34
3753,2024-12-02,146,6,2,0,Suite,OTA,UK,323.17,0,1,1,1,1939.02
3754,2023-07-16,53,3,2,1,Standard,OTA,Singapore,89.74,1,3,1,0,0.0
3755,2023-01-28,31,2,2,0,Standard,OTA,UK,139.09,0,1,1,0,278.18
3756,2023-08-23,41,4,1,1,Standard,OTA,India,115.68,1,0,0,0,0.0
3757,2024-04-09,70,6,2,0,Deluxe,OTA,Germany,148.95,0,0,2,0,893.7
3758,2024-02-04,23,3,2,2,Executive,Direct,UK,294.06,0,0,2,0,882.18
3759,2023-02-28,21,2,2,0,Standard,OTA,Singapore,69.58,0,0,0,0,139.16
3760,2024-02-14,40,7,3,1,Deluxe,OTA,India,131.19,0,1,0,0,918.33
3761,2023-05-08,30,2,2,0,Standard,Travel Agent,Singapore,85.62,1,0,1,0,0.0
3762,2024-01-05,14,4,3,2,Standard,OTA,UAE,137.18,0,0,0,0,548.72
3763,2024-02-25,36,3,1,0,Standard,OTA,UK,83.26,0,0,0,0,249.78
3764,2024-04-09,80,5,2,0,Standard,OTA,UAE,79.29,0,1,1,0,396.45
3765,2023-10-29,45,5,1,1,Suite,Direct,India,228.16,0,0,0,0,1140.8
3766,2023-10-26,12,2,3,0,Deluxe,OTA,India,114.29,1,1,1,1,0.0
3767,2024-05-10,50,4,2,0,Suite,OTA,India,265.34,0,0,0,0,1061.36
3768,2024-06-30,26,7,3,0,Suite,Corporate,USA,300.93,0,1,1,1,2106.51
3769,2024-08-12,116,4,2,2,Suite,Direct,USA,278.43,0,3,1,0,1113.72
3770,2023-09-01,47,2,1,0,Standard,OTA,Australia,85.69,0,1,1,0,171.38
3771,2023-11-06,20,3,2,0,Standard,Corporate,USA,116.68,0,0,1,0,350.04
3772,2023-08-30,52,4,2,1,Standard,OTA,UAE,83.01,0,1,1,1,332.04
3773,2024-01-21,38,3,1,0,Standard,Corporate,USA,117.41,0,1,1,0,352.23
3774,2023-04-03,75,3,2,0,Standard,OTA,Germany,69.38,0,0,1,0,208.14
3775,2023-11-10,21,4,3,1,Standard,Corporate,India,128.44,0,1,0,0,513.76
3776,2023-05-18,47,4,2,0,Deluxe,Travel Agent,India,158.27,0,0,1,0,633.08
3777,2024-01-24,7,2,2,0,Standard,Direct,India,112.78,0,1,0,1,225.56
3778,2024-09-12,35,3,2,0,Deluxe,Travel Agent,Singapore,128.41,0,0,0,1,385.23
3779,2024-12-20,12,4,1,0,Deluxe,Direct,USA,197.04,0,0,2,1,788.16
3780,2023-11-22,37,5,2,2,Standard,Travel Agent,UK,100.48,0,0,1,1,502.4
3781,2023-02-11,43,3,2,1,Standard,OTA,India,104.2,0,0,0,1,312.6
3782,2023-06-16,46,1,2,1,Deluxe,OTA,India,188.27,0,1,0,1,188.27
3783,2023-03-18,21,5,2,1,Suite,Direct,Singapore,202.19,0,0,2,1,1010.95
3784,2024-07-08,36,3,1,1,Deluxe,Direct,UK,176.37,0,1,0,0,529.11
3785,2024-12-19,69,4,1,0,Executive,Direct,India,362.69,0,0,1,1,1450.76
3786,2024-02-09,96,2,2,0,Standard,OTA,Australia,84.76,1,1,0,1,0.0
3787,2023-05-10,37,2,2,1,Suite,Direct,India,230.62,0,0,0,0,461.24
3788,2023-01-16,70,8,2,0,Deluxe,Direct,UK,162.9,0,0,4,0,1303.2
3789,2024-12-13,16,5,1,2,Executive,Corporate,India,591.1,0,0,1,0,2955.5
3790,2023-08-19,24,2,2,1,Standard,Travel Agent,Australia,107.24,0,0,2,0,214.48
3791,2023-03-23,39,5,2,0,Suite,OTA,Singapore,236.72,0,2,2,0,1183.6
3792,2023-05-10,30,2,1,0,Deluxe,Travel Agent,India,105.91,0,1,0,0,211.82
3793,2023-07-06,28,4,2,0,Standard,OTA,Germany,88.9,1,0,4,0,0.0
3794,2024-04-23,65,1,2,1,Deluxe,Travel Agent,Australia,127.96,0,1,1,0,127.96
3795,2024-10-13,13,3,4,2,Standard,OTA,UAE,103.0,1,1,0,1,0.0
3796,2023-07-20,15,3,4,0,Suite,Direct,Germany,229.91,0,1,1,0,689.73
3797,2024-05-16,10,4,2,0,Executive,OTA,UAE,343.18,0,0,2,0,1372.72
3798,2023-02-17,40,3,2,0,Deluxe,Corporate,India,151.78,0,1,2,0,455.34
3799,2023-01-08,26,3,2,0,Standard,OTA,India,129.08,0,0,0,0,387.24
3800,2023-02-10,61,2,2,0,Standard,Direct,India,83.77,0,0,1,0,167.54
3801,2024-11-04,38,4,1,2,Standard,Travel Agent,India,95.49,0,0,0,0,381.96
3802,2024-02-29,21,4,2,0,Deluxe,OTA,USA,96.03,0,0,2,1,384.12
3803,2024-08-10,18,3,4,0,Standard,OTA,India,114.37,1,1,1,0,0.0
3804,2023-01-16,2,4,1,1,Deluxe,Direct,USA,188.71,0,0,1,0,754.84
3805,2023-01-17,29,4,2,1,Deluxe,Direct,USA,167.88,1,2,1,0,0.0
3806,2024-09-11,12,2,1,0,Standard,Travel Agent,India,64.8,0,0,0,0,129.6
3807,2023-03-16,66,3,2,0,Standard,Corporate,India,74.66,0,1,1,0,223.98
3808,2023-04-24,25,2,2,0,Standard,OTA,UK,83.58,0,0,1,0,167.16
3809,2024-01-14,8,4,2,0,Suite,Travel Agent,Singapore,349.09,0,0,3,0,1396.36
3810,2024-03-18,75,2,2,0,Deluxe,Direct,UK,140.48,1,1,0,0,0.0
3811,2023-06-17,29,3,3,0,Deluxe,Direct,Singapore,144.58,0,0,2,0,433.74
3812,2023-11-21,50,4,1,0,Standard,OTA,Singapore,102.75,1,0,0,0,0.0
3813,2024-05-07,21,2,2,0,Suite,Direct,UAE,217.36,0,2,1,0,434.72
3814,2023-11-20,77,2,2,0,Standard,OTA,UK,116.21,0,1,0,0,232.42
3815,2023-10-07,16,2,2,0,Standard,Corporate,UK,85.34,0,1,0,0,170.68
3816,2023-02-22,26,4,2,0,Deluxe,Direct,India,138.34,0,2,1,0,553.36
3817,2023-11-26,6,4,4,0,Standard,Corporate,India,110.05,0,0,0,0,440.2
3818,2024-08-09,76,4,2,0,Suite,OTA,India,311.51,1,1,3,1,0.0
3819,2024-04-02,19,6,1,0,Suite,Direct,India,212.26,0,0,0,0,1273.56
3820,2024-10-13,41,2,1,0,Deluxe,OTA,India,143.19,0,0,1,1,286.38
3821,2023-04-03,45,1,3,0,Standard,OTA,India,103.17,1,2,0,0,0.0
3822,2023-01-09,68,3,1,0,Standard,Travel Agent,UAE,103.69,0,0,2,0,311.07
3823,2024-02-05,39,5,2,0,Deluxe,Travel Agent,India,123.4,1,2,0,0,0.0
3824,2023-05-11,31,3,2,0,Standard,OTA,UK,66.32,0,1,0,0,198.96
3825,2024-03-09,63,1,2,0,Suite,OTA,India,283.06,1,2,0,0,0.0
3826,2024-10-21,45,3,2,0,Deluxe,OTA,USA,121.52,0,0,3,0,364.56
3827,2023-09-04,27,4,2,0,Standard,Direct,USA,79.69,0,1,0,0,318.76
3828,2024-02-06,78,1,2,0,Standard,Corporate,UK,71.89,0,1,2,1,71.89
3829,2024-05-12,47,3,1,0,Standard,Direct,India,96.59,1,0,0,0,0.0
3830,2023-04-20,11,6,2,0,Standard,OTA,Singapore,88.95,0,0,1,1,533.7
3831,2024-10-17,87,3,1,0,Executive,Travel Agent,UK,347.11,0,0,0,0,1041.33
3832,2023-05-29,21,3,2,0,Deluxe,Direct,UAE,128.18,0,0,1,1,384.54
3833,2024-08-13,68,3,1,1,Deluxe,OTA,India,144.89,0,2,0,0,434.67
3834,2024-04-26,8,2,2,0,Standard,Direct,Australia,84.73,0,0,2,0,169.46
3835,2023-04-13,63,3,1,0,Standard,Direct,India,80.17,0,1,0,0,240.51
3836,2024-06-13,11,2,2,1,Deluxe,OTA,Germany,160.75,0,1,1,1,321.5
3837,2023-05-24,38,1,1,1,Executive,Corporate,India,319.59,0,0,0,0,319.59
3838,2024-03-13,46,3,2,2,Deluxe,OTA,Germany,116.79,1,0,0,0,0.0
3839,2024-12-01,28,5,3,0,Standard,Travel Agent,Singapore,126.2,0,1,0,0,631.0
3840,2024-11-26,34,8,2,0,Executive,OTA,India,355.46,0,0,2,1,2843.68
3841,2024-09-28,14,4,2,0,Standard,Travel Agent,India,90.57,1,1,0,0,0.0
3842,2023-12-27,59,3,2,0,Deluxe,Travel Agent,Germany,204.89,0,1,1,0,614.67
3843,2024-02-13,40,2,1,0,Suite,OTA,UK,213.98,1,0,3,0,0.0
3844,2023-08-08,16,4,2,0,Deluxe,OTA,India,139.44,0,0,2,0,557.76
3845,2024-11-03,41,1,2,0,Executive,OTA,USA,485.34,0,1,0,0,485.34
3846,2023-12-15,42,2,2,0,Suite,OTA,Singapore,378.21,0,2,1,1,756.42
3847,2024-07-17,35,6,1,0,Standard,Corporate,Singapore,87.14,0,0,1,0,522.84
3848,2023-09-20,2,2,4,0,Deluxe,OTA,India,108.86,0,1,2,0,217.72
3849,2024-06-24,25,4,2,0,Deluxe,Corporate,UAE,140.8,0,1,2,1,563.2
3850,2023-06-13,58,4,2,0,Standard,OTA,USA,90.93,0,2,1,0,363.72
3851,2024-06-19,48,7,4,0,Executive,Travel Agent,India,425.58,0,0,0,0,2979.06
3852,2023-02-03,47,2,1,0,Suite,OTA,India,210.37,1,0,1,0,0.0
3853,2023-03-18,39,5,2,1,Standard,Direct,India,73.3,0,1,1,0,366.5
3854,2023-09-15,63,5,2,0,Standard,OTA,India,95.0,0,0,1,0,475.0
3855,2023-12-18,21,4,2,0,Standard,Travel Agent,UK,98.78,0,0,1,0,395.12
3856,2024-06-03,17,3,1,0,Standard,OTA,India,84.58,0,2,0,0,253.74
3857,2023-09-20,102,2,3,0,Deluxe,OTA,UK,140.14,1,0,3,0,0.0
3858,2023-01-14,19,4,2,0,Deluxe,Travel Agent,UAE,204.03,1,0,0,0,0.0
3859,2023-08-26,10,3,2,0,Standard,Corporate,India,123.72,1,2,1,0,0.0
3860,2023-11-17,27,2,3,0,Deluxe,Direct,USA,219.61,0,0,3,1,439.22
3861,2024-02-01,36,5,1,2,Standard,OTA,India,68.4,0,1,2,0,342.0
3862,2024-04-15,63,4,4,0,Executive,Corporate,UK,239.55,0,0,0,0,958.2
3863,2023-06-30,25,3,2,0,Suite,Direct,India,344.37,0,1,0,0,1033.11
3864,2024-03-21,25,1,2,2,Standard,Travel Agent,UK,78.81,0,0,1,0,78.81
3865,2024-04-06,33,1,2,0,Standard,OTA,UK,125.28,0,3,0,0,125.28
3866,2024-07-20,22,2,3,0,Executive,OTA,UK,462.04,0,0,2,0,924.08
3867,2024-01-17,9,2,3,0,Standard,Travel Agent,India,125.77,0,4,0,1,251.54
3868,2024-08-14,11,1,2,1,Suite,Travel Agent,Singapore,234.08,1,1,0,0,0.0
3869,2023-06-11,74,4,2,1,Standard,OTA,USA,109.29,0,3,0,0,437.16
3870,2024-06-03,54,3,4,0,Standard,Direct,USA,105.32,0,3,0,0,315.96
3871,2023-02-03,32,3,2,0,Deluxe,Travel Agent,UAE,147.99,0,1,0,1,443.97
3872,2023-03-17,48,3,4,0,Standard,OTA,Australia,92.62,1,2,1,1,0.0
3873,2024-09-23,55,1,2,0,Suite,Direct,UAE,226.43,0,2,0,1,226.43
3874,2023-12-13,20,6,2,1,Executive,Direct,UK,369.82,0,1,2,0,2218.92
3875,2024-03-29,14,3,3,0,Deluxe,OTA,UAE,133.65,0,0,2,0,400.95
3876,2024-03-16,69,2,2,0,Deluxe,OTA,UAE,146.21,1,0,3,0,0.0
3877,2024-05-22,3,1,1,0,Deluxe,Travel Agent,USA,123.53,0,0,1,1,123.53
3878,2023-06-29,48,3,1,1,Suite,Corporate,USA,236.2,0,1,0,0,708.6
3879,2023-05-11,38,2,2,1,Standard,OTA,USA,78.78,0,2,1,1,157.56
3880,2023-02-01,65,5,2,0,Standard,OTA,UAE,67.46,1,2,0,0,0.0
3881,2024-09-23,50,2,2,1,Deluxe,OTA,USA,141.89,1,2,0,0,0.0
3882,2023-06-13,48,1,3,1,Standard,OTA,India,102.79,0,1,1,0,102.79
3883,2024-02-24,15,3,1,2,Suite,Corporate,USA,273.76,0,1,2,0,821.28
3884,2023-11-29,57,3,1,0,Suite,Direct,UK,267.11,0,0,0,0,801.33
3885,2023-04-29,44,5,2,0,Suite,OTA,UK,223.69,0,0,2,0,1118.45
3886,2023-10-30,17,7,2,1,Deluxe,Direct,UK,150.61,1,1,1,0,0.0
3887,2023-03-02,38,4,3,0,Suite,Travel Agent,India,214.83,0,0,3,1,859.32
3888,2023-05-09,12,2,3,0,Standard,Travel Agent,India,85.47,0,0,0,0,170.94
3889,2023-04-12,29,5,1,1,Standard,OTA,UAE,68.94,0,0,1,0,344.7
3890,2024-08-24,129,3,2,2,Deluxe,Travel Agent,India,173.25,0,0,1,0,519.75
3891,2024-02-19,14,1,2,0,Standard,OTA,India,91.44,0,0,3,1,91.44
3892,2024-11-06,8,4,3,0,Suite,Corporate,Singapore,301.76,0,1,1,0,1207.04
3893,2023-11-15,11,2,2,1,Suite,Travel Agent,India,288.1,0,0,0,1,576.2
3894,2023-05-27,29,2,2,0,Standard,Travel Agent,India,98.25,0,1,2,0,196.5
3895,2024-03-20,52,6,2,0,Standard,Direct,India,83.03,1,1,2,0,0.0
3896,2024-11-09,34,6,2,0,Standard,Corporate,India,155.27,1,0,2,0,0.0
3897,2024-01-24,10,3,2,0,Standard,Travel Agent,India,108.53,0,0,0,0,325.59
3898,2023-01-14,52,7,2,0,Deluxe,Travel Agent,India,217.51,0,1,0,0,1522.57
3899,2023-08-10,5,5,3,0,Executive,Travel Agent,India,354.18,0,0,0,0,1770.9
3900,2024-11-06,11,2,1,1,Standard,Corporate,Singapore,95.19,0,2,1,1,190.38
3901,2024-01-14,21,4,3,0,Suite,OTA,UK,358.84,0,0,0,0,1435.36
3902,2024-11-25,68,4,1,0,Deluxe,Direct,India,144.62,0,1,2,1,578.48
3903,2024-01-07,35,4,2,0,Standard,OTA,Singapore,138.9,1,0,0,1,0.0
3904,2023-01-09,36,2,3,0,Standard,Direct,Germany,90.94,0,2,0,1,181.88
3905,2024-09-29,10,5,1,2,Standard,OTA,India,82.22,0,2,1,0,411.1
3906,2024-07-11,23,6,2,0,Deluxe,OTA,India,137.86,1,1,0,0,0.0
3907,2024-06-06,61,2,2,1,Suite,OTA,India,283.67,0,1,0,0,567.34
3908,2024-12-09,42,5,3,0,Deluxe,Travel Agent,UAE,151.92,1,2,5,0,0.0
3909,2023-05-24,53,1,1,2,Suite,Corporate,UK,233.45,1,0,2,1,0.0
3910,2024-10-23,32,3,3,0,Deluxe,Corporate,UAE,119.49,0,0,3,0,358.47
3911,2023-06-19,62,1,4,2,Standard,Direct,USA,94.65,0,0,1,0,94.65
3912,2024-12-09,10,2,2,0,Standard,Travel Agent,India,101.04,0,0,2,0,202.08
3913,2023-05-20,28,5,2,0,Suite,Corporate,India,323.65,0,1,2,0,1618.25
3914,2024-02-06,47,4,2,0,Deluxe,Travel Agent,UK,104.04,0,0,1,0,416.16
3915,2024-07-30,7,3,1,0,Suite,Direct,India,279.51,0,1,2,0,838.53
3916,2023-02-27,1,5,2,0,Standard,Corporate,USA,79.91,0,1,0,0,399.55
3917,2023-02-18,102,1,1,1,Standard,OTA,India,83.39,0,1,1,1,83.39
3918,2024-09-12,35,4,2,0,Deluxe,OTA,Germany,136.16,0,1,3,1,544.64
3919,2023-02-14,6,1,1,0,Deluxe,OTA,UK,115.02,0,0,1,1,115.02
3920,2024-03-24,35,4,2,0,Deluxe,Travel Agent,India,130.24,0,2,0,0,520.96
3921,2024-11-15,11,2,2,0,Standard,Corporate,USA,107.11,0,1,2,0,214.22
3922,2024-03-24,15,3,2,0,Standard,Travel Agent,UAE,92.91,0,1,0,0,278.73
3923,2023-12-18,69,5,1,0,Deluxe,Direct,UAE,162.87,0,0,0,0,814.35
3924,2023-11-01,21,5,2,0,Deluxe,Direct,USA,157.24,0,0,0,0,786.2
3925,2024-04-10,21,2,2,2,Standard,Corporate,UK,83.29,0,0,0,1,166.58
3926,2024-02-22,11,5,2,0,Standard,Corporate,UK,90.35,0,1,2,1,451.75
3927,2024-01-02,25,4,1,0,Deluxe,Corporate,India,145.62,0,1,0,1,582.48
3928,2023-04-23,37,6,2,0,Deluxe,Travel Agent,UK,155.44,0,0,1,0,932.64
3929,2024-04-28,21,3,2,0,Standard,Direct,India,97.78,1,1,1,0,0.0
3930,2024-06-24,119,4,3,0,Executive,OTA,Germany,415.02,0,0,1,1,1660.08
3931,2024-06-01,13,5,2,0,Standard,Direct,Germany,106.57,0,0,1,1,532.85
3932,2023-02-24,13,4,1,1,Standard,OTA,India,109.05,1,0,0,0,0.0
3933,2024-05-28,24,6,1,0,Standard,Direct,India,85.6,0,1,0,0,513.6
3934,2024-06-16,110,2,2,0,Standard,OTA,Germany,85.51,1,2,0,0,0.0
3935,2023-05-14,54,5,1,0,Deluxe,OTA,UK,154.89,0,0,0,0,774.45
3936,2024-09-11,21,3,2,0,Standard,Travel Agent,India,79.83,0,0,0,1,239.49
3937,2024-01-18,21,1,2,0,Standard,Direct,India,120.75,0,1,2,1,120.75
3938,2023-12-11,13,8,1,0,Standard,Corporate,India,123.29,1,2,1,0,0.0
3939,2024-06-11,24,2,3,0,Standard,Direct,India,84.81,0,1,0,1,169.62
3940,2024-01-08,28,5,1,0,Standard,Corporate,Singapore,119.75,1,0,0,1,0.0
3941,2024-02-02,52,2,2,0,Standard,OTA,UAE,90.57,0,2,0,0,181.14
3942,2023-08-16,45,3,1,1,Standard,Direct,USA,87.83,0,0,0,1,263.49
3943,2024-11-08,23,4,2,2,Suite,Travel Agent,Singapore,400.93,0,1,1,1,1603.72
3944,2024-12-08,84,2,2,0,Standard,Direct,India,117.11,1,0,0,0,0.0
3945,2023-04-06,18,3,2,1,Standard,OTA,Australia,80.31,0,2,0,0,240.93
3946,2024-06-19,8,2,1,1,Deluxe,Travel Agent,Australia,154.6,0,1,1,0,309.2
3947,2023-01-18,38,3,2,0,Standard,OTA,India,114.67,1,2,0,0,0.0
3948,2023-09-27,66,1,2,0,Standard,OTA,Singapore,92.67,1,0,0,0,0.0
3949,2024-12-09,31,6,3,0,Standard,OTA,UAE,128.86,0,1,1,0,773.16
3950,2023-05-08,10,6,2,1,Standard,Direct,India,88.69,0,0,0,0,532.14
3951,2023-10-03,36,4,1,1,Standard,OTA,USA,63.78,0,0,0,0,255.12
3952,2023-06-10,39,3,2,0,Standard,Corporate,India,129.71,0,0,2,1,389.13
3953,2024-06-15,43,4,3,0,Deluxe,OTA,Germany,192.33,0,1,3,0,769.32
3954,2023-12-05,37,4,1,0,Standard,Direct,India,122.22,0,0,2,0,488.88
3955,2024-03-08,72,4,1,0,Standard,OTA,India,88.67,0,0,3,1,354.68
3956,2024-11-19,13,5,2,0,Suite,OTA,USA,296.56,0,1,1,1,1482.8
3957,2024-01-16,0,6,2,0,Deluxe,Corporate,USA,195.5,0,0,2,0,1173.0
3958,2024-06-19,5,2,2,1,Deluxe,Travel Agent,India,193.66,0,0,1,0,387.32
3959,2023-03-13,10,3,2,0,Standard,Travel Agent,India,81.86,0,0,0,0,245.58
3960,2023-06-07,58,2,1,0,Deluxe,OTA,UAE,132.64,1,1,0,0,0.0
3961,2024-11-22,25,2,2,0,Deluxe,OTA,USA,216.28,0,1,2,0,432.56
3962,2024-09-19,89,2,2,0,Standard,OTA,UAE,78.21,1,1,0,1,0.0
3963,2024-04-24,12,3,1,0,Suite,Direct,India,192.13,0,0,0,0,576.39
3964,2023-10-04,88,2,2,0,Suite,OTA,India,216.52,0,0,1,0,433.04
3965,2023-05-26,15,5,2,0,Standard,OTA,Australia,97.27,0,0,1,0,486.35
3966,2024-09-13,28,3,2,1,Standard,Travel Agent,India,103.62,0,1,2,0,310.86
3967,2024-07-27,6,2,3,1,Standard,Travel Agent,India,104.0,0,0,0,0,208.0
3968,2023-06-26,80,1,4,0,Deluxe,OTA,India,147.76,0,1,1,0,147.76
3969,2024-03-06,31,6,2,0,Suite,OTA,India,217.32,0,2,0,1,1303.92
3970,2024-03-27,122,6,2,0,Deluxe,Travel Agent,India,157.39,1,0,0,0,0.0
3971,2023-12-15,68,3,3,0,Standard,OTA,Singapore,144.2,0,0,1,1,432.6
3972,2024-11-07,27,3,2,0,Standard,OTA,India,115.32,0,2,1,0,345.96
3973,2023-04-01,17,2,2,0,Deluxe,Corporate,UAE,158.95,0,0,5,1,317.9
3974,2023-07-08,60,4,1,0,Deluxe,Travel Agent,India,172.62,1,1,1,0,0.0
3975,2023-03-11,33,5,3,0,Deluxe,Corporate,India,163.35,1,1,4,1,0.0
3976,2024-05-20,17,2,2,1,Deluxe,Corporate,UAE,114.5,0,0,0,0,229.0
3977,2024-04-15,35,2,1,0,Deluxe,Travel Agent,UK,137.47,0,0,0,1,274.94
3978,2024-12-21,4,2,2,0,Deluxe,OTA,India,152.61,0,0,1,0,305.22
3979,2024-01-31,43,5,1,1,Deluxe,OTA,India,140.95,0,1,0,0,704.75
3980,2023-04-20,49,1,1,0,Deluxe,OTA,USA,99.83,0,1,0,1,99.83
3981,2023-11-26,11,3,2,0,Executive,OTA,Australia,570.93,0,1,0,1,1712.79
3982,2023-03-06,73,3,1,0,Deluxe,Travel Agent,UAE,127.53,1,1,1,0,0.0
3983,2024-05-04,63,2,3,0,Deluxe,OTA,Australia,125.24,1,2,1,1,0.0
3984,2024-05-07,40,2,4,0,Suite,Direct,India,284.35,0,0,0,1,568.7
3985,2024-09-18,14,4,2,0,Executive,OTA,USA,272.1,0,1,3,0,1088.4
3986,2023-09-06,51,4,2,2,Standard,Travel Agent,UK,85.05,1,0,0,0,0.0
3987,2023-08-15,24,4,2,0,Suite,OTA,Australia,239.18,0,0,0,1,956.72
3988,2023-02-22,37,6,1,0,Executive,Direct,UK,328.58,0,1,2,0,1971.48
3989,2023-10-31,55,4,2,0,Standard,OTA,India,79.86,0,3,3,0,319.44
3990,2023-12-13,8,3,2,0,Standard,Direct,USA,98.32,0,0,0,0,294.96
3991,2024-07-04,6,2,2,0,Standard,Direct,Australia,80.61,0,0,0,0,161.22
3992,2024-07-04,22,2,1,0,Deluxe,OTA,Germany,142.72,0,1,0,1,285.44
3993,2023-04-13,109,4,4,0,Executive,Travel Agent,Singapore,263.82,0,0,0,0,1055.28
3994,2023-07-28,126,4,1,1,Standard,Direct,UAE,87.06,1,1,1,0,0.0
3995,2024-01-09,42,2,2,1,Suite,Direct,India,323.17,0,1,2,0,646.34
3996,2023-09-02,64,4,2,0,Suite,Direct,India,286.89,0,0,1,0,1147.56
3997,2023-01-19,32,5,2,0,Deluxe,Travel Agent,India,161.16,0,0,3,1,805.8
3998,2024-09-09,35,6,3,0,Deluxe,OTA,India,97.51,0,1,2,1,585.06
3999,2024-06-17,28,2,1,0,Deluxe,OTA,UAE,162.8,1,1,1,0,0.0
4000,2024-01-15,69,2,1,0,Standard,Direct,India,110.01,0,1,1,0,220.02
4001,2023-08-20,90,5,1,2,Standard,Travel Agent,India,97.15,0,0,1,1,485.75
4002,2024-09-07,34,4,2,0,Standard,OTA,India,91.35,0,2,3,1,365.4
4003,2023-01-26,35,5,2,0,Standard,OTA,Singapore,72.26,1,0,1,0,0.0
4004,2023-11-22,29,4,3,0,Deluxe,OTA,UAE,175.67,1,1,1,0,0.0
4005,2024-08-07,91,3,3,0,Suite,OTA,India,259.15,1,2,0,0,0.0
4006,2024-11-26,59,9,1,1,Standard,OTA,Germany,125.23,0,1,0,1,1127.07
4007,2023-07-03,14,2,3,0,Deluxe,Direct,Australia,160.75,1,0,2,1,0.0
4008,2024-04-20,107,8,3,0,Standard,OTA,UAE,93.0,0,0,0,0,744.0
4009,2023-05-19,2,1,2,0,Standard,Corporate,India,113.68,0,2,1,0,113.68
4010,2023-03-26,85,4,2,1,Standard,Travel Agent,India,83.24,0,0,2,1,332.96
4011,2023-09-15,66,5,2,0,Standard,Corporate,Germany,75.48,0,1,1,0,377.4
4012,2024-10-08,34,2,2,0,Suite,OTA,India,244.1,0,1,0,0,488.2
4013,2024-05-18,34,4,2,0,Standard,OTA,India,103.54,0,0,0,1,414.16
4014,2023-12-24,30,5,1,0,Standard,Travel Agent,India,140.14,0,0,1,0,700.7
4015,2023-07-26,15,4,2,2,Standard,OTA,India,93.32,0,0,0,0,373.28
4016,2023-04-14,102,6,2,0,Suite,Direct,India,231.41,0,0,1,0,1388.46
4017,2023-07-17,33,3,1,0,Standard,Direct,India,81.68,1,1,0,1,0.0
4018,2023-04-22,14,2,3,1,Executive,Corporate,India,308.26,0,0,3,1,616.52
4019,2023-05-17,98,8,1,2,Deluxe,Travel Agent,UK,106.52,0,1,1,0,852.16
4020,2024-05-16,46,3,2,0,Deluxe,OTA,Singapore,123.14,0,0,0,0,369.42
4021,2023-04-07,48,3,2,0,Deluxe,Travel Agent,India,179.27,0,1,1,0,537.81
4022,2023-02-04,112,5,2,2,Suite,Travel Agent,UAE,236.46,0,0,1,1,1182.3
4023,2024-01-31,53,5,1,0,Suite,OTA,India,301.58,0,2,1,0,1507.9
4024,2023-07-29,20,3,2,0,Standard,Direct,UK,117.65,0,0,0,0,352.95
4025,2023-11-28,52,4,2,0,Standard,Travel Agent,India,103.32,0,1,0,0,413.28
4026,2023-04-13,16,1,1,1,Standard,OTA,Australia,76.46,0,1,0,0,76.46
4027,2023-06-03,23,3,1,0,Suite,OTA,India,350.45,0,0,0,0,1051.35
4028,2023-11-18,41,8,2,0,Deluxe,OTA,India,206.34,0,1,0,0,1650.72
4029,2024-05-18,63,2,2,0,Standard,OTA,UK,104.47,0,2,0,0,208.94
4030,2023-10-30,21,2,1,1,Standard,Travel Agent,UAE,102.92,0,1,1,0,205.84
4031,2024-01-31,29,4,2,0,Standard,OTA,USA,96.73,0,0,4,0,386.92
4032,2024-01-16,29,2,2,0,Executive,Travel Agent,India,397.44,0,1,1,0,794.88
4033,2023-07-16,71,5,4,0,Deluxe,OTA,UK,175.8,0,0,0,0,879.0
4034,2023-07-24,34,3,2,0,Standard,OTA,Singapore,90.29,0,0,0,0,270.87
4035,2023-11-07,106,3,1,0,Deluxe,Direct,UK,166.41,1,1,1,0,0.0
4036,2023-01-24,23,2,2,0,Standard,Direct,India,126.18,0,0,3,0,252.36
4037,2024-05-15,22,3,1,1,Deluxe,Direct,Australia,131.55,0,1,0,1,394.65
4038,2024-03-24,84,3,2,0,Deluxe,OTA,UAE,194.16,0,0,1,0,582.48
4039,2023-08-12,50,3,2,0,Suite,Direct,UK,288.8,0,2,0,0,866.4
4040,2023-09-30,147,5,3,0,Deluxe,OTA,India,176.52,0,0,1,0,882.6
4041,2023-08-28,82,6,2,0,Standard,OTA,India,116.26,0,1,1,1,697.56
4042,2024-04-20,11,3,3,0,Suite,Travel Agent,USA,250.48,1,0,0,1,0.0
4043,2024-07-08,33,3,2,0,Executive,OTA,UK,379.32,0,0,0,1,1137.96
4044,2023-03-21,41,2,2,1,Standard,OTA,India,88.48,0,2,1,0,176.96
4045,2023-10-29,39,7,1,0,Deluxe,Corporate,UK,139.51,0,1,0,0,976.57
4046,2023-01-11,30,2,1,0,Deluxe,OTA,India,210.54,0,0,0,1,421.08
4047,2023-11-27,39,3,2,1,Deluxe,OTA,Germany,158.41,0,0,1,0,475.23
4048,2023-07-01,40,2,3,0,Standard,Direct,India,103.5,0,1,0,1,207.0
4049,2023-09-03,21,4,2,0,Deluxe,Direct,Singapore,140.36,0,0,0,1,561.44
4050,2023-11-30,69,6,2,0,Standard,OTA,UAE,110.92,0,0,1,0,665.52
4051,2023-08-25,98,3,2,0,Suite,Direct,Germany,315.54,1,1,1,0,0.0
4052,2023-10-15,56,6,2,0,Suite,OTA,India,233.68,0,1,0,0,1402.08
4053,2024-07-12,45,6,3,2,Standard,Direct,India,108.9,0,0,2,1,653.4
4054,2024-08-14,32,3,1,0,Deluxe,OTA,Germany,135.14,0,0,0,0,405.42
4055,2023-01-05,41,6,2,0,Standard,OTA,Germany,123.09,0,2,1,0,738.54
4056,2023-10-03,44,4,2,0,Standard,Direct,UK,86.67,0,0,0,0,346.68
4057,2024-09-10,15,7,2,0,Standard,Direct,India,76.67,0,0,1,0,536.69
4058,2024-01-23,67,4,1,0,Deluxe,Travel Agent,UK,171.45,0,0,0,0,685.8
4059,2023-05-30,24,4,2,0,Suite,Travel Agent,UAE,202.49,0,0,2,0,809.96
4060,2024-03-09,87,1,2,0,Standard,Corporate,Germany,81.74,0,1,1,0,81.74
4061,2023-04-16,38,3,4,1,Executive,Direct,USA,300.25,0,1,0,0,900.75
4062,2023-01-16,68,2,3,0,Standard,OTA,Germany,96.0,1,0,5,1,0.0
4063,2024-04-06,55,4,2,0,Standard,OTA,UK,102.58,1,0,0,0,0.0
4064,2024-01-12,11,3,2,0,Deluxe,OTA,Germany,226.91,0,3,2,0,680.73
4065,2024-07-06,82,2,2,0,Deluxe,Travel Agent,Germany,149.92,1,0,0,1,0.0
4066,2023-09-09,18,4,2,0,Deluxe,Direct,USA,162.03,1,0,2,0,0.0
4067,2024-09-15,23,2,1,0,Standard,OTA,UAE,78.52,0,1,1,0,157.04
4068,2023-11-04,25,4,2,0,Standard,OTA,UK,135.59,0,1,1,0,542.36
4069,2024-06-22,7,5,2,0,Deluxe,Direct,UK,181.21,0,0,0,1,906.05
4070,2023-03-15,39,3,4,0,Standard,Travel Agent,India,75.0,1,1,1,0,0.0
4071,2023-03-12,70,3,2,0,Executive,OTA,Germany,363.46,0,0,1,0,1090.38
4072,2024-07-25,86,6,4,0,Standard,OTA,India,111.54,0,0,0,1,669.24
4073,2024-08-31,30,5,2,0,Standard,OTA,India,85.56,0,0,1,0,427.8
4074,2024-11-18,34,5,1,0,Suite,OTA,India,337.56,1,2,0,1,0.0
4075,2023-08-25,58,2,4,0,Standard,Direct,UAE,99.86,1,3,1,0,0.0
4076,2023-01-17,30,2,2,0,Standard,Direct,USA,126.45,0,0,4,0,252.9
4077,2024-12-16,75,6,2,0,Deluxe,OTA,UK,193.75,0,1,0,0,1162.5
4078,2024-03-15,32,8,1,0,Standard,Corporate,Australia,79.62,0,0,0,0,636.96
4079,2023-06-30,16,4,3,0,Standard,Corporate,UAE,102.69,1,0,0,0,0.0
4080,2024-07-11,40,3,1,2,Deluxe,OTA,Germany,164.99,1,2,1,1,0.0
4081,2024-10-21,9,2,3,1,Suite,OTA,India,245.0,0,0,0,0,490.0
4082,2023-07-27,39,3,1,2,Deluxe,OTA,India,164.91,0,1,3,0,494.73
4083,2024-07-15,45,2,1,0,Deluxe,Travel Agent,India,163.3,1,0,1,0,0.0
4084,2024-07-28,18,2,3,2,Executive,OTA,Australia,382.26,0,1,1,1,764.52
4085,2024-01-02,44,1,2,0,Deluxe,Travel Agent,UAE,176.21,0,1,0,0,176.21
4086,2024-04-06,27,1,2,0,Standard,Direct,India,91.19,0,1,1,0,91.19
4087,2023-07-16,18,2,2,0,Suite,Corporate,Australia,248.91,0,0,2,0,497.82
4088,2024-11-09,8,5,2,0,Suite,OTA,UK,355.3,0,0,1,0,1776.5
4089,2024-12-18,10,4,2,0,Standard,OTA,Germany,103.24,0,0,0,1,412.96
4090,2024-12-17,93,5,1,0,Deluxe,Direct,India,204.48,1,3,2,1,0.0
4091,2024-06-22,27,6,2,2,Deluxe,Direct,Germany,204.58,0,1,2,0,1227.48
4092,2023-01-31,44,3,1,0,Standard,OTA,USA,110.39,0,0,1,0,331.17
4093,2023-09-25,29,3,3,0,Deluxe,Corporate,India,147.23,0,1,1,0,441.69
4094,2023-11-21,94,4,2,0,Standard,OTA,India,115.97,0,2,1,0,463.88
4095,2024-12-01,18,4,2,0,Standard,OTA,UK,123.87,0,2,0,0,495.48
4096,2024-02-04,36,4,2,1,Deluxe,Direct,UK,124.1,0,4,0,0,496.4
4097,2024-01-27,23,3,2,0,Deluxe,Direct,India,197.96,1,1,1,0,0.0
4098,2023-04-18,67,4,2,0,Suite,OTA,India,211.19,0,0,1,0,844.76
4099,2024-08-02,44,6,2,1,Executive,Corporate,India,408.51,0,0,0,0,2451.06
4100,2023-09-03,35,4,2,0,Deluxe,OTA,India,145.39,0,0,1,0,581.56
4101,2023-03-09,11,5,1,1,Executive,Direct,Singapore,339.72,0,1,0,0,1698.6
4102,2024-12-21,122,4,2,1,Standard,OTA,Germany,142.29,0,0,1,1,569.16
4103,2023-05-19,30,2,1,0,Standard,OTA,India,86.61,0,4,2,0,173.22
4104,2023-01-12,15,2,4,2,Suite,Travel Agent,Germany,249.79,0,0,2,1,499.58
4105,2023-02-26,8,4,2,1,Deluxe,OTA,UK,132.09,1,0,2,0,0.0
4106,2023-11-27,10,3,2,0,Suite,Corporate,India,341.25,0,0,0,0,1023.75
4107,2023-03-17,34,3,2,0,Deluxe,OTA,Germany,166.67,1,0,2,0,0.0
4108,2024-09-07,68,4,1,2,Standard,Direct,India,79.42,1,1,0,1,0.0
4109,2024-01-10,42,1,1,0,Deluxe,Direct,USA,144.61,0,1,0,1,144.61
4110,2023-08-25,8,4,2,0,Standard,OTA,UAE,102.57,0,3,0,0,410.28
4111,2023-01-03,34,6,2,1,Standard,Travel Agent,Australia,131.27,0,0,1,0,787.62
4112,2023-12-17,82,3,2,0,Deluxe,OTA,India,211.98,0,1,1,0,635.94
4113,2023-04-21,26,6,1,0,Deluxe,Travel Agent,UK,145.26,0,0,0,1,871.56
4114,2024-12-14,42,3,2,0,Standard,Direct,Germany,122.33,0,0,0,0,366.99
4115,2023-08-01,27,4,2,1,Deluxe,OTA,Australia,120.78,1,1,1,1,0.0
4116,2023-12-13,49,2,2,1,Executive,Direct,India,390.81,1,0,1,0,0.0
4117,2023-01-14,17,4,2,1,Standard,OTA,India,142.68,0,0,0,0,570.72
4118,2023-04-06,0,4,3,1,Standard,OTA,India,76.21,0,1,1,1,304.84
4119,2023-06-01,12,4,2,0,Standard,Corporate,India,93.19,0,1,2,1,372.76
4120,2023-02-07,23,2,2,0,Deluxe,OTA,Australia,135.13,0,1,0,0,270.26
4121,2024-06-13,32,4,2,0,Standard,OTA,India,83.05,1,1,1,0,0.0
4122,2024-11-21,24,5,2,0,Deluxe,OTA,Australia,182.51,0,0,0,1,912.55
4123,2024-12-20,24,3,2,1,Standard,Travel Agent,India,111.86,0,0,0,0,335.58
4124,2023-07-14,68,6,1,0,Standard,Direct,India,103.79,0,1,2,0,622.74
4125,2024-07-29,14,2,1,0,Standard,Travel Agent,India,91.64,0,2,1,0,183.28
4126,2024-01-03,35,6,2,1,Executive,OTA,UAE,386.65,0,1,1,0,2319.9
4127,2023-02-03,9,1,2,1,Standard,OTA,India,93.13,1,1,0,0,0.0
4128,2023-03-08,56,2,2,0,Standard,Corporate,Singapore,79.29,0,1,3,0,158.58
4129,2024-02-04,41,2,2,0,Standard,Travel Agent,India,89.99,0,1,1,1,179.98
4130,2023-11-06,121,5,1,0,Executive,Travel Agent,Australia,410.92,0,1,2,0,2054.6
4131,2023-01-07,13,3,2,0,Standard,Travel Agent,India,110.67,0,0,0,0,332.01
4132,2024-11-09,97,6,2,1,Suite,OTA,UAE,253.11,1,2,0,0,0.0
4133,2024-06-17,15,1,2,0,Standard,Direct,USA,95.9,0,0,1,0,95.9
4134,2024-01-02,26,6,2,0,Standard,OTA,UAE,99.09,1,0,0,0,0.0
4135,2024-12-21,10,6,1,0,Deluxe,Travel Agent,UK,212.84,0,1,2,0,1277.04
4136,2024-12-09,120,2,2,0,Deluxe,Direct,India,163.88,0,1,3,0,327.76
4137,2024-12-11,46,2,2,1,Suite,Corporate,India,229.36,0,0,2,0,458.72
4138,2023-07-08,46,3,2,0,Standard,Direct,USA,108.81,1,1,0,0,0.0
4139,2024-10-05,16,8,2,0,Executive,OTA,UK,388.53,0,0,1,1,3108.24
4140,2024-01-04,2,4,2,0,Deluxe,Direct,Germany,182.09,0,1,1,0,728.36
4141,2024-06-14,25,4,1,0,Deluxe,Travel Agent,India,148.82,0,0,2,0,595.28
4142,2024-09-19,21,3,1,0,Suite,OTA,India,203.49,0,0,1,0,610.47
4143,2023-04-30,5,3,1,0,Standard,OTA,India,86.52,1,0,0,0,0.0
4144,2023-11-24,26,3,2,0,Suite,Direct,UAE,334.01,1,0,1,0,0.0
4145,2023-04-05,35,2,2,0,Deluxe,OTA,India,120.84,0,0,0,1,241.68
4146,2023-07-24,48,4,2,0,Standard,OTA,USA,75.77,0,0,1,0,303.08
4147,2023-10-29,3,3,1,0,Standard,Direct,UK,90.48,0,1,2,1,271.44
4148,2024-09-16,11,6,1,0,Executive,Direct,USA,351.56,0,1,1,1,2109.36
4149,2024-09-21,17,5,2,0,Suite,Travel Agent,USA,233.16,0,0,1,0,1165.8
4150,2023-10-12,70,3,2,0,Executive,OTA,USA,255.23,0,1,0,1,765.69
4151,2023-08-29,69,5,2,0,Deluxe,Direct,Singapore,182.67,0,0,1,0,913.35
4152,2024-01-23,44,1,2,2,Deluxe,Direct,USA,215.95,1,1,0,0,0.0
4153,2024-10-27,26,3,3,0,Standard,OTA,Germany,87.5,0,2,1,0,262.5
4154,2024-12-13,73,4,2,1,Deluxe,OTA,UK,207.58,0,0,1,0,830.32
4155,2023-06-15,40,1,3,0,Deluxe,Direct,UK,160.13,0,1,0,1,160.13
4156,2023-05-17,70,3,2,0,Standard,Direct,Germany,88.53,0,0,0,0,265.59
4157,2024-05-30,45,1,2,0,Deluxe,Direct,Singapore,112.57,0,0,0,0,112.57
4158,2023-08-09,6,6,2,0,Standard,Travel Agent,India,95.66,0,0,0,0,573.96
4159,2023-05-26,2,3,3,0,Deluxe,Corporate,UK,129.95,0,0,1,1,389.85
4160,2023-01-23,24,2,2,0,Suite,Travel Agent,India,309.31,0,1,0,1,618.62
4161,2023-10-22,60,5,2,0,Suite,OTA,India,298.94,0,1,0,0,1494.7
4162,2023-10-14,21,4,2,0,Deluxe,OTA,Australia,155.48,0,1,3,0,621.92
4163,2024-02-16,83,2,4,0,Standard,OTA,Singapore,82.62,1,2,1,0,0.0
4164,2023-05-27,57,2,1,0,Deluxe,Travel Agent,UAE,167.36,1,0,1,0,0.0
4165,2024-06-05,78,2,2,0,Standard,Travel Agent,USA,88.96,1,1,1,0,0.0
4166,2024-05-11,24,1,1,0,Standard,Corporate,UAE,97.23,0,0,1,1,97.23
4167,2023-12-04,14,3,3,1,Suite,Corporate,Singapore,269.33,0,0,1,1,807.99
4168,2023-05-13,12,3,2,0,Standard,Travel Agent,Australia,77.33,0,0,2,0,231.99
4169,2024-01-06,48,4,2,0,Standard,Direct,Australia,112.88,0,0,1,0,451.52
4170,2024-05-07,7,4,2,1,Standard,Corporate,USA,54.06,0,0,1,0,216.24
4171,2023-09-30,7,6,2,0,Executive,Direct,India,300.13,0,0,2,0,1800.78
4172,2023-07-12,20,4,2,0,Deluxe,OTA,India,196.09,1,0,1,1,0.0
4173,2024-01-05,39,2,2,0,Suite,Travel Agent,India,226.01,0,2,0,0,452.02
4174,2023-09-17,17,3,3,0,Deluxe,OTA,India,121.32,1,1,0,0,0.0
4175,2023-10-20,69,5,2,0,Standard,Direct,India,111.23,0,0,1,0,556.15
4176,2023-09-12,79,4,2,0,Standard,OTA,UAE,70.79,0,2,0,1,283.16
4177,2023-08-10,1,4,2,0,Standard,Travel Agent,Germany,91.35,0,1,2,0,365.4
4178,2024-06-07,46,3,1,0,Deluxe,OTA,Germany,179.07,1,0,1,0,0.0
4179,2023-12-02,21,8,2,2,Standard,OTA,India,99.64,0,0,1,1,797.12
4180,2023-12-07,62,2,2,1,Executive,OTA,India,455.73,0,0,0,0,911.46
4181,2024-04-21,47,2,2,0,Standard,OTA,Singapore,90.67,1,0,1,0,0.0
4182,2023-09-21,38,5,1,0,Standard,Direct,Singapore,73.9,1,3,0,0,0.0
4183,2023-03-15,30,1,2,0,Deluxe,Travel Agent,Singapore,144.73,0,1,0,0,144.73
4184,2024-09-14,7,2,2,1,Standard,OTA,Australia,77.31,1,2,1,0,0.0
4185,2023-02-10,132,4,2,0,Standard,OTA,India,92.42,0,2,2,0,369.68
4186,2024-02-22,11,7,2,0,Executive,Travel Agent,Germany,263.46,0,0,0,0,1844.22
4187,2023-07-14,98,4,2,0,Standard,Direct,India,93.77,0,1,2,0,375.08
4188,2023-06-06,53,5,2,0,Deluxe,OTA,India,193.49,0,0,1,0,967.45
4189,2023-01-31,22,1,1,0,Deluxe,OTA,USA,178.15,0,1,0,0,178.15
4190,2024-10-19,19,3,1,0,Standard,OTA,Germany,102.46,0,1,3,1,307.38
4191,2023-11-10,7,2,2,1,Standard,Travel Agent,USA,116.45,0,2,0,1,232.9
4192,2023-09-08,34,1,3,0,Deluxe,Corporate,India,131.04,0,0,2,0,131.04
4193,2024-06-25,7,2,2,0,Suite,Corporate,Australia,165.26,0,0,1,0,330.52
4194,2023-01-29,72,3,2,0,Deluxe,Corporate,India,194.15,0,0,1,1,582.45
4195,2024-02-17,40,4,2,0,Standard,Direct,Germany,73.69,0,2,2,0,294.76
4196,2023-12-28,32,4,2,0,Standard,OTA,UAE,109.22,1,1,1,0,0.0
4197,2024-02-09,36,1,1,0,Deluxe,Travel Agent,India,126.31,0,2,0,0,126.31
4198,2023-04-01,42,3,2,0,Deluxe,Travel Agent,USA,157.89,0,1,1,0,473.67
4199,2024-11-26,25,4,2,0,Standard,OTA,India,134.68,0,1,1,1,538.72
4200,2023-06-24,28,5,1,0,Deluxe,OTA,UAE,240.24,0,0,1,0,1201.2
4201,2024-05-10,105,3,3,0,Executive,OTA,UAE,358.27,0,0,0,0,1074.81
4202,2024-06-29,67,6,4,1,Executive,Travel Agent,India,413.44,1,2,1,0,0.0
4203,2023-09-09,52,6,1,1,Deluxe,OTA,UAE,136.92,0,0,4,1,821.52
4204,2023-04-06,22,3,1,1,Executive,OTA,USA,271.86,1,1,0,0,0.0
4205,2023-08-05,4,2,2,1,Standard,Direct,UK,98.23,0,2,1,0,196.46
4206,2024-08-12,48,1,4,0,Standard,Corporate,UAE,113.08,0,0,2,1,113.08
4207,2024-10-23,36,8,4,0,Deluxe,OTA,Germany,123.89,0,0,0,0,991.12
4208,2024-11-14,28,5,4,0,Deluxe,Travel Agent,USA,221.0,0,0,1,0,1105.0
4209,2023-06-15,31,4,2,1,Suite,Corporate,UAE,234.58,0,1,1,0,938.32
4210,2024-03-18,12,5,4,1,Executive,Corporate,India,294.93,0,0,0,0,1474.65
4211,2023-04-21,15,9,2,0,Deluxe,OTA,USA,126.75,0,0,0,0,1140.75
4212,2024-06-02,67,2,1,0,Standard,OTA,India,117.45,0,1,2,1,234.9
4213,2023-10-31,3,1,2,1,Standard,OTA,USA,78.05,0,1,0,1,78.05
4214,2024-06-04,61,3,2,0,Deluxe,Direct,India,155.37,0,0,1,1,466.11
4215,2024-05-15,85,2,2,0,Deluxe,OTA,Australia,125.17,0,1,2,1,250.34
4216,2024-12-25,47,5,2,2,Deluxe,OTA,India,187.22,0,0,2,1,936.1
4217,2023-12-23,45,2,3,2,Standard,Direct,Singapore,134.19,0,1,1,0,268.38
4218,2023-09-07,15,2,2,0,Standard,OTA,India,87.98,0,0,2,0,175.96
4219,2024-01-20,17,1,2,0,Standard,OTA,UK,110.18,0,1,0,0,110.18
4220,2023-04-29,24,5,2,0,Deluxe,Travel Agent,India,155.26,0,3,1,0,776.3
4221,2023-03-23,9,3,2,0,Standard,Corporate,Australia,75.22,0,1,1,0,225.66
4222,2024-01-14,16,3,1,0,Suite,Travel Agent,USA,396.0,0,1,2,0,1188.0
4223,2024-08-25,35,2,2,0,Suite,Travel Agent,India,312.61,0,0,0,0,625.22
4224,2024-01-25,22,4,3,1,Deluxe,Direct,India,181.82,0,0,0,0,727.28
4225,2024-07-24,38,2,3,0,Standard,OTA,UAE,92.81,0,1,0,0,185.62
4226,2023-05-10,67,5,2,0,Standard,OTA,Australia,72.19,1,1,0,1,0.0
4227,2023-11-25,38,6,2,0,Standard,OTA,UAE,125.29,0,2,0,1,751.74
4228,2024-03-23,46,3,3,0,Standard,Travel Agent,USA,105.52,0,3,0,0,316.56
4229,2023-09-11,7,3,1,1,Standard,Corporate,Australia,72.61,0,0,0,1,217.83
4230,2023-01-11,66,4,2,0,Standard,OTA,USA,125.1,0,0,1,0,500.4
4231,2023-02-23,6,5,2,0,Executive,OTA,India,320.5,0,0,1,0,1602.5
4232,2024-11-08,21,5,4,0,Executive,Direct,India,352.28,0,0,0,0,1761.4
4233,2024-03-17,12,2,1,0,Executive,OTA,UK,307.09,0,0,0,0,614.18
4234,2023-07-13,4,7,4,0,Standard,Direct,Germany,122.36,0,0,2,1,856.52
4235,2023-07-08,36,5,2,1,Deluxe,OTA,UAE,176.79,1,0,1,0,0.0
4236,2023-01-29,49,2,1,1,Standard,OTA,India,110.73,1,2,1,0,0.0
4237,2024-11-20,86,5,2,1,Deluxe,Direct,USA,157.13,0,0,0,1,785.65
4238,2023-03-21,40,2,1,0,Deluxe,Travel Agent,India,127.88,0,0,3,0,255.76
4239,2024-07-08,16,1,2,0,Standard,OTA,Australia,106.58,1,1,0,1,0.0
4240,2023-06-25,22,4,2,2,Standard,Travel Agent,India,105.93,0,1,3,0,423.72
4241,2023-09-03,5,4,2,0,Standard,Corporate,Australia,83.44,0,1,1,0,333.76
4242,2023-07-19,24,3,2,0,Standard,OTA,India,69.9,0,1,1,0,209.7
4243,2024-08-24,32,2,2,0,Standard,Travel Agent,UK,98.35,0,0,3,0,196.7
4244,2023-01-24,47,3,2,0,Standard,OTA,UAE,98.95,0,0,1,0,296.85
4245,2023-09-15,56,6,3,0,Suite,OTA,Germany,262.76,0,1,2,0,1576.56
4246,2023-07-23,46,2,3,1,Standard,Travel Agent,UAE,115.77,0,0,4,1,231.54
4247,2023-07-19,14,5,2,2,Standard,Corporate,USA,112.58,0,1,0,0,562.9
4248,2023-05-21,11,4,2,1,Executive,OTA,India,295.72,1,0,1,0,0.0
4249,2024-10-28,54,4,4,1,Suite,Travel Agent,India,223.52,0,0,0,1,894.08
4250,2023-10-04,4,5,3,0,Standard,Travel Agent,UAE,81.54,0,1,0,0,407.7
4251,2023-11-02,114,1,3,0,Suite,Direct,India,261.36,0,1,0,0,261.36
4252,2023-10-09,17,2,1,0,Standard,OTA,UAE,88.76,0,1,1,1,177.52
4253,2024-12-16,73,3,3,0,Deluxe,OTA,Germany,211.39,0,1,0,1,634.17
4254,2023-09-05,20,4,1,0,Suite,Direct,India,220.63,0,1,1,0,882.52
4255,2023-09-07,49,4,2,0,Deluxe,OTA,India,122.55,0,0,1,0,490.2
4256,2023-08-28,11,5,2,0,Standard,Corporate,USA,113.21,0,1,1,0,566.05
4257,2023-08-27,34,3,2,0,Deluxe,Travel Agent,India,188.8,0,0,0,1,566.4
4258,2023-03-07,6,4,1,0,Deluxe,Direct,India,111.04,1,1,1,1,0.0
4259,2024-03-17,42,4,2,1,Suite,Direct,USA,247.11,0,2,0,1,988.44
4260,2023-01-19,11,1,2,0,Standard,OTA,India,103.31,0,1,2,0,103.31
4261,2023-06-14,13,3,2,1,Standard,Direct,India,86.26,0,0,0,0,258.78
4262,2023-05-28,23,5,1,0,Deluxe,Direct,India,135.16,0,1,0,0,675.8
4263,2023-08-01,27,1,2,0,Standard,Travel Agent,India,88.29,0,1,1,0,88.29
4264,2024-07-06,47,2,2,1,Standard,OTA,Singapore,121.14,0,0,1,0,242.28
4265,2024-03-13,44,5,4,1,Standard,OTA,UAE,77.17,0,1,0,1,385.85
4266,2024-12-24,36,2,2,0,Standard,Travel Agent,India,109.11,0,1,2,0,218.22
4267,2023-09-14,61,9,2,1,Standard,Direct,UK,89.29,0,1,1,0,803.61
4268,2024-11-08,43,2,4,1,Deluxe,Corporate,UK,194.59,1,1,1,0,0.0
4269,2023-02-02,45,6,3,0,Standard,Corporate,USA,68.45,1,1,1,0,0.0
4270,2024-01-04,13,2,2,0,Standard,Direct,UK,120.24,0,1,2,1,240.48
4271,2024-08-06,64,4,2,1,Deluxe,Direct,Australia,148.88,0,0,0,0,595.52
4272,2024-01-24,59,2,2,0,Deluxe,Travel Agent,Australia,213.02,1,2,3,1,0.0
4273,2024-11-12,38,3,2,0,Suite,OTA,India,332.95,1,1,2,0,0.0
4274,2023-08-18,57,1,3,0,Suite,Corporate,USA,322.88,0,0,0,0,322.88
4275,2023-01-25,32,5,4,0,Standard,Direct,USA,110.93,0,0,0,0,554.65
4276,2024-07-18,89,5,1,0,Executive,Travel Agent,India,408.5,1,0,2,0,0.0
4277,2023-02-19,35,3,2,0,Suite,OTA,Australia,260.57,1,0,3,0,0.0
4278,2024-07-12,31,4,3,0,Standard,OTA,Singapore,81.63,0,3,0,0,326.52
4279,2024-06-19,43,9,3,1,Suite,Direct,UAE,260.78,0,1,0,0,2347.02
4280,2024-09-08,102,2,2,0,Deluxe,OTA,India,159.75,0,1,0,1,319.5
4281,2023-12-16,20,3,1,0,Suite,OTA,India,300.39,0,0,0,0,901.17
4282,2024-10-15,41,3,2,0,Deluxe,Direct,India,170.44,0,0,2,1,511.32
4283,2023-05-04,22,2,2,0,Executive,Travel Agent,UK,294.73,0,2,1,1,589.46
4284,2023-11-14,31,3,2,0,Standard,Direct,India,115.28,0,0,0,0,345.84
4285,2023-03-30,16,5,2,0,Deluxe,OTA,UAE,148.29,0,1,0,0,741.45
4286,2024-07-13,44,1,2,0,Standard,Direct,Singapore,118.4,1,0,1,0,0.0
4287,2024-06-05,33,4,2,0,Executive,OTA,India,355.39,1,2,2,0,0.0
4288,2024-08-11,56,2,1,0,Standard,OTA,Singapore,115.71,0,0,2,1,231.42
4289,2024-07-11,67,3,2,1,Standard,Corporate,USA,93.77,0,1,3,1,281.31
4290,2023-08-14,74,2,1,0,Suite,Travel Agent,USA,261.01,0,1,0,0,522.02
4291,2023-02-19,22,2,2,0,Deluxe,Corporate,India,128.92,0,1,0,0,257.84
4292,2024-11-09,43,4,4,0,Deluxe,Direct,India,195.52,0,0,0,0,782.08
4293,2023-12-26,78,1,2,1,Standard,OTA,UAE,92.41,0,1,0,0,92.41
4294,2023-03-10,16,4,1,0,Deluxe,Corporate,UAE,149.41,0,0,2,0,597.64
4295,2024-11-07,36,4,2,1,Suite,Corporate,UAE,282.49,0,1,0,0,1129.96
4296,2024-12-26,17,3,1,2,Suite,OTA,India,314.88,0,0,0,0,944.64
4297,2023-11-22,101,6,2,0,Deluxe,Corporate,UAE,144.0,0,0,0,0,864.0
4298,2024-07-16,77,4,2,0,Deluxe,Direct,UK,138.62,0,3,0,0,554.48
4299,2023-01-27,49,3,4,0,Deluxe,Direct,India,179.54,0,0,0,0,538.62
4300,2023-03-10,48,3,1,0,Executive,OTA,India,344.39,0,3,3,0,1033.17
4301,2023-07-21,18,4,3,0,Deluxe,OTA,UK,174.13,0,0,5,0,696.52
4302,2024-04-24,83,3,2,1,Standard,Corporate,Australia,90.53,0,0,1,1,271.59
4303,2023-04-08,26,4,2,0,Deluxe,Direct,Germany,150.25,0,1,0,0,601.0
4304,2023-01-25,20,4,3,0,Standard,OTA,Singapore,108.0,1,1,2,0,0.0
4305,2024-05-03,70,3,2,0,Executive,OTA,India,301.32,1,0,1,1,0.0
4306,2024-07-16,24,4,2,0,Standard,Travel Agent,UK,92.67,0,1,2,0,370.68
4307,2024-06-23,20,4,2,1,Standard,Direct,India,92.72,0,0,1,1,370.88
4308,2024-08-06,59,4,2,1,Deluxe,Travel Agent,India,165.24,0,0,0,0,660.96
4309,2024-08-09,12,3,1,1,Deluxe,Corporate,India,197.29,0,0,3,0,591.87
4310,2024-03-15,49,4,3,0,Deluxe,OTA,UK,122.45,1,0,0,1,0.0
4311,2024-01-15,36,6,1,1,Standard,Direct,Germany,108.58,1,0,1,0,0.0
4312,2024-09-17,55,4,4,1,Standard,Direct,UK,79.0,0,2,1,0,316.0
4313,2023-09-12,45,3,2,0,Standard,OTA,UAE,91.56,0,0,1,0,274.68
4314,2023-03-13,143,3,2,0,Deluxe,Direct,India,114.41,1,1,0,0,0.0
4315,2024-07-02,38,1,2,0,Executive,OTA,USA,327.18,0,0,0,0,327.18
4316,2023-07-21,24,2,2,0,Suite,OTA,India,313.22,0,1,2,0,626.44
4317,2024-12-15,33,7,4,0,Deluxe,Direct,India,190.01,0,0,0,1,1330.07
4318,2023-10-30,45,5,1,0,Standard,Travel Agent,USA,75.82,0,0,0,1,379.1
4319,2024-09-13,97,3,2,0,Standard,OTA,Singapore,86.99,0,0,0,1,260.97
4320,2023-01-31,51,3,2,0,Suite,OTA,Australia,315.62,0,0,0,1,946.86
4321,2024-04-26,17,8,1,0,Deluxe,OTA,Australia,169.88,0,0,0,1,1359.04
4322,2023-11-24,273,2,2,0,Standard,Corporate,India,122.97,1,1,0,0,0.0
4323,2023-12-04,66,2,2,0,Standard,OTA,UAE,104.49,0,1,1,1,208.98
4324,2023-07-13,16,6,2,0,Deluxe,Direct,Singapore,168.44,0,0,1,0,1010.64
4325,2024-12-09,13,5,2,0,Deluxe,OTA,India,179.85,1,0,0,1,0.0
4326,2023-10-14,11,5,4,1,Executive,OTA,USA,351.58,0,1,2,1,1757.9
4327,2024-09-12,32,3,2,0,Standard,Direct,India,90.88,0,0,2,1,272.64
4328,2023-11-07,33,3,3,0,Suite,Corporate,Germany,258.98,0,0,0,1,776.94
4329,2023-02-05,19,4,1,1,Suite,OTA,UK,245.01,0,1,0,1,980.04
4330,2024-10-03,9,6,2,0,Standard,Travel Agent,Singapore,70.58,0,1,0,1,423.48
4331,2023-05-16,13,4,2,0,Standard,Corporate,India,74.85,0,0,2,0,299.4
4332,2023-07-17,52,4,2,1,Standard,OTA,India,81.31,0,2,2,1,325.24
4333,2024-09-20,26,3,3,0,Deluxe,OTA,UK,142.72,0,1,0,0,428.16
4334,2024-10-14,14,5,2,0,Standard,Direct,India,83.55,1,0,0,1,0.0
4335,2024-10-31,36,3,2,0,Suite,Travel Agent,Singapore,150.54,0,1,1,1,451.62
4336,2023-11-07,41,5,2,0,Suite,Travel Agent,UAE,285.37,0,1,0,1,1426.85
4337,2024-07-06,44,2,2,1,Suite,Corporate,UK,300.33,0,1,0,0,600.66
4338,2023-08-28,35,2,1,1,Deluxe,Direct,India,150.84,1,0,1,0,0.0
4339,2024-06-24,31,3,2,0,Standard,Travel Agent,Germany,76.7,0,1,2,0,230.1
4340,2024-01-02,74,5,4,0,Deluxe,OTA,Singapore,195.62,0,2,1,1,978.1
4341,2023-02-07,13,4,1,1,Deluxe,OTA,Germany,144.7,0,1,2,0,578.8
4342,2023-11-01,28,5,2,0,Standard,Corporate,UK,122.82,0,1,0,0,614.1
4343,2023-12-08,5,3,3,0,Standard,Corporate,UAE,115.88,0,1,1,0,347.64
4344,2023-07-07,25,3,2,0,Standard,OTA,USA,112.68,0,1,0,1,338.04
4345,2023-10-01,38,3,2,1,Deluxe,Direct,India,136.41,0,2,0,0,409.23
4346,2024-01-02,58,3,1,0,Standard,OTA,Australia,94.1,0,0,2,0,282.3
4347,2023-02-06,5,6,1,0,Deluxe,Direct,India,112.45,0,1,0,0,674.7
4348,2023-04-21,37,3,2,0,Executive,OTA,India,353.31,0,0,1,0,1059.93
4349,2024-07-13,107,2,2,1,Standard,Travel Agent,Australia,121.47,0,0,0,1,242.94
4350,2023-09-14,47,4,2,0,Standard,OTA,UAE,92.35,0,0,1,1,369.4
4351,2024-03-20,11,3,2,0,Deluxe,OTA,UK,129.23,0,2,0,1,387.69
4352,2024-02-18,25,7,2,0,Deluxe,Direct,India,137.26,0,0,3,1,960.82
4353,2024-02-07,48,5,1,2,Executive,Direct,Germany,296.52,1,2,0,0,0.0
4354,2023-10-29,20,2,2,0,Deluxe,OTA,USA,166.92,0,1,0,0,333.84
4355,2023-12-19,40,1,2,0,Standard,Direct,USA,129.03,1,1,1,0,0.0
4356,2024-08-24,38,5,2,0,Standard,OTA,India,126.0,0,0,0,0,630.0
4357,2024-12-05,31,3,2,0,Standard,Direct,USA,121.98,0,0,0,1,365.94
4358,2023-07-07,10,2,2,1,Deluxe,OTA,India,208.71,0,1,2,0,417.42
4359,2024-05-03,18,4,2,0,Standard,OTA,India,92.81,1,1,1,0,0.0
4360,2024-12-08,114,6,2,0,Suite,OTA,USA,353.1,1,1,0,1,0.0
4361,2023-01-06,24,1,2,0,Deluxe,OTA,Germany,227.5,0,0,0,1,227.5
4362,2024-07-26,26,4,2,0,Deluxe,Corporate,India,190.49,0,0,1,0,761.96
4363,2023-12-29,26,2,1,0,Standard,Direct,India,137.12,0,2,2,0,274.24
4364,2024-12-07,57,6,2,1,Standard,Corporate,Australia,115.14,0,0,0,1,690.84
4365,2024-02-27,27,2,2,0,Standard,Corporate,Germany,93.43,1,1,1,0,0.0
4366,2024-09-03,32,4,1,0,Standard,Corporate,UK,75.21,0,0,1,0,300.84
4367,2023-05-02,37,4,1,0,Deluxe,Corporate,UAE,147.35,0,1,1,0,589.4
4368,2023-04-14,62,2,3,1,Deluxe,Travel Agent,India,147.89,0,0,2,0,295.78
4369,2024-11-07,32,5,2,1,Executive,Direct,UAE,379.07,0,1,1,0,1895.35
4370,2024-01-20,35,2,3,2,Deluxe,Direct,Australia,153.54,0,0,0,1,307.08
4371,2024-02-12,21,3,2,0,Standard,OTA,USA,77.91,1,2,0,0,0.0
4372,2023-05-05,41,1,3,0,Standard,OTA,Germany,78.23,0,1,1,1,78.23
4373,2023-06-15,49,3,2,0,Executive,Travel Agent,UK,320.14,0,2,1,0,960.42
4374,2024-08-20,52,3,2,0,Standard,Direct,India,101.87,1,2,1,0,0.0
4375,2023-08-10,103,4,1,0,Standard,OTA,India,78.51,0,1,4,1,314.04
4376,2024-03-02,17,3,2,0,Executive,OTA,India,395.94,0,0,2,0,1187.82
4377,2023-08-20,33,4,2,0,Standard,OTA,Singapore,143.79,0,0,2,1,575.16
4378,2023-07-12,27,2,1,0,Deluxe,OTA,Singapore,146.96,1,2,0,0,0.0
4379,2023-05-02,91,4,1,0,Standard,Direct,India,91.56,1,0,1,0,0.0
4380,2024-11-09,53,2,2,0,Deluxe,Corporate,India,167.99,0,1,1,0,335.98
4381,2024-11-17,7,2,1,0,Standard,Travel Agent,Singapore,130.16,0,0,5,1,260.32
4382,2023-03-26,19,2,2,0,Suite,Direct,UK,263.78,0,0,1,0,527.56
4383,2023-09-15,25,5,2,0,Standard,Travel Agent,Germany,125.95,0,0,0,0,629.75
4384,2024-02-16,8,3,3,0,Standard,Direct,India,87.89,0,1,0,0,263.67
4385,2023-10-07,35,2,2,0,Suite,OTA,India,267.03,0,2,1,0,534.06
4386,2024-06-10,21,2,2,0,Deluxe,OTA,India,152.55,0,1,0,0,305.1
4387,2023-07-09,106,4,2,0,Standard,OTA,UAE,105.48,1,0,1,0,0.0
4388,2023-02-12,40,3,2,0,Standard,OTA,Australia,90.47,0,0,2,0,271.41
4389,2023-09-03,24,5,2,1,Deluxe,OTA,Germany,146.12,0,2,2,1,730.6
4390,2024-03-12,14,2,2,1,Executive,Travel Agent,USA,277.2,0,1,4,0,554.4
4391,2023-05-12,31,2,1,0,Deluxe,OTA,India,154.31,0,2,1,0,308.62
4392,2024-08-18,86,4,2,0,Deluxe,OTA,Australia,160.12,1,2,2,0,0.0
4393,2023-01-09,28,3,2,0,Standard,OTA,USA,102.82,0,0,0,0,308.46
4394,2023-02-19,31,3,2,0,Deluxe,Corporate,USA,183.97,0,3,1,1,551.91
4395,2024-01-07,68,4,3,1,Executive,OTA,India,459.27,0,2,0,0,1837.08
4396,2024-01-09,40,7,2,2,Standard,Corporate,UAE,119.49,1,1,0,0,0.0
4397,2023-08-04,57,5,2,0,Standard,OTA,India,109.39,0,0,0,0,546.95
4398,2023-07-08,42,4,2,1,Standard,OTA,India,120.58,1,0,1,1,0.0
4399,2023-02-20,41,7,2,0,Deluxe,Direct,UAE,127.27,0,0,1,0,890.89
4400,2024-04-28,7,7,3,1,Suite,Travel Agent,UAE,174.5,0,2,0,1,1221.5
4401,2023-10-04,12,7,2,0,Deluxe,OTA,India,129.52,0,0,2,1,906.64
4402,2023-03-28,37,2,2,0,Suite,Travel Agent,India,193.56,0,0,3,0,387.12
4403,2023-10-19,15,3,3,1,Suite,OTA,India,212.08,0,2,2,0,636.24
4404,2024-11-15,31,3,1,0,Executive,Direct,India,504.22,0,2,0,1,1512.66
4405,2023-07-10,11,6,2,2,Deluxe,OTA,India,190.0,0,1,2,0,1140.0
4406,2024-10-15,68,4,1,0,Standard,OTA,USA,66.48,1,0,0,0,0.0
4407,2023-07-08,17,4,2,2,Deluxe,OTA,India,174.26,0,0,2,0,697.04
4408,2023-05-16,14,2,2,1,Suite,OTA,UK,220.45,0,2,2,0,440.9
4409,2023-07-10,9,6,1,0,Standard,OTA,UK,96.56,0,0,0,1,579.36
4410,2023-08-24,51,3,1,0,Standard,OTA,Singapore,96.64,0,0,1,0,289.92
4411,2023-03-30,31,4,1,1,Deluxe,Direct,UK,138.79,0,1,1,1,555.16
4412,2024-03-04,66,4,3,0,Standard,OTA,Germany,75.8,1,0,3,1,0.0
4413,2023-09-01,21,2,2,0,Deluxe,Direct,Australia,145.94,1,1,1,1,0.0
4414,2024-06-08,12,3,2,0,Deluxe,OTA,USA,187.89,0,1,3,0,563.67
4415,2023-12-25,30,3,2,0,Executive,OTA,India,371.04,1,2,0,1,0.0
4416,2023-11-20,75,5,2,0,Deluxe,Direct,India,163.05,0,0,2,1,815.25
4417,2023-12-10,7,2,1,0,Standard,Corporate,UAE,123.21,0,0,3,0,246.42
4418,2023-04-25,39,3,3,0,Deluxe,OTA,India,120.78,0,0,1,0,362.34
4419,2024-06-04,42,4,2,0,Standard,OTA,India,84.74,0,1,0,1,338.96
4420,2023-03-18,83,1,2,0,Standard,OTA,India,79.91,0,0,1,0,79.91
4421,2024-06-10,16,5,3,0,Suite,OTA,India,262.62,0,2,2,0,1313.1
4422,2024-12-30,6,1,1,0,Deluxe,Travel Agent,India,204.36,0,0,1,1,204.36
4423,2024-07-11,23,3,2,0,Deluxe,OTA,Australia,163.35,0,1,1,0,490.05
4424,2023-11-29,56,3,3,0,Deluxe,Travel Agent,India,155.45,0,1,0,0,466.35
4425,2023-08-18,32,6,2,2,Deluxe,Direct,India,212.73,0,1,0,1,1276.38
4426,2024-09-28,45,2,2,0,Suite,Direct,Australia,237.78,0,0,0,1,475.56
4427,2023-07-07,13,3,4,1,Standard,OTA,Germany,131.43,0,0,2,0,394.29
4428,2023-12-19,26,3,3,0,Standard,OTA,Australia,107.04,0,0,1,0,321.12
4429,2024-07-16,33,7,3,1,Standard,Direct,Australia,99.07,0,1,3,1,693.49
4430,2024-11-04,8,1,1,0,Suite,OTA,USA,283.97,0,0,1,0,283.97
4431,2024-11-03,33,6,3,2,Executive,OTA,India,449.06,0,0,2,0,2694.36
4432,2023-03-06,24,4,2,0,Executive,Corporate,Germany,349.76,0,1,0,0,1399.04
4433,2024-10-17,162,5,2,1,Standard,Direct,India,78.28,0,1,1,0,391.4
4434,2023-03-25,31,3,1,1,Executive,OTA,India,384.04,0,2,1,0,1152.12
4435,2024-03-02,86,3,2,1,Suite,Direct,Germany,254.43,0,0,1,0,763.29
4436,2024-11-09,45,3,1,0,Standard,Corporate,India,122.47,0,0,1,1,367.41
4437,2024-04-23,29,5,3,0,Deluxe,Direct,India,139.73,0,0,1,0,698.65
4438,2024-11-22,78,5,2,0,Executive,Direct,UK,459.15,0,2,0,0,2295.75
4439,2023-09-09,11,5,2,1,Deluxe,OTA,India,135.37,0,2,1,1,676.85
4440,2023-08-18,22,3,1,2,Executive,Direct,India,376.32,0,0,1,0,1128.96
4441,2023-08-27,58,4,2,2,Deluxe,OTA,UAE,191.87,0,1,2,0,767.48
4442,2023-09-17,3,4,2,0,Standard,Direct,India,67.61,0,1,2,1,270.44
4443,2024-05-13,31,4,3,1,Standard,OTA,Australia,83.61,0,1,0,1,334.44
4444,2023-11-27,30,2,2,0,Standard,Direct,India,89.37,0,0,1,0,178.74
4445,2024-06-22,38,3,1,0,Deluxe,OTA,India,183.17,0,0,1,0,549.51
4446,2023-10-31,27,3,2,0,Standard,Direct,Australia,92.85,0,0,1,1,278.55
4447,2023-08-13,57,2,2,0,Standard,Direct,India,98.69,0,0,0,0,197.38
4448,2023-05-19,17,5,2,0,Executive,Travel Agent,Australia,366.69,0,1,0,0,1833.45
4449,2024-02-07,62,3,2,0,Standard,Corporate,Germany,90.79,0,0,1,0,272.37
4450,2024-10-17,13,2,1,0,Standard,OTA,India,74.47,0,1,0,0,148.94
4451,2024-09-19,40,3,1,0,Executive,OTA,UK,276.71,1,2,2,0,0.0
4452,2023-07-04,72,9,2,0,Executive,OTA,India,376.2,0,0,1,0,3385.8
4453,2023-12-15,15,5,2,0,Suite,Travel Agent,Australia,392.78,0,0,1,0,1963.9
4454,2024-05-29,19,3,1,0,Standard,OTA,Singapore,101.91,0,4,0,1,305.73
4455,2024-03-23,64,2,2,0,Standard,OTA,India,83.83,0,1,1,1,167.66
4456,2023-02-19,36,3,2,0,Suite,Travel Agent,Singapore,272.66,1,1,0,0,0.0
4457,2024-03-07,6,6,1,0,Suite,OTA,India,207.32,0,1,1,0,1243.92
4458,2023-01-29,37,2,1,1,Deluxe,OTA,UK,174.48,0,1,1,1,348.96
4459,2023-03-27,50,7,2,1,Standard,OTA,India,77.76,0,0,1,0,544.32
4460,2024-04-22,65,1,2,0,Deluxe,Travel Agent,India,126.4,0,0,0,1,126.4
4461,2023-03-16,40,2,1,0,Deluxe,OTA,India,131.35,1,0,0,1,0.0
4462,2023-09-05,46,1,4,0,Suite,OTA,USA,231.05,0,1,2,0,231.05
4463,2024-03-05,92,3,2,1,Standard,OTA,India,82.23,0,0,0,0,246.69
4464,2024-04-23,60,4,2,0,Standard,OTA,USA,91.66,0,1,3,0,366.64
4465,2023-11-22,26,4,4,0,Standard,OTA,Singapore,132.34,0,0,1,0,529.36
4466,2023-03-10,28,5,2,1,Suite,OTA,Germany,253.47,0,2,0,0,1267.35
4467,2024-08-06,70,3,2,0,Suite,Direct,USA,248.41,0,1,1,0,745.23
4468,2024-11-24,39,5,2,1,Standard,Travel Agent,USA,121.23,1,1,1,0,0.0
4469,2024-10-10,35,2,1,1,Deluxe,Direct,Australia,126.4,0,0,1,0,252.8
4470,2024-06-30,25,6,2,0,Deluxe,Corporate,UK,166.67,0,0,0,0,1000.02
4471,2023-10-21,68,1,1,2,Standard,Corporate,USA,75.45,0,1,3,1,75.45
4472,2024-10-01,16,3,3,0,Suite,Corporate,India,184.42,0,1,1,0,553.26
4473,2023-12-23,22,5,2,0,Deluxe,Direct,Singapore,218.38,0,2,1,1,1091.9
4474,2023-04-10,68,3,2,0,Suite,Direct,USA,239.8,0,0,2,0,719.4
4475,2024-09-12,68,3,2,1,Deluxe,OTA,India,135.08,0,0,1,0,405.24
4476,2023-08-22,129,4,3,0,Suite,Direct,Australia,256.33,0,1,1,1,1025.32
4477,2024-11-16,31,6,1,0,Standard,Corporate,UAE,116.67,0,1,1,0,700.02
4478,2023-09-26,25,5,2,0,Standard,OTA,Australia,66.82,0,1,1,1,334.1
4479,2024-09-26,28,2,1,0,Standard,Corporate,India,73.75,0,0,1,1,147.5
4480,2024-01-28,7,4,1,0,Standard,Corporate,Singapore,113.29,0,2,1,0,453.16
4481,2023-12-08,4,2,2,0,Deluxe,Corporate,Australia,167.57,0,1,2,1,335.14
4482,2023-08-05,39,3,2,0,Suite,Direct,UK,311.53,0,4,1,0,934.59
4483,2024-09-02,24,5,1,0,Deluxe,Corporate,Singapore,118.47,0,0,0,0,592.35
4484,2023-02-14,17,3,2,0,Suite,Direct,USA,221.07,0,1,1,0,663.21
4485,2023-12-09,35,2,2,0,Standard,Travel Agent,USA,102.15,0,1,1,1,204.3
4486,2023-09-27,40,3,3,1,Standard,Travel Agent,UK,85.64,0,1,1,0,256.92
4487,2024-02-01,29,3,2,0,Standard,Direct,Germany,84.12,0,0,2,0,252.36
4488,2023-07-05,30,2,3,0,Suite,OTA,UAE,247.74,0,0,0,0,495.48
4489,2024-04-30,24,1,3,0,Standard,OTA,Australia,93.18,0,1,3,0,93.18
4490,2023-10-09,53,4,3,0,Standard,OTA,USA,79.22,0,1,1,0,316.88
4491,2023-05-18,21,1,1,0,Standard,Travel Agent,UK,81.3,0,0,1,0,81.3
4492,2023-05-24,14,4,1,1,Standard,Direct,USA,65.0,0,0,0,0,260.0
4493,2024-05-23,23,2,2,0,Standard,OTA,Germany,72.49,1,0,1,0,0.0
4494,2023-07-11,38,2,2,0,Deluxe,Travel Agent,UAE,143.82,0,0,2,0,287.64
4495,2023-08-13,55,3,3,0,Suite,Direct,Singapore,332.09,0,0,3,1,996.27
4496,2024-04-02,104,3,2,1,Standard,OTA,Singapore,89.25,0,0,2,0,267.75
4497,2023-08-29,35,2,3,0,Standard,OTA,UK,89.43,0,1,0,1,178.86
4498,2023-10-11,87,1,2,0,Deluxe,Corporate,India,132.66,0,1,0,0,132.66
4499,2023-06-28,20,2,3,1,Standard,Corporate,UK,105.87,0,1,1,1,211.74
4500,2023-09-10,17,3,1,1,Standard,OTA,UK,88.25,1,1,1,0,0.0
4501,2024-05-20,44,3,2,0,Suite,OTA,India,181.4,0,0,0,1,544.2
4502,2024-01-25,49,2,3,0,Standard,OTA,India,117.21,0,0,2,0,234.42
4503,2024-12-29,37,1,2,0,Suite,OTA,Australia,358.96,0,1,0,1,358.96
4504,2024-07-17,164,3,2,1,Deluxe,Travel Agent,USA,161.45,0,0,0,1,484.35
4505,2023-01-13,20,4,2,0,Suite,OTA,Australia,380.88,0,1,0,0,1523.52
4506,2023-10-04,77,2,3,2,Standard,Direct,India,90.0,0,1,1,1,180.0
4507,2023-07-31,17,6,2,0,Deluxe,OTA,Singapore,167.63,0,0,2,0,1005.78
4508,2024-03-04,52,7,3,0,Deluxe,OTA,UAE,111.73,0,0,0,0,782.11
4509,2023-07-13,34,5,2,0,Suite,Travel Agent,UAE,216.08,0,0,2,1,1080.4
4510,2024-12-06,39,5,2,1,Standard,OTA,UK,129.42,0,0,1,0,647.1
4511,2023-08-07,45,4,2,0,Deluxe,OTA,USA,157.22,0,1,1,0,628.88
4512,2024-01-17,35,4,2,0,Deluxe,OTA,UAE,178.46,0,1,2,0,713.84
4513,2023-03-31,30,1,2,0,Standard,OTA,India,110.67,1,1,0,0,0.0
4514,2024-10-26,6,2,1,0,Standard,OTA,USA,102.13,0,0,2,1,204.26
4515,2024-10-27,61,2,2,0,Executive,OTA,Singapore,337.37,0,0,1,0,674.74
4516,2024-08-02,11,7,2,0,Deluxe,Travel Agent,Australia,163.55,0,0,0,0,1144.85
4517,2023-09-14,24,7,1,1,Deluxe,Travel Agent,Singapore,140.06,1,2,0,0,0.0
4518,2023-02-12,41,3,2,0,Deluxe,OTA,Germany,157.8,0,0,0,0,473.4
4519,2024-06-03,13,1,2,1,Standard,OTA,Germany,93.52,0,0,0,1,93.52
4520,2023-11-10,30,3,2,0,Standard,OTA,Australia,83.42,0,1,0,0,250.26
4521,2024-12-23,57,6,4,0,Deluxe,OTA,UAE,155.31,0,2,2,1,931.86
4522,2024-05-24,24,3,2,0,Deluxe,Corporate,India,164.7,1,2,0,0,0.0
4523,2024-01-29,30,3,4,0,Deluxe,Travel Agent,UK,148.29,0,0,0,0,444.87
4524,2024-12-21,15,2,2,0,Standard,Corporate,India,132.83,0,1,0,1,265.66
4525,2024-08-07,26,5,2,0,Deluxe,OTA,India,164.31,0,1,1,0,821.55
4526,2023-12-01,11,3,2,0,Deluxe,Travel Agent,UAE,177.82,1,1,1,0,0.0
4527,2023-01-14,38,5,1,1,Standard,OTA,Australia,137.61,0,2,2,0,688.05
4528,2023-03-09,9,3,4,0,Deluxe,Direct,India,128.76,0,0,0,0,386.28
4529,2023-11-20,20,3,2,2,Standard,OTA,UAE,106.08,0,1,2,0,318.24
4530,2024-02-15,34,5,1,1,Standard,OTA,USA,68.96,0,2,0,1,344.8
4531,2023-01-23,28,5,2,0,Suite,Travel Agent,Germany,343.25,1,1,1,1,0.0
4532,2023-04-03,43,6,1,0,Standard,Travel Agent,UK,68.56,0,1,0,0,411.36
4533,2024-05-29,30,6,1,2,Suite,Corporate,UK,188.23,0,2,1,0,1129.38
4534,2024-07-02,6,2,1,0,Deluxe,Travel Agent,USA,158.65,0,0,0,0,317.3
4535,2023-01-22,12,6,3,0,Standard,OTA,India,109.59,0,1,2,0,657.54
4536,2024-01-06,33,2,1,0,Suite,Direct,USA,426.31,0,0,1,0,852.62
4537,2023-03-01,67,3,2,0,Standard,Direct,UAE,70.51,0,1,2,1,211.53
4538,2024-06-12,59,2,2,1,Standard,Direct,India,105.14,0,0,2,0,210.28
4539,2024-08-31,161,2,3,0,Standard,OTA,USA,132.17,0,1,0,1,264.34
4540,2024-09-26,22,5,3,0,Deluxe,Corporate,UK,141.16,1,0,1,0,0.0
4541,2024-03-12,55,5,3,0,Standard,Travel Agent,India,72.75,1,2,2,0,0.0
4542,2024-04-04,53,3,2,1,Standard,OTA,India,83.3,0,0,0,0,249.9
4543,2024-11-07,89,4,2,1,Suite,Direct,India,345.3,0,1,1,0,1381.2
4544,2024-03-23,74,5,3,0,Suite,OTA,Australia,207.49,0,1,0,1,1037.45
4545,2023-11-22,40,7,1,0,Executive,Travel Agent,Australia,458.34,0,1,0,1,3208.38
4546,2024-07-04,49,5,1,0,Standard,OTA,India,101.66,0,0,3,0,508.3
4547,2024-03-07,43,1,3,0,Suite,Direct,UAE,269.9,1,2,1,0,0.0
4548,2024-09-06,32,5,1,0,Suite,OTA,USA,266.01,0,1,1,1,1330.05
4549,2024-01-19,47,2,2,1,Standard,Direct,USA,126.47,1,0,1,0,0.0
4550,2024-09-26,37,3,1,1,Standard,OTA,USA,86.56,1,2,0,0,0.0
4551,2023-02-02,36,2,1,0,Standard,Corporate,USA,68.1,0,0,1,0,136.2
4552,2023-01-27,92,6,4,0,Suite,Direct,UAE,308.12,0,1,2,1,1848.72
4553,2023-03-14,40,3,1,2,Deluxe,Direct,India,131.08,0,0,1,0,393.24
4554,2024-02-11,35,2,2,0,Standard,OTA,India,86.22,0,1,0,0,172.44
4555,2024-06-01,29,3,2,0,Standard,Direct,USA,102.3,1,1,2,0,0.0
4556,2023-06-07,27,4,2,0,Suite,Travel Agent,India,328.56,0,0,0,0,1314.24
4557,2023-04-24,12,2,2,0,Deluxe,Direct,Singapore,157.99,0,0,0,0,315.98
4558,2024-09-20,32,4,2,0,Suite,Direct,India,175.84,0,0,1,0,703.36
4559,2024-07-01,69,5,2,0,Standard,OTA,India,96.46,0,2,0,1,482.3
4560,2024-04-18,21,3,2,0,Executive,Travel Agent,USA,257.1,0,0,0,0,771.3
4561,2023-12-23,118,3,1,0,Standard,OTA,India,141.35,0,0,0,0,424.05
4562,2023-11-03,3,6,2,0,Standard,Direct,UAE,127.52,0,0,1,0,765.12
4563,2023-01-15,46,5,3,0,Executive,OTA,UAE,547.64,0,0,1,1,2738.2
4564,2023-05-18,38,3,3,0,Standard,Direct,UAE,71.73,0,2,3,0,215.19
4565,2024-10-16,91,3,1,0,Deluxe,Direct,India,115.18,0,2,1,0,345.54
4566,2023-09-05,19,2,3,0,Standard,OTA,Australia,77.9,1,1,1,0,0.0
4567,2024-05-29,11,3,3,0,Deluxe,Corporate,India,120.68,0,0,0,0,362.04
4568,2024-05-28,28,3,3,2,Standard,Corporate,USA,79.11,0,0,1,0,237.33
4569,2023-08-14,24,3,3,0,Standard,Travel Agent,Singapore,109.67,0,1,2,0,329.01
4570,2023-05-30,7,2,4,1,Standard,Travel Agent,USA,84.49,0,2,1,0,168.98
4571,2024-05-19,35,1,1,1,Executive,OTA,Singapore,332.73,0,1,0,1,332.73
4572,2023-03-10,23,4,2,0,Executive,Corporate,UAE,347.23,0,2,2,1,1388.92
4573,2023-12-28,80,5,4,0,Suite,Travel Agent,USA,240.6,1,1,1,0,0.0
4574,2024-10-10,35,3,2,0,Suite,OTA,UAE,168.44,0,1,2,0,505.32
4575,2024-06-03,17,6,2,1,Deluxe,Direct,Singapore,178.67,1,0,2,0,0.0
4576,2024-07-11,32,4,2,0,Standard,Travel Agent,Germany,87.23,0,0,1,0,348.92
4577,2023-03-02,37,5,1,0,Standard,Corporate,India,93.77,1,0,2,0,0.0
4578,2023-05-26,49,2,4,0,Suite,OTA,Germany,243.7,0,1,0,0,487.4
4579,2023-07-20,33,3,2,0,Deluxe,OTA,India,158.51,0,2,0,1,475.53
4580,2023-08-02,114,5,2,0,Standard,OTA,India,105.57,0,0,0,0,527.85
4581,2023-05-22,12,6,1,0,Standard,Travel Agent,USA,89.1,0,0,1,0,534.6
4582,2024-12-10,23,3,4,0,Executive,Corporate,UK,380.01,0,0,2,1,1140.03
4583,2023-05-01,17,3,2,0,Standard,OTA,India,80.68,0,1,0,0,242.04
4584,2024-05-31,25,6,3,1,Standard,Direct,Germany,91.8,1,0,0,1,0.0
4585,2024-03-04,41,2,2,1,Deluxe,Direct,India,135.9,0,2,1,0,271.8
4586,2024-03-21,39,2,4,0,Deluxe,Travel Agent,India,133.01,0,1,0,0,266.02
4587,2023-06-06,48,2,2,0,Standard,OTA,USA,87.59,0,1,0,0,175.18
4588,2023-08-13,35,7,3,1,Deluxe,Travel Agent,UK,182.62,0,1,0,0,1278.34
4589,2024-03-18,37,5,2,0,Standard,Direct,India,65.95,0,0,0,1,329.75
4590,2023-08-07,36,7,1,0,Standard,Direct,Australia,96.04,1,0,0,1,0.0
4591,2024-05-21,23,3,2,0,Deluxe,OTA,India,131.85,0,1,3,0,395.55
4592,2023-01-29,22,6,2,0,Executive,OTA,UK,410.95,1,0,2,1,0.0
4593,2023-02-23,17,5,2,0,Suite,Corporate,Germany,212.56,0,0,1,0,1062.8
4594,2024-06-15,50,2,2,1,Standard,Direct,Germany,103.6,0,0,0,1,207.2
4595,2024-03-26,4,3,1,1,Standard,Travel Agent,UK,75.25,0,1,3,1,225.75
4596,2023-02-01,36,3,3,0,Deluxe,Corporate,India,141.82,0,0,0,0,425.46
4597,2024-10-18,56,4,2,1,Standard,Travel Agent,India,97.1,0,1,1,1,388.4
4598,2023-01-04,66,5,2,2,Standard,Corporate,USA,120.46,0,0,0,1,602.3
4599,2024-11-28,2,4,2,0,Standard,Direct,Singapore,134.93,0,2,1,0,539.72
4600,2024-06-16,24,2,2,1,Standard,OTA,India,124.94,0,2,0,0,249.88
4601,2024-12-22,18,2,2,1,Deluxe,OTA,Australia,164.62,0,1,0,0,329.24
4602,2024-11-23,23,4,1,0,Standard,Corporate,Germany,114.43,1,2,1,1,0.0
4603,2023-08-17,75,2,4,2,Standard,Travel Agent,Singapore,111.46,0,1,2,0,222.92
4604,2024-07-06,18,4,2,2,Standard,Travel Agent,India,105.17,0,3,2,1,420.68
4605,2023-06-03,56,2,2,0,Deluxe,OTA,India,169.47,1,2,0,0,0.0
4606,2023-12-11,37,2,2,0,Standard,OTA,India,112.33,0,0,0,0,224.66
4607,2023-06-25,22,3,2,0,Standard,Corporate,USA,106.63,0,0,0,1,319.89
4608,2023-12-21,20,7,2,0,Standard,Direct,Australia,130.15,0,3,1,0,911.05
4609,2024-09-28,39,2,2,0,Standard,Direct,Australia,90.22,0,2,1,0,180.44
4610,2023-11-15,31,6,3,0,Suite,OTA,India,382.96,0,0,1,0,2297.76
4611,2023-03-09,7,2,1,0,Standard,Corporate,Germany,74.62,0,0,2,0,149.24
4612,2023-08-25,15,3,3,0,Deluxe,OTA,Germany,165.25,0,0,1,1,495.75
4613,2024-07-28,40,3,4,0,Deluxe,OTA,USA,161.42,0,0,1,0,484.26
4614,2024-01-16,11,3,4,0,Deluxe,Corporate,USA,158.93,0,0,1,0,476.79
4615,2024-02-13,61,3,1,2,Deluxe,Direct,Australia,141.29,0,3,0,0,423.87
4616,2023-11-11,8,2,2,0,Standard,Travel Agent,Australia,104.17,0,0,0,0,208.34
4617,2023-08-02,27,3,4,0,Standard,Travel Agent,Singapore,84.43,0,0,1,0,253.29
4618,2024-03-12,51,4,2,0,Standard,OTA,UK,84.99,0,0,1,0,339.96
4619,2024-04-07,14,3,1,0,Standard,OTA,USA,68.04,0,1,1,0,204.12
4620,2024-10-17,10,4,3,0,Standard,OTA,Germany,65.86,0,1,2,1,263.44
4621,2024-03-26,45,2,3,0,Deluxe,OTA,India,129.19,0,2,2,0,258.38
4622,2024-12-27,57,3,2,0,Standard,Direct,Australia,130.28,0,2,1,1,390.84
4623,2024-08-26,28,3,2,0,Executive,OTA,India,345.48,0,0,1,0,1036.44
4624,2023-02-27,24,2,2,1,Standard,Direct,USA,84.18,0,0,1,1,168.36
4625,2023-10-14,8,3,2,0,Standard,Corporate,UAE,82.5,0,1,0,1,247.5
4626,2023-10-08,34,4,2,1,Deluxe,OTA,India,176.66,1,0,0,1,0.0
4627,2023-01-03,5,3,2,0,Suite,Direct,India,329.47,0,2,0,0,988.41
4628,2023-05-12,76,3,2,0,Deluxe,OTA,India,134.89,0,1,2,0,404.67
4629,2024-07-10,29,1,1,0,Deluxe,OTA,India,152.47,0,0,0,0,152.47
4630,2023-09-15,15,1,3,0,Standard,Direct,India,70.31,0,1,0,0,70.31
4631,2023-04-18,20,4,2,1,Executive,OTA,India,333.47,1,2,2,0,0.0
4632,2023-07-29,36,3,1,0,Deluxe,OTA,UAE,151.86,0,2,0,0,455.58
4633,2023-07-20,23,3,3,0,Standard,OTA,USA,89.79,1,4,0,1,0.0
4634,2023-05-08,32,2,2,1,Deluxe,OTA,India,125.43,1,2,2,0,0.0
4635,2023-03-15,13,3,3,0,Standard,Direct,India,66.79,0,0,2,1,200.37
4636,2024-07-11,67,4,2,0,Standard,Travel Agent,UAE,86.4,0,0,3,1,345.6
4637,2024-08-24,20,3,2,0,Deluxe,OTA,India,187.42,0,0,0,1,562.26
4638,2023-12-29,4,3,1,1,Deluxe,OTA,USA,189.76,0,0,0,0,569.28
4639,2024-03-25,24,5,1,1,Executive,OTA,UK,331.38,0,1,2,0,1656.9
4640,2024-11-02,18,2,2,0,Standard,Travel Agent,Singapore,135.25,0,0,0,0,270.5
4641,2024-09-07,64,2,2,0,Deluxe,OTA,India,134.27,0,0,1,0,268.54
4642,2023-01-24,15,1,2,0,Deluxe,Direct,India,165.95,0,1,0,0,165.95
4643,2024-11-26,22,2,1,0,Standard,OTA,India,102.13,0,0,0,0,204.26
4644,2023-02-18,37,2,3,0,Deluxe,Travel Agent,Australia,142.25,0,1,0,1,284.5
4645,2023-01-20,48,2,4,0,Suite,Direct,UK,402.0,0,1,0,0,804.0
4646,2023-10-22,79,2,1,0,Deluxe,Direct,UAE,152.94,1,0,0,1,0.0
4647,2024-06-28,16,4,3,0,Deluxe,Travel Agent,USA,143.68,0,0,0,0,574.72
4648,2023-02-28,73,4,2,0,Deluxe,OTA,USA,119.78,1,2,2,0,0.0
4649,2023-08-02,62,4,2,0,Suite,Direct,Singapore,249.36,0,0,1,0,997.44
4650,2023-07-11,18,5,2,0,Standard,OTA,India,100.88,0,0,1,0,504.4
4651,2023-10-18,16,2,2,0,Standard,Direct,India,97.3,0,1,0,1,194.6
4652,2024-12-20,43,7,1,1,Deluxe,OTA,Singapore,220.89,0,0,0,0,1546.23
4653,2023-08-30,31,3,2,0,Standard,Travel Agent,India,94.82,0,2,0,0,284.46
4654,2023-06-02,42,3,2,0,Suite,Direct,India,272.61,0,0,0,0,817.83
4655,2023-03-31,25,3,1,1,Standard,OTA,India,107.69,0,2,0,0,323.07
4656,2023-05-25,34,3,2,0,Standard,OTA,Germany,77.15,1,2,0,0,0.0
4657,2023-04-08,29,1,2,1,Suite,Corporate,Singapore,209.87,0,1,0,0,209.87
4658,2024-02-23,42,3,2,1,Standard,OTA,UK,95.95,0,0,2,1,287.85
4659,2023-11-03,15,2,2,0,Standard,OTA,Singapore,105.78,0,0,1,0,211.56
4660,2023-12-30,36,2,1,0,Standard,OTA,India,134.03,0,0,1,1,268.06
4661,2024-08-30,78,4,3,0,Suite,OTA,UK,289.25,1,0,1,0,0.0
4662,2024-02-28,75,1,2,0,Standard,Corporate,UK,77.07,1,0,0,0,0.0
4663,2023-04-24,39,5,2,0,Deluxe,Travel Agent,India,87.17,0,0,2,1,435.85
4664,2023-10-03,15,4,2,0,Executive,Travel Agent,UK,338.79,0,2,0,0,1355.16
4665,2023-08-17,103,4,1,0,Deluxe,Corporate,USA,133.93,0,0,0,0,535.72
4666,2024-08-26,42,4,3,0,Standard,Direct,UAE,87.68,0,0,1,0,350.72
4667,2023-08-13,96,2,3,0,Standard,OTA,Germany,112.93,1,3,3,1,0.0
4668,2023-04-12,43,5,2,0,Deluxe,Corporate,India,127.72,0,0,2,0,638.6
4669,2024-06-21,2,3,2,0,Standard,Corporate,India,140.82,0,0,1,0,422.46
4670,2023-11-09,102,6,2,0,Deluxe,Direct,Australia,139.17,0,0,0,0,835.02
4671,2023-03-11,57,4,1,1,Deluxe,OTA,UAE,142.63,0,0,2,0,570.52
4672,2024-05-18,33,4,3,0,Deluxe,Direct,India,163.6,0,0,0,0,654.4
4673,2023-06-03,6,5,1,1,Deluxe,Travel Agent,USA,169.86,0,0,1,1,849.3
4674,2024-09-25,61,6,1,0,Deluxe,OTA,Germany,129.95,0,1,4,0,779.7
4675,2024-08-30,43,3,1,1,Standard,OTA,India,144.64,0,1,1,0,433.92
4676,2023-09-27,121,1,2,0,Standard,Corporate,India,80.63,1,1,0,0,0.0
4677,2024-02-10,90,3,3,0,Suite,Direct,USA,295.52,0,0,1,0,886.56
4678,2024-02-19,94,6,2,0,Suite,Corporate,India,237.15,0,2,1,0,1422.9
4679,2024-04-22,38,5,1,1,Standard,OTA,Singapore,87.08,0,2,1,0,435.4
4680,2023-02-20,37,3,1,0,Standard,Direct,India,78.1,0,1,2,1,234.3
4681,2023-08-26,43,3,2,0,Deluxe,Corporate,UAE,144.33,1,0,1,0,0.0
4682,2023-05-05,19,3,2,1,Standard,Corporate,UAE,104.01,0,2,1,0,312.03
4683,2024-05-24,33,2,2,0,Standard,Corporate,India,98.15,0,1,0,0,196.3
4684,2023-02-20,29,3,1,0,Standard,Travel Agent,India,85.14,0,0,1,0,255.42
4685,2024-01-13,72,4,2,0,Standard,OTA,India,121.96,1,2,1,0,0.0
4686,2024-06-15,82,2,2,0,Standard,OTA,USA,101.81,0,1,1,0,203.62
4687,2024-11-23,52,6,4,0,Standard,OTA,India,143.91,0,2,2,0,863.46
4688,2023-07-30,17,5,2,0,Standard,Direct,Singapore,114.73,0,1,3,1,573.65
4689,2023-01-06,106,3,2,0,Suite,Corporate,Germany,266.6,1,0,1,1,0.0
4690,2024-06-12,60,2,1,1,Suite,OTA,India,262.31,0,2,1,0,524.62
4691,2023-01-02,41,4,3,0,Standard,OTA,India,104.06,1,0,1,0,0.0
4692,2023-02-18,48,1,1,0,Standard,Travel Agent,India,63.0,0,1,1,1,63.0
4693,2024-12-24,10,1,2,0,Standard,OTA,Germany,98.31,0,1,0,1,98.31
4694,2024-09-21,29,7,2,1,Executive,OTA,Australia,452.48,1,1,0,1,0.0
4695,2024-05-31,76,2,2,1,Standard,Corporate,USA,65.95,0,0,3,1,131.9
4696,2024-09-01,9,3,2,2,Executive,OTA,UK,297.22,0,1,0,1,891.66
4697,2023-02-25,9,2,2,0,Deluxe,OTA,USA,105.85,0,1,0,0,211.7
4698,2023-03-06,61,4,1,1,Suite,Direct,Germany,178.21,1,0,1,0,0.0
4699,2023-08-08,46,5,2,0,Standard,OTA,Australia,74.82,0,2,1,0,374.1
4700,2023-01-18,9,4,3,0,Deluxe,OTA,India,150.55,1,0,1,1,0.0
4701,2024-10-10,27,2,1,0,Standard,Travel Agent,Australia,96.47,0,1,1,0,192.94
4702,2023-02-11,41,4,1,0,Deluxe,Direct,India,165.75,0,0,0,1,663.0
4703,2024-02-02,38,3,4,0,Deluxe,OTA,India,144.85,0,0,0,0,434.55
4704,2024-09-15,44,1,2,0,Suite,Direct,Australia,303.82,0,1,0,0,303.82
4705,2024-06-20,25,2,2,0,Deluxe,Corporate,USA,147.09,0,1,1,0,294.18
4706,2023-06-21,39,5,2,0,Executive,OTA,India,318.73,0,0,1,1,1593.65
4707,2023-12-10,52,2,2,1,Deluxe,Direct,India,191.34,0,0,2,1,382.68
4708,2024-02-05,49,2,2,0,Deluxe,Travel Agent,India,105.3,0,1,0,0,210.6
4709,2024-07-14,26,8,2,0,Standard,Corporate,India,85.41,0,1,0,0,683.28
4710,2023-11-08,55,5,2,0,Standard,Travel Agent,Singapore,116.55,1,0,0,1,0.0
4711,2023-07-28,15,4,2,0,Standard,Corporate,UAE,114.79,0,1,0,1,459.16
4712,2024-08-03,20,3,2,0,Standard,Travel Agent,USA,93.35,0,0,0,0,280.05
4713,2024-10-09,61,4,2,0,Standard,Corporate,Germany,84.49,1,0,1,0,0.0
4714,2023-12-23,54,4,2,1,Standard,OTA,India,131.76,0,1,2,1,527.04
4715,2023-01-21,28,3,2,2,Standard,OTA,India,115.19,0,0,2,0,345.57
4716,2024-01-01,20,4,3,0,Deluxe,Direct,India,155.43,0,1,0,0,621.72
4717,2024-10-11,22,5,1,0,Deluxe,Corporate,India,163.7,0,1,0,0,818.5
4718,2024-12-23,50,5,1,0,Executive,Corporate,India,426.76,0,1,2,1,2133.8
4719,2023-10-20,44,3,2,1,Standard,OTA,UK,111.21,0,1,2,0,333.63
4720,2023-04-20,19,4,2,0,Standard,OTA,India,84.19,0,1,1,0,336.76
4721,2024-02-22,54,3,1,0,Suite,Direct,India,173.2,0,1,0,1,519.6
4722,2024-08-29,27,2,4,0,Suite,Corporate,UK,215.46,0,2,0,1,430.92
4723,2024-11-20,15,7,2,0,Standard,Direct,UAE,105.18,0,0,0,0,736.26
4724,2023-02-07,24,3,2,0,Standard,OTA,Singapore,87.77,0,0,2,1,263.31
4725,2023-08-01,35,2,2,0,Suite,OTA,Australia,274.17,0,0,0,0,548.34
4726,2023-12-15,53,4,2,1,Executive,OTA,India,431.28,0,1,1,0,1725.12
4727,2023-03-13,50,3,2,0,Executive,Corporate,India,239.42,0,1,0,1,718.26
4728,2024-10-09,31,1,2,0,Standard,OTA,USA,94.1,0,0,0,0,94.1
4729,2023-03-23,38,3,2,1,Standard,OTA,USA,93.64,0,2,0,0,280.92
4730,2024-04-30,29,3,2,0,Standard,Direct,Australia,66.49,0,0,2,1,199.47
4731,2024-11-01,19,7,2,0,Deluxe,OTA,Germany,217.92,1,0,0,0,0.0
4732,2024-05-15,32,4,2,0,Standard,Direct,USA,82.45,0,0,0,1,329.8
4733,2024-07-11,6,4,1,0,Standard,OTA,Singapore,103.88,0,1,0,1,415.52
4734,2023-07-12,83,3,2,0,Executive,OTA,India,425.58,0,0,1,0,1276.74
4735,2024-08-27,38,4,1,0,Standard,Direct,UK,112.42,0,0,0,0,449.68
4736,2023-11-02,45,5,3,1,Standard,Corporate,UAE,114.56,0,0,2,0,572.8
4737,2023-02-14,19,2,2,0,Deluxe,OTA,USA,126.2,1,1,3,0,0.0
4738,2023-09-25,37,4,2,0,Executive,OTA,India,289.22,0,0,1,0,1156.88
4739,2023-09-13,42,3,2,0,Executive,Corporate,India,292.12,0,2,1,0,876.36
4740,2024-01-16,28,5,1,0,Standard,Travel Agent,India,143.38,1,0,1,0,0.0
4741,2023-07-13,29,2,2,0,Deluxe,Travel Agent,India,156.85,0,0,1,0,313.7
4742,2023-12-04,11,4,1,0,Executive,Direct,UAE,442.9,0,1,0,1,1771.6
4743,2023-11-09,100,4,2,0,Deluxe,OTA,India,184.26,0,0,1,0,737.04
4744,2023-08-27,19,3,1,1,Standard,Travel Agent,Australia,97.29,0,2,0,0,291.87
4745,2024-05-23,21,2,2,0,Deluxe,OTA,UK,137.45,0,1,0,0,274.9
4746,2023-08-12,86,6,1,0,Deluxe,OTA,USA,165.14,0,1,1,0,990.84
4747,2024-07-13,47,5,1,0,Deluxe,Corporate,India,159.02,0,1,1,0,795.1
4748,2023-07-03,53,3,2,0,Deluxe,OTA,India,167.12,0,3,1,0,501.36
4749,2024-09-23,10,2,2,0,Standard,Travel Agent,UK,67.86,0,1,0,0,135.72
4750,2023-09-24,37,3,1,0,Suite,Corporate,India,279.64,0,1,0,1,838.92
4751,2023-01-30,11,3,2,0,Standard,Travel Agent,Singapore,115.39,0,0,1,0,346.17
4752,2023-04-20,17,4,2,0,Standard,Direct,UAE,92.14,0,0,0,1,368.56
4753,2024-08-11,109,6,2,1,Standard,Travel Agent,India,116.76,0,3,1,0,700.56
4754,2024-09-28,14,1,2,0,Deluxe,Travel Agent,UK,132.36,0,0,1,1,132.36
4755,2023-06-04,51,4,1,0,Deluxe,OTA,Australia,203.39,1,0,1,1,0.0
4756,2024-03-15,16,3,1,0,Suite,OTA,Singapore,288.39,1,1,2,0,0.0
4757,2024-02-24,17,1,1,2,Suite,OTA,Singapore,280.13,0,1,2,0,280.13
4758,2023-04-08,152,2,4,0,Deluxe,OTA,Germany,162.65,1,0,0,1,0.0
4759,2023-11-26,31,4,1,0,Deluxe,Travel Agent,India,166.03,0,1,2,0,664.12
4760,2024-05-21,10,3,1,0,Deluxe,Corporate,UK,143.35,0,0,0,1,430.05
4761,2024-12-07,53,1,1,0,Standard,OTA,UAE,105.58,0,0,2,1,105.58
4762,2024-09-10,73,4,2,0,Deluxe,OTA,Germany,120.3,0,1,0,0,481.2
4763,2023-03-13,56,4,2,0,Deluxe,Travel Agent,Australia,117.03,0,0,0,0,468.12
4764,2023-06-23,29,4,2,0,Suite,Corporate,USA,246.45,1,1,3,0,0.0
4765,2023-11-15,30,5,2,2,Deluxe,OTA,India,179.24,0,0,1,0,896.2
4766,2023-04-20,22,4,2,0,Standard,OTA,USA,79.7,0,0,1,0,318.8
4767,2024-02-21,13,3,3,1,Executive,Corporate,Australia,347.82,0,0,0,1,1043.46
4768,2023-01-07,41,6,2,0,Executive,OTA,USA,533.11,0,2,0,0,3198.66
4769,2023-03-24,28,2,4,0,Standard,OTA,India,93.95,0,1,2,0,187.9
4770,2023-02-04,11,3,4,2,Executive,Corporate,USA,377.63,0,1,1,0,1132.89
4771,2023-08-04,31,2,1,1,Deluxe,Travel Agent,UAE,177.16,0,2,1,0,354.32
4772,2024-07-10,19,4,2,0,Standard,Direct,Singapore,94.73,1,2,0,1,0.0
4773,2023-05-10,40,4,2,0,Deluxe,Corporate,USA,131.96,0,1,0,0,527.84
4774,2024-12-21,37,3,3,0,Standard,Travel Agent,Germany,121.95,1,0,0,0,0.0
4775,2023-07-16,25,6,2,2,Deluxe,Corporate,India,183.97,0,1,0,1,1103.82
4776,2023-02-02,33,2,2,0,Suite,OTA,India,237.51,0,0,0,0,475.02
4777,2023-09-02,35,8,2,0,Standard,OTA,India,78.53,0,0,1,1,628.24
4778,2024-06-30,61,2,3,2,Standard,OTA,UAE,104.99,0,0,0,0,209.98
4779,2023-03-19,32,2,1,0,Standard,OTA,Australia,100.57,1,0,1,1,0.0
4780,2023-02-22,23,4,2,0,Standard,OTA,Germany,74.68,0,3,1,1,298.72
4781,2024-09-12,27,4,1,0,Deluxe,OTA,UK,121.68,0,0,1,1,486.72
4782,2024-03-08,95,1,2,0,Suite,OTA,USA,283.83,0,0,2,0,283.83
4783,2023-09-08,16,5,2,0,Suite,OTA,Australia,230.54,0,0,0,0,1152.7
4784,2024-07-05,28,6,1,0,Deluxe,Direct,Singapore,188.73,0,2,1,1,1132.38
4785,2024-09-08,28,3,2,0,Deluxe,Corporate,Germany,152.19,0,0,0,0,456.57
4786,2023-09-20,29,3,3,2,Standard,Travel Agent,UK,88.52,0,0,0,0,265.56
4787,2024-02-14,7,4,1,0,Deluxe,OTA,Germany,128.97,1,1,0,0,0.0
4788,2023-01-08,12,4,2,0,Standard,Travel Agent,USA,112.42,0,2,0,1,449.68
4789,2023-08-12,27,4,1,0,Deluxe,Corporate,USA,165.36,0,3,1,0,661.44
4790,2024-03-10,22,3,1,0,Deluxe,OTA,Singapore,179.21,0,0,3,1,537.63
4791,2023-05-24,40,3,3,0,Deluxe,Travel Agent,UK,121.68,0,0,0,0,365.04
4792,2024-12-24,66,3,2,2,Standard,Direct,UK,100.24,0,1,0,1,300.72
4793,2024-12-09,42,4,2,0,Standard,Corporate,India,102.02,0,1,2,0,408.08
4794,2023-07-08,35,4,1,0,Suite,Direct,USA,293.74,0,0,0,0,1174.96
4795,2023-10-17,45,5,1,0,Suite,Travel Agent,India,209.23,1,0,0,0,0.0
4796,2023-05-19,38,2,2,0,Deluxe,OTA,India,159.63,0,2,1,0,319.26
4797,2024-01-03,32,5,2,0,Suite,OTA,Singapore,300.62,0,0,1,1,1503.1
4798,2023-04-01,59,3,3,0,Suite,OTA,Australia,235.08,0,2,3,1,705.24
4799,2023-10-13,26,3,1,0,Suite,OTA,Singapore,274.94,0,1,2,0,824.82
4800,2024-02-10,12,2,2,1,Suite,Corporate,India,261.55,0,2,1,0,523.1
4801,2024-03-22,21,5,2,0,Deluxe,OTA,UK,173.31,0,1,0,0,866.55
4802,2024-03-11,19,5,2,0,Suite,Direct,India,228.35,0,0,0,0,1141.75
4803,2023-06-11,112,4,2,0,Standard,Corporate,USA,108.7,0,0,1,0,434.8
4804,2024-08-01,69,3,1,0,Deluxe,OTA,India,152.19,0,1,3,0,456.57
4805,2024-05-19,36,3,2,0,Suite,Direct,UK,257.41,0,0,0,0,772.23
4806,2024-07-03,19,2,2,0,Standard,Direct,India,100.23,0,0,1,0,200.46
4807,2023-12-08,59,2,2,0,Standard,OTA,India,124.17,1,0,1,0,0.0
4808,2024-10-13,35,1,1,0,Standard,Corporate,USA,87.13,1,1,2,0,0.0
4809,2023-10-12,26,5,1,0,Deluxe,OTA,India,139.78,0,2,2,0,698.9
4810,2024-08-11,35,1,2,0,Deluxe,Direct,Australia,188.72,1,0,0,1,0.0
4811,2023-05-29,27,2,2,1,Deluxe,OTA,India,130.29,0,1,0,0,260.58
4812,2023-06-30,44,2,1,0,Standard,OTA,UK,119.26,0,1,1,0,238.52
4813,2024-01-20,11,4,1,0,Suite,Travel Agent,India,338.42,0,1,2,0,1353.68
4814,2024-02-10,44,3,1,1,Standard,OTA,India,92.13,0,1,1,0,276.39
4815,2024-06-28,27,4,1,0,Suite,OTA,India,326.61,0,0,2,0,1306.44
4816,2023-08-06,60,2,1,0,Deluxe,Corporate,Singapore,196.64,0,0,2,0,393.28
4817,2024-09-29,70,7,3,0,Standard,OTA,Australia,99.21,0,1,1,0,694.47
4818,2023-08-29,80,2,4,1,Deluxe,Corporate,Australia,141.69,0,1,0,0,283.38
4819,2024-01-25,117,2,2,0,Deluxe,Direct,India,183.42,0,0,1,0,366.84
4820,2024-11-11,78,1,1,0,Suite,OTA,UK,298.55,0,0,1,1,298.55
4821,2024-01-29,58,1,2,1,Deluxe,Direct,Australia,183.75,0,2,2,0,183.75
4822,2024-05-12,13,8,3,2,Executive,Corporate,India,420.5,0,1,1,0,3364.0
4823,2024-10-25,3,6,3,1,Standard,OTA,India,89.68,0,0,2,1,538.08
4824,2024-12-12,64,2,1,0,Standard,Corporate,USA,108.29,0,2,2,0,216.58
4825,2023-12-31,17,3,1,0,Standard,Travel Agent,Australia,115.81,0,1,1,0,347.43
4826,2023-11-01,168,2,2,0,Deluxe,Direct,India,171.46,0,0,0,0,342.92
4827,2023-05-24,9,1,2,0,Standard,Direct,India,73.5,0,0,2,0,73.5
4828,2024-01-28,57,3,1,0,Standard,Corporate,UK,108.21,0,1,1,0,324.63
4829,2024-11-01,38,1,2,0,Deluxe,OTA,India,154.46,0,0,0,1,154.46
4830,2023-12-22,10,3,1,0,Standard,Corporate,India,113.84,0,0,0,1,341.52
4831,2023-09-12,38,2,1,0,Suite,OTA,India,203.46,0,1,0,0,406.92
4832,2023-03-20,19,1,2,1,Standard,Travel Agent,UAE,79.44,0,0,2,1,79.44
4833,2023-10-12,31,3,2,0,Standard,OTA,India,74.82,0,0,1,1,224.46
4834,2023-06-22,31,5,1,0,Deluxe,Travel Agent,UK,175.33,0,0,0,0,876.65
4835,2024-12-14,19,3,2,0,Executive,Corporate,USA,478.42,1,1,1,0,0.0
4836,2024-01-21,25,4,2,0,Standard,Travel Agent,USA,135.26,0,0,1,0,541.04
4837,2023-04-11,17,3,2,0,Standard,Corporate,UAE,89.44,0,1,4,1,268.32
4838,2023-02-19,6,2,1,1,Standard,Direct,UK,107.31,0,1,3,0,214.62
4839,2024-09-13,35,3,1,1,Executive,Travel Agent,UAE,385.28,0,0,0,0,1155.84
4840,2024-11-10,78,2,1,0,Standard,OTA,India,111.03,0,0,1,1,222.06
4841,2024-07-10,18,3,2,0,Suite,Direct,Australia,291.22,0,0,3,0,873.66
4842,2023-04-01,103,3,3,0,Deluxe,OTA,UK,155.25,1,0,0,0,0.0
4843,2023-03-13,117,6,1,0,Suite,OTA,USA,255.55,1,1,1,0,0.0
4844,2023-05-25,24,1,2,0,Standard,Corporate,USA,80.25,0,0,0,1,80.25
4845,2024-07-02,28,2,2,0,Deluxe,OTA,India,177.43,0,1,0,0,354.86
4846,2024-07-12,24,3,2,0,Executive,Direct,Germany,418.96,0,0,0,0,1256.88
4847,2024-09-03,13,2,3,0,Standard,Corporate,India,81.34,0,0,0,1,162.68
4848,2023-03-12,28,5,1,0,Deluxe,OTA,UK,161.45,0,1,0,0,807.25
4849,2023-04-22,26,5,2,2,Executive,OTA,Singapore,331.98,0,0,2,1,1659.9
4850,2024-10-19,35,3,2,0,Standard,OTA,UK,98.1,0,2,2,0,294.3
4851,2024-11-08,36,6,3,0,Suite,OTA,India,279.31,0,1,1,0,1675.86
4852,2024-06-13,12,2,2,0,Standard,OTA,Singapore,101.57,0,1,1,1,203.14
4853,2023-03-19,49,2,1,0,Standard,OTA,UK,77.96,0,0,1,0,155.92
4854,2023-02-20,28,3,1,0,Standard,Corporate,India,85.32,0,0,3,0,255.96
4855,2023-02-10,14,2,2,0,Deluxe,Corporate,USA,93.52,1,0,1,0,0.0
4856,2024-05-20,27,1,2,2,Standard,Corporate,India,62.58,0,1,1,0,62.58
4857,2024-09-09,37,3,2,0,Standard,Direct,USA,80.51,0,0,0,0,241.53
4858,2024-04-06,87,2,1,0,Deluxe,Direct,USA,150.76,0,1,1,0,301.52
4859,2023-07-11,78,3,1,0,Standard,Direct,Germany,93.09,1,0,1,0,0.0
4860,2024-07-06,22,5,2,0,Standard,Corporate,India,119.97,0,0,2,0,599.85
4861,2023-02-13,29,2,1,2,Standard,Direct,UK,88.95,0,0,0,1,177.9
4862,2024-08-27,17,6,3,0,Standard,OTA,UAE,125.16,0,0,0,1,750.96
4863,2024-10-13,42,1,3,0,Deluxe,Corporate,Singapore,150.29,0,0,0,1,150.29
4864,2024-06-08,23,3,1,0,Deluxe,OTA,India,201.67,0,2,0,0,605.01
4865,2024-10-03,28,4,2,0,Executive,Direct,India,270.17,0,1,2,1,1080.68
4866,2024-03-03,65,7,1,0,Deluxe,Direct,Singapore,139.69,0,1,0,1,977.83
4867,2023-12-08,12,5,4,0,Executive,Travel Agent,Singapore,419.87,0,0,0,1,2099.35
4868,2023-08-24,78,5,2,0,Suite,OTA,Germany,260.51,0,0,4,1,1302.55
4869,2024-11-03,44,3,2,0,Executive,OTA,India,478.23,0,0,0,0,1434.69
4870,2024-05-24,76,2,2,0,Standard,Direct,Singapore,103.5,1,0,0,1,0.0
4871,2023-05-20,55,2,1,0,Standard,Corporate,UK,95.82,0,0,2,0,191.64
4872,2024-11-29,61,3,2,0,Standard,Corporate,India,144.12,0,1,0,0,432.36
4873,2023-02-13,34,5,1,0,Deluxe,OTA,Germany,151.11,0,3,0,1,755.55
4874,2024-03-04,14,2,2,0,Suite,OTA,USA,221.06,0,1,1,0,442.12
4875,2023-05-20,21,4,1,0,Deluxe,OTA,India,147.63,0,0,0,0,590.52
4876,2024-04-29,18,2,4,0,Executive,Direct,Germany,245.11,0,1,1,1,490.22
4877,2023-10-29,5,2,2,0,Standard,Corporate,Germany,86.01,0,0,0,0,172.02
4878,2023-11-16,65,1,3,0,Deluxe,OTA,Australia,158.46,0,0,3,1,158.46
4879,2024-05-05,31,2,1,0,Deluxe,Direct,India,135.77,0,1,2,0,271.54
4880,2024-07-05,17,3,3,0,Standard,Travel Agent,India,104.79,0,0,0,0,314.37
4881,2023-10-05,114,6,2,0,Suite,Corporate,Germany,233.89,1,0,2,0,0.0
4882,2024-12-29,146,5,2,0,Deluxe,OTA,UAE,208.85,0,0,0,0,1044.25
4883,2023-12-30,11,4,3,1,Standard,OTA,Australia,138.93,0,0,0,0,555.72
4884,2023-04-28,28,2,2,0,Standard,Corporate,USA,96.25,0,2,1,1,192.5
4885,2023-01-05,27,7,2,1,Deluxe,Direct,India,163.04,0,1,1,0,1141.28
4886,2023-05-28,15,2,3,0,Deluxe,Travel Agent,USA,163.08,0,0,2,0,326.16
4887,2024-05-19,64,2,1,2,Standard,OTA,India,76.87,0,1,2,1,153.74
4888,2024-01-29,5,4,1,1,Deluxe,OTA,UK,196.08,0,1,1,0,784.32
4889,2023-09-04,96,5,4,0,Standard,Direct,USA,72.65,0,1,1,0,363.25
4890,2023-12-18,35,3,3,0,Standard,Direct,UK,78.25,0,0,0,1,234.75
4891,2024-09-03,108,2,2,0,Standard,OTA,UAE,85.23,0,2,1,0,170.46
4892,2024-02-22,33,3,2,1,Deluxe,OTA,India,125.18,0,0,1,0,375.54
4893,2023-02-12,27,11,3,0,Standard,OTA,Australia,104.97,1,2,0,1,0.0
4894,2023-02-05,67,4,2,0,Deluxe,Direct,India,166.77,0,0,1,0,667.08
4895,2023-12-18,107,6,1,0,Executive,Travel Agent,India,357.07,0,1,1,0,2142.42
4896,2023-10-23,96,6,2,1,Executive,OTA,India,354.83,0,0,0,0,2128.98
4897,2024-09-12,7,2,2,2,Standard,Travel Agent,USA,61.91,0,1,1,0,123.82
4898,2024-03-01,81,2,1,0,Deluxe,Direct,Singapore,157.84,0,1,0,1,315.68
4899,2024-07-06,26,3,4,0,Executive,Travel Agent,Germany,484.77,0,0,2,0,1454.31
4900,2024-03-03,30,2,2,0,Deluxe,Direct,USA,131.28,0,0,0,0,262.56
4901,2023-09-10,25,2,2,0,Standard,Direct,USA,115.32,0,1,0,0,230.64
4902,2024-04-24,21,6,2,2,Standard,OTA,India,81.56,0,1,0,0,489.36
4903,2024-03-29,28,4,2,0,Standard,Travel Agent,USA,96.11,0,0,0,0,384.44
4904,2024-06-09,15,3,2,0,Suite,Direct,India,346.39,0,0,1,0,1039.17
4905,2023-05-19,81,4,2,0,Standard,Travel Agent,India,96.62,0,1,2,1,386.48
4906,2024-04-13,54,2,2,2,Standard,Direct,Germany,77.37,0,0,0,0,154.74
4907,2023-07-28,39,3,1,0,Deluxe,Corporate,UAE,110.15,0,2,1,0,330.45
4908,2024-07-30,25,3,3,2,Suite,OTA,Singapore,233.08,0,1,0,0,699.24
4909,2024-08-05,22,1,2,0,Standard,Direct,USA,85.78,0,1,2,0,85.78
4910,2024-04-01,46,4,2,0,Deluxe,OTA,USA,115.2,0,0,0,1,460.8
4911,2024-11-22,40,3,2,0,Standard,OTA,UK,114.77,0,0,0,0,344.31
4912,2024-01-28,71,6,4,1,Standard,OTA,Australia,81.76,1,0,0,0,0.0
4913,2023-01-19,22,3,2,0,Deluxe,Travel Agent,India,150.4,0,1,1,0,451.2
4914,2024-03-18,21,3,1,0,Suite,Travel Agent,India,234.42,0,0,3,0,703.26
4915,2024-07-21,53,4,4,0,Standard,Direct,UK,124.21,1,1,0,1,0.0
4916,2023-03-15,60,3,4,0,Standard,Direct,USA,73.0,0,1,2,0,219.0
4917,2023-03-18,139,1,1,1,Executive,OTA,UK,373.6,1,2,1,1,0.0
4918,2023-07-19,7,1,3,1,Executive,OTA,Australia,248.14,0,0,2,0,248.14
4919,2024-09-08,84,7,3,0,Deluxe,Travel Agent,Australia,154.35,0,5,0,1,1080.45
4920,2024-01-21,37,4,1,0,Standard,OTA,India,141.86,0,1,0,1,567.44
4921,2024-12-13,23,5,2,0,Standard,Corporate,UAE,131.89,0,1,0,0,659.45
4922,2024-09-29,46,4,1,0,Standard,OTA,USA,91.71,1,1,2,0,0.0
4923,2024-02-10,45,3,3,1,Standard,OTA,UK,63.84,0,1,0,0,191.52
4924,2024-05-10,24,2,1,0,Deluxe,OTA,Germany,183.41,0,1,1,0,366.82
4925,2023-08-30,8,3,2,2,Standard,OTA,India,118.36,0,0,0,1,355.08
4926,2023-03-07,84,4,3,0,Standard,OTA,India,86.73,0,0,1,0,346.92
4927,2023-10-19,19,2,1,0,Deluxe,Direct,UAE,150.78,0,2,0,0,301.56
4928,2024-03-08,17,5,2,0,Standard,OTA,India,92.02,0,2,2,1,460.1
4929,2023-05-14,21,5,1,0,Standard,Corporate,India,100.41,1,1,0,0,0.0
4930,2023-06-11,58,1,1,2,Deluxe,Travel Agent,India,197.47,0,3,1,0,197.47
4931,2023-01-11,26,4,3,0,Standard,Direct,Singapore,107.18,0,2,2,1,428.72
4932,2024-06-19,21,2,3,0,Deluxe,Direct,Germany,140.52,0,0,1,0,281.04
4933,2024-10-18,44,4,2,2,Standard,Travel Agent,UAE,101.66,1,0,0,0,0.0
4934,2024-08-27,40,2,3,0,Standard,OTA,USA,117.64,0,1,3,1,235.28
4935,2023-10-05,21,5,1,0,Deluxe,Direct,India,149.37,0,0,1,1,746.85
4936,2024-03-09,7,4,2,1,Deluxe,Travel Agent,Singapore,155.61,1,0,0,0,0.0
4937,2024-12-02,57,6,3,0,Standard,Travel Agent,India,111.42,0,1,3,0,668.52
4938,2024-03-07,40,7,3,0,Suite,OTA,UAE,228.48,0,0,3,0,1599.36
4939,2023-08-04,5,3,2,1,Executive,Travel Agent,USA,300.48,0,1,0,0,901.44
4940,2023-09-05,92,2,2,0,Deluxe,Corporate,India,128.34,0,0,0,1,256.68
4941,2024-06-14,5,2,2,0,Standard,OTA,USA,107.54,0,0,2,1,215.08
4942,2023-11-22,18,2,1,1,Standard,Travel Agent,UK,92.35,0,1,1,0,184.7
4943,2024-09-03,19,2,2,0,Executive,Direct,UAE,337.95,0,0,0,0,675.9
4944,2024-09-22,22,5,1,1,Standard,OTA,UAE,95.11,0,2,1,0,475.55
4945,2023-01-27,21,3,2,1,Standard,Travel Agent,India,85.2,0,0,1,0,255.6
4946,2024-06-12,12,3,1,0,Standard,OTA,Australia,98.71,0,1,1,0,296.13
4947,2023-09-28,38,3,2,0,Standard,OTA,UAE,92.25,0,0,0,1,276.75
4948,2024-01-15,64,6,4,1,Standard,OTA,Germany,100.28,0,2,0,1,601.68
4949,2023-07-13,37,4,2,0,Standard,OTA,India,84.19,0,1,1,0,336.76
4950,2023-09-26,42,3,4,0,Deluxe,Travel Agent,UAE,109.89,0,1,1,0,329.67
4951,2023-08-30,26,3,2,0,Standard,Travel Agent,UK,97.15,0,0,1,1,291.45
4952,2023-02-06,36,3,2,0,Suite,Travel Agent,India,200.83,0,5,1,0,602.49
4953,2024-07-25,44,6,3,0,Standard,Corporate,India,79.06,0,0,0,0,474.36
4954,2023-04-15,54,3,1,1,Standard,OTA,UK,109.89,0,0,3,0,329.67
4955,2023-10-02,20,4,2,0,Suite,OTA,UAE,225.38,1,1,3,0,0.0
4956,2023-05-21,18,2,2,0,Deluxe,OTA,India,140.1,1,1,0,0,0.0
4957,2023-04-28,3,5,1,1,Deluxe,Direct,Australia,179.53,0,0,2,1,897.65
4958,2023-09-30,109,1,3,0,Standard,Direct,Australia,95.03,0,0,2,0,95.03
4959,2024-11-01,105,4,2,0,Deluxe,OTA,UAE,198.56,0,0,0,0,794.24
4960,2024-11-20,32,3,1,2,Suite,OTA,India,304.77,0,0,1,0,914.31
4961,2023-10-06,33,5,2,0,Executive,Corporate,USA,323.11,0,0,1,0,1615.55
4962,2024-01-04,88,5,2,0,Deluxe,Travel Agent,Singapore,172.56,0,0,0,0,862.8
4963,2024-12-20,12,4,2,1,Standard,Corporate,India,132.91,0,1,0,0,531.64
4964,2023-06-21,16,6,1,0,Suite,Direct,India,317.26,0,0,2,0,1903.56
4965,2024-11-20,91,3,3,0,Standard,Direct,USA,100.88,0,0,0,0,302.64
4966,2023-03-19,26,3,1,1,Standard,Direct,India,98.93,0,2,4,1,296.79
4967,2023-06-14,14,4,2,0,Deluxe,OTA,UAE,128.39,1,0,0,0,0.0
4968,2023-09-04,46,3,2,1,Standard,Direct,Singapore,84.86,0,2,0,0,254.58
4969,2023-01-28,20,8,2,0,Standard,Direct,USA,151.08,1,1,0,0,0.0
4970,2024-08-18,81,6,2,1,Standard,Direct,Germany,110.71,0,2,1,0,664.26
4971,2024-09-16,36,3,2,0,Standard,Travel Agent,UAE,74.46,0,0,4,0,223.38
4972,2023-10-07,20,1,2,0,Suite,Corporate,UAE,236.86,0,1,0,1,236.86
4973,2024-09-02,21,4,2,0,Deluxe,Direct,India,137.55,0,0,0,0,550.2
4974,2024-07-17,44,6,4,0,Suite,Direct,UAE,265.91,0,2,1,0,1595.46
4975,2024-08-08,29,4,1,0,Executive,OTA,Germany,342.52,0,0,1,0,1370.08
4976,2024-08-08,26,5,2,0,Standard,OTA,India,103.53,0,1,2,0,517.65
4977,2024-02-23,56,3,2,1,Deluxe,OTA,Australia,133.75,0,0,1,1,401.25
4978,2023-03-22,89,3,3,0,Standard,OTA,USA,88.3,0,0,0,0,264.9
4979,2024-11-05,50,1,1,1,Suite,Direct,Germany,285.77,1,1,1,0,0.0
4980,2024-03-20,19,2,1,0,Deluxe,OTA,UAE,140.28,0,0,0,1,280.56
4981,2024-10-19,14,4,2,0,Executive,Direct,Germany,379.77,0,1,2,0,1519.08
4982,2024-12-01,53,5,2,0,Suite,OTA,India,261.94,0,2,0,0,1309.7
4983,2023-05-17,50,4,1,0,Standard,Travel Agent,UK,79.32,1,0,2,1,0.0
4984,2023-10-21,24,4,3,0,Deluxe,Corporate,India,122.07,0,2,0,0,488.28
4985,2023-05-21,29,6,2,0,Standard,OTA,India,72.89,1,2,0,1,0.0
4986,2023-02-07,19,2,3,0,Deluxe,Travel Agent,India,126.34,0,0,0,0,252.68
4987,2024-12-06,14,3,3,0,Standard,OTA,UK,128.78,0,0,1,1,386.34
4988,2024-11-05,21,2,2,0,Deluxe,OTA,UAE,142.97,0,0,1,1,285.94
4989,2024-11-11,2,4,2,0,Suite,Direct,India,306.67,0,0,1,1,1226.68
4990,2024-10-07,72,5,2,0,Standard,OTA,India,71.61,0,1,1,1,358.05
4991,2024-04-18,10,5,2,0,Standard,Corporate,Singapore,80.65,0,0,3,1,403.25
4992,2024-01-17,32,4,1,0,Standard,Corporate,India,140.78,1,1,0,0,0.0
4993,2024-12-24,4,6,3,0,Standard,OTA,India,103.89,0,0,1,1,623.34
4994,2024-02-08,49,2,2,2,Standard,Travel Agent,Australia,69.07,0,1,1,0,138.14
4995,2024-04-13,60,6,2,0,Deluxe,Direct,USA,149.18,0,0,0,0,895.08
4996,2023-06-04,35,4,2,0,Deluxe,Travel Agent,India,175.31,0,2,1,0,701.24
4997,2024-06-29,31,3,2,0,Deluxe,Direct,India,171.96,1,4,1,1,0.0
4998,2024-08-21,19,2,2,0,Standard,OTA,Germany,96.39,0,0,3,0,192.78
4999,2024-05-10,71,2,2,0,Deluxe,Travel Agent,UAE,146.18,0,1,1,1,292.36
5000,2023-12-30,8,4,2,0,Executive,OTA,India,396.58,0,1,0,0,1586.32
5001,2023-05-25,23,3,2,0,Standard,Direct,UK,87.91,0,1,1,0,263.73
5002,2023-01-25,18,4,1,1,Standard,Corporate,India,125.02,0,3,0,0,500.08
5003,2024-04-02,17,1,4,0,Deluxe,OTA,India,124.19,0,2,2,0,124.19
5004,2024-05-13,69,3,3,1,Standard,Direct,Germany,83.37,1,1,1,0,0.0
5005,2024-07-18,30,5,3,0,Standard,OTA,Singapore,72.44,0,1,0,0,362.2
5006,2024-11-24,19,5,3,1,Deluxe,OTA,Germany,201.38,0,0,1,0,1006.9
5007,2023-12-30,41,9,2,1,Standard,OTA,UAE,152.87,0,0,2,0,1375.83
5008,2024-08-28,39,3,3,0,Deluxe,Corporate,UK,170.98,0,0,3,0,512.94
5009,2024-06-06,59,7,2,0,Standard,Direct,India,97.77,1,1,0,0,0.0
5010,2023-07-22,44,6,1,0,Standard,OTA,UK,109.81,0,0,0,0,658.86
5011,2024-09-08,31,3,1,1,Deluxe,Direct,UAE,144.14,0,1,0,0,432.42
5012,2023-02-08,32,6,1,0,Standard,Direct,UAE,84.03,0,0,2,1,504.18
5013,2024-03-13,43,4,1,0,Standard,Direct,UAE,89.87,0,0,0,1,359.48
5014,2024-11-17,15,3,2,0,Deluxe,Direct,India,189.68,0,0,0,0,569.04
5015,2024-04-26,38,3,4,0,Deluxe,OTA,UK,162.98,1,0,1,1,0.0
5016,2024-11-15,87,3,1,0,Suite,Travel Agent,Germany,308.41,1,2,0,0,0.0
5017,2023-02-10,35,1,3,0,Suite,Corporate,USA,239.73,0,4,1,0,239.73
5018,2024-01-24,25,3,3,0,Deluxe,OTA,USA,152.09,0,0,0,1,456.27
5019,2024-07-23,25,4,3,0,Standard,OTA,India,97.85,0,0,0,1,391.4
5020,2024-04-13,42,3,2,0,Standard,OTA,USA,92.92,0,1,1,0,278.76
5021,2024-10-04,37,2,4,1,Standard,OTA,UAE,96.38,1,0,0,0,0.0
5022,2023-12-04,51,1,1,2,Standard,OTA,India,112.0,1,0,1,0,0.0
5023,2024-05-13,20,2,2,1,Standard,OTA,UAE,86.94,0,0,0,0,173.88
5024,2023-11-03,28,4,2,0,Deluxe,OTA,Singapore,252.32,0,2,2,0,1009.28
5025,2024-09-28,57,5,2,0,Deluxe,Travel Agent,India,162.65,0,0,0,1,813.25
5026,2023-03-29,60,2,2,0,Standard,Direct,UK,61.06,0,1,1,1,122.12
5027,2023-07-05,60,5,2,0,Deluxe,Direct,India,151.36,0,0,0,0,756.8
5028,2023-03-12,53,1,4,1,Suite,Corporate,India,251.93,0,0,0,0,251.93
5029,2024-05-27,54,3,2,1,Standard,OTA,UK,64.79,0,0,4,0,194.37
5030,2023-06-19,38,5,3,2,Standard,Corporate,India,105.56,1,0,1,0,0.0
5031,2023-08-20,10,3,1,1,Deluxe,OTA,UK,217.9,0,0,1,0,653.7
5032,2024-09-02,11,4,2,0,Standard,Direct,UK,71.68,0,1,0,0,286.72
5033,2023-09-20,34,2,2,0,Standard,OTA,USA,92.13,0,1,3,0,184.26
5034,2023-04-17,35,6,4,1,Deluxe,Direct,India,146.74,0,0,0,0,880.44
5035,2023-01-16,17,1,2,0,Deluxe,Corporate,Australia,181.28,0,0,1,0,181.28
5036,2023-06-15,18,4,1,1,Suite,OTA,Singapore,290.31,0,1,0,1,1161.24
5037,2024-10-29,30,5,3,0,Standard,OTA,India,72.66,0,0,3,1,363.3
5038,2024-02-05,120,4,2,0,Suite,OTA,Australia,250.38,0,0,2,0,1001.52
5039,2024-12-27,14,4,3,0,Standard,Direct,Australia,143.07,0,1,0,0,572.28
5040,2023-06-07,24,4,1,0,Standard,OTA,India,101.5,0,1,2,0,406.0
5041,2023-09-14,59,3,1,0,Standard,Direct,USA,82.93,0,1,0,0,248.79
5042,2023-04-30,52,1,2,0,Standard,OTA,India,83.24,0,1,1,0,83.24
5043,2023-10-18,40,4,2,0,Suite,OTA,USA,244.98,0,1,0,0,979.92
5044,2024-02-16,6,3,2,0,Standard,Corporate,India,92.16,0,0,0,0,276.48
5045,2024-08-12,27,4,2,0,Standard,OTA,India,94.43,0,1,1,1,377.72
5046,2023-09-26,100,1,1,1,Deluxe,Corporate,UK,144.73,0,0,0,0,144.73
5047,2024-07-17,17,4,2,0,Standard,Direct,India,92.67,1,1,1,1,0.0
5048,2024-04-02,17,3,2,0,Deluxe,Travel Agent,India,118.99,0,1,0,0,356.97
5049,2023-08-02,85,3,2,0,Suite,OTA,Australia,298.46,0,0,2,1,895.38
5050,2024-10-27,30,2,2,0,Standard,Direct,UAE,75.34,0,0,0,0,150.68
5051,2023-11-13,7,5,2,0,Standard,Direct,Germany,117.43,0,0,2,0,587.15
5052,2023-04-21,13,5,2,1,Standard,Travel Agent,India,78.41,0,0,1,0,392.05
5053,2024-12-03,21,3,2,0,Suite,OTA,UK,232.48,0,1,0,0,697.44
5054,2024-10-28,39,3,1,0,Executive,Direct,India,323.66,1,0,1,0,0.0
5055,2023-02-06,28,5,3,0,Suite,OTA,USA,228.56,1,2,0,0,0.0
5056,2024-10-20,16,3,3,0,Deluxe,OTA,UK,138.16,0,0,0,0,414.48
5057,2024-11-22,28,3,2,0,Standard,OTA,India,106.98,0,0,1,1,320.94
5058,2024-08-28,17,2,3,0,Suite,Direct,USA,274.72,0,1,1,0,549.44
5059,2023-07-06,103,3,2,0,Suite,OTA,UK,249.17,1,2,1,0,0.0
5060,2024-04-05,12,2,4,0,Standard,Corporate,India,100.73,1,2,2,0,0.0
5061,2024-01-28,23,2,2,1,Deluxe,Corporate,India,187.88,0,1,0,1,375.76
5062,2024-03-28,20,3,2,0,Suite,OTA,India,208.77,0,1,1,0,626.31
5063,2024-03-26,21,5,3,0,Executive,OTA,Australia,339.92,0,0,0,1,1699.6
5064,2024-04-11,13,4,3,0,Deluxe,Corporate,Singapore,113.97,0,1,3,0,455.88
5065,2024-01-11,81,4,2,0,Deluxe,Travel Agent,India,144.84,0,4,0,0,579.36
5066,2024-05-19,126,3,3,0,Executive,Direct,India,306.3,0,1,0,0,918.9
5067,2024-01-20,42,3,2,0,Standard,Corporate,India,127.8,0,1,2,0,383.4
5068,2023-01-13,40,4,2,2,Deluxe,Corporate,UK,248.11,1,1,2,0,0.0
5069,2023-01-26,8,4,3,0,Suite,OTA,India,302.43,0,2,2,0,1209.72
5070,2024-11-30,79,4,2,0,Deluxe,Corporate,Singapore,180.71,0,3,0,0,722.84
5071,2024-10-25,17,6,3,0,Executive,OTA,India,310.68,0,2,3,0,1864.08
5072,2024-03-03,7,2,3,0,Standard,Corporate,USA,96.53,0,0,2,1,193.06
5073,2023-05-08,48,4,1,0,Standard,OTA,India,63.36,0,4,0,0,253.44
5074,2024-07-24,66,2,3,0,Standard,OTA,USA,74.32,0,1,0,1,148.64
5075,2023-04-15,79,2,1,0,Standard,OTA,India,94.17,0,1,2,0,188.34
5076,2023-10-03,23,3,3,0,Deluxe,OTA,India,143.8,0,2,1,0,431.4
5077,2023-08-29,21,4,2,0,Standard,OTA,Australia,106.48,1,0,0,0,0.0
5078,2023-01-10,38,2,2,0,Standard,OTA,UK,112.49,0,4,0,0,224.98
5079,2024-08-12,28,3,3,1,Deluxe,Direct,UAE,178.41,0,1,0,0,535.23
5080,2024-01-08,48,3,2,0,Deluxe,Corporate,USA,171.52,0,0,2,0,514.56
5081,2023-08-19,38,3,2,0,Standard,Direct,India,105.38,0,0,0,1,316.14
5082,2024-01-06,16,4,2,1,Standard,Corporate,Singapore,123.43,0,2,0,0,493.72
5083,2023-01-01,81,2,2,1,Deluxe,OTA,India,208.98,1,1,2,1,0.0
5084,2023-11-16,49,2,2,0,Standard,OTA,UAE,158.43,0,0,0,0,316.86
5085,2024-01-15,65,3,2,0,Suite,Corporate,Australia,289.98,0,0,2,0,869.94
5086,2023-09-05,16,2,2,1,Deluxe,OTA,UK,132.79,0,1,0,0,265.58
5087,2024-08-29,48,2,3,0,Deluxe,OTA,USA,188.52,0,1,0,1,377.04
5088,2023-07-02,57,3,2,0,Standard,Direct,India,117.74,0,0,2,0,353.22
5089,2023-04-11,37,1,3,0,Deluxe,OTA,India,103.8,0,1,2,1,103.8
5090,2024-01-21,13,6,2,0,Standard,Travel Agent,India,149.82,0,0,2,1,898.92
5091,2024-10-09,34,4,4,0,Suite,OTA,UAE,228.56,0,1,1,0,914.24
5092,2023-10-01,53,2,2,0,Standard,OTA,Australia,60.67,0,0,2,1,121.34
5093,2023-02-04,68,2,2,0,Standard,Corporate,UAE,87.51,0,1,1,0,175.02
5094,2024-12-09,9,3,2,1,Deluxe,OTA,India,160.33,0,1,1,0,480.99
5095,2023-11-21,36,5,4,1,Standard,OTA,India,101.85,1,1,2,1,0.0
5096,2023-05-07,11,4,4,0,Standard,Travel Agent,India,91.61,0,0,0,0,366.44
5097,2024-03-25,54,5,2,0,Standard,OTA,Australia,86.94,0,2,1,0,434.7
5098,2023-08-22,63,5,3,0,Suite,Travel Agent,India,304.14,0,0,1,0,1520.7
5099,2024-11-15,15,4,3,0,Deluxe,OTA,USA,233.4,0,1,0,0,933.6
5100,2023-08-03,13,3,2,1,Standard,OTA,Singapore,114.46,0,1,2,0,343.38
5101,2024-02-06,20,5,2,2,Standard,Direct,Singapore,78.08,0,1,0,1,390.4
5102,2024-02-01,29,3,2,0,Deluxe,Corporate,India,97.4,0,2,0,0,292.2
5103,2023-06-26,18,4,1,0,Deluxe,Travel Agent,Singapore,109.15,0,0,2,0,436.6
5104,2023-12-31,57,4,3,1,Standard,Direct,India,135.74,0,0,1,1,542.96
5105,2023-03-21,68,5,1,0,Standard,Direct,Germany,79.42,0,0,1,1,397.1
5106,2024-04-14,35,5,2,0,Deluxe,Direct,India,176.36,0,0,0,1,881.8
5107,2024-07-07,19,1,2,0,Standard,OTA,India,116.54,0,0,1,0,116.54
5108,2024-11-24,28,2,2,0,Executive,OTA,Germany,367.7,0,0,2,0,735.4
5109,2023-08-26,35,2,1,0,Standard,OTA,USA,102.39,0,0,1,0,204.78
5110,2023-07-28,27,5,2,0,Standard,Direct,Singapore,116.07,1,0,0,0,0.0
5111,2024-02-05,31,1,2,0,Standard,OTA,India,69.31,1,1,0,1,0.0
5112,2024-05-20,65,6,1,0,Deluxe,OTA,India,153.48,0,0,1,0,920.88
5113,2024-12-25,18,1,3,0,Standard,OTA,UK,102.29,0,2,0,1,102.29
5114,2023-01-19,109,3,1,0,Standard,Travel Agent,Germany,103.83,0,0,0,0,311.49
5115,2023-06-23,36,3,1,1,Standard,OTA,India,89.15,0,0,1,0,267.45
5116,2023-07-11,26,4,1,2,Standard,Travel Agent,UK,119.48,0,0,1,0,477.92
5117,2023-07-06,17,4,2,2,Standard,OTA,India,93.75,0,0,0,1,375.0
5118,2023-12-05,18,2,2,0,Standard,Corporate,India,111.77,0,0,1,1,223.54
5119,2024-09-29,33,3,2,2,Deluxe,OTA,India,135.64,0,1,0,0,406.92
5120,2023-01-23,36,5,2,0,Standard,Travel Agent,India,102.88,0,0,0,0,514.4
5121,2024-08-18,25,2,1,0,Standard,OTA,India,114.47,0,0,1,0,228.94
5122,2024-03-26,11,7,1,0,Executive,Direct,UK,315.61,0,0,2,1,2209.27
5123,2024-03-25,33,5,2,1,Deluxe,Direct,USA,138.99,0,0,0,1,694.95
5124,2024-05-10,19,3,3,0,Executive,OTA,India,386.86,0,0,1,0,1160.58
5125,2023-03-26,7,4,1,0,Standard,Travel Agent,USA,99.65,0,0,0,0,398.6
5126,2024-06-29,50,6,2,1,Standard,OTA,Germany,117.63,1,1,0,1,0.0
5127,2023-07-01,8,4,4,0,Standard,Direct,Germany,101.68,0,0,3,0,406.72
5128,2024-01-13,24,6,1,1,Executive,Direct,UK,453.14,0,0,0,0,2718.84
5129,2024-05-09,30,1,2,0,Executive,OTA,UK,255.81,0,2,3,1,255.81
5130,2024-03-16,74,4,2,0,Deluxe,OTA,India,140.53,1,1,1,1,0.0
5131,2023-08-24,7,3,4,0,Standard,OTA,USA,100.92,0,0,0,0,302.76
5132,2023-10-17,53,3,1,0,Deluxe,Direct,Germany,136.26,0,0,0,0,408.78
5133,2023-12-14,59,7,2,0,Suite,OTA,USA,320.62,0,1,1,0,2244.34
5134,2023-01-31,89,3,2,1,Deluxe,OTA,Germany,206.48,0,0,1,0,619.44
5135,2024-06-14,67,1,2,0,Suite,Corporate,UK,255.75,1,1,0,0,0.0
5136,2023-03-14,31,3,2,0,Deluxe,Corporate,USA,100.88,1,1,3,1,0.0
5137,2023-12-01,55,3,2,0,Standard,OTA,Australia,120.28,0,1,1,0,360.84
5138,2024-04-23,76,4,4,0,Suite,OTA,Australia,258.93,1,0,0,1,0.0
5139,2023-02-28,5,4,2,0,Standard,Corporate,India,93.84,0,0,0,1,375.36
5140,2024-12-27,10,2,2,0,Suite,Corporate,UAE,349.69,0,0,0,1,699.38
5141,2023-10-03,38,1,2,0,Standard,Travel Agent,Australia,77.26,0,1,1,0,77.26
5142,2023-01-12,59,3,1,0,Deluxe,OTA,UK,181.01,0,0,2,0,543.03
5143,2024-04-25,49,5,2,0,Standard,Travel Agent,Singapore,90.76,0,0,0,1,453.8
5144,2024-02-12,41,4,1,0,Standard,Travel Agent,India,72.52,0,1,1,0,290.08
5145,2024-04-12,88,2,2,0,Suite,Travel Agent,Singapore,235.67,0,1,1,0,471.34
5146,2024-07-02,25,4,2,1,Deluxe,Travel Agent,UAE,157.79,0,0,0,0,631.16
5147,2023-12-14,18,1,3,0,Executive,OTA,India,459.4,0,2,1,0,459.4
5148,2024-08-26,22,2,2,0,Deluxe,Corporate,India,171.64,1,1,0,1,0.0
5149,2023-09-28,39,3,2,0,Standard,Corporate,UAE,61.09,1,1,1,1,0.0
5150,2024-02-02,30,3,2,0,Standard,OTA,India,101.25,1,1,4,0,0.0
5151,2023-04-26,61,5,2,0,Standard,Corporate,India,79.86,0,0,1,0,399.3
5152,2024-03-28,19,5,2,0,Standard,OTA,India,86.11,1,0,0,1,0.0
5153,2023-07-10,43,4,1,2,Standard,Direct,India,93.52,1,0,2,0,0.0
5154,2024-05-23,55,5,1,2,Standard,Direct,India,84.79,0,0,1,0,423.95
5155,2024-08-07,76,3,3,0,Executive,Direct,USA,362.01,0,0,0,0,1086.03
5156,2024-09-19,12,1,4,0,Standard,OTA,USA,74.78,0,1,1,0,74.78
5157,2024-11-09,21,3,2,1,Deluxe,Corporate,USA,183.45,0,0,3,1,550.35
5158,2023-03-31,28,4,1,2,Deluxe,OTA,UAE,146.07,0,2,0,1,584.28
5159,2023-04-11,9,8,1,0,Deluxe,Corporate,India,109.81,1,0,2,1,0.0
5160,2024-11-07,41,3,1,1,Deluxe,Direct,Australia,166.18,0,1,0,0,498.54
5161,2023-10-06,40,3,3,0,Executive,Direct,Singapore,331.69,0,0,0,1,995.07
5162,2023-01-19,38,2,2,0,Deluxe,Direct,Singapore,197.33,1,0,0,1,0.0
5163,2023-07-29,27,3,3,0,Standard,OTA,India,119.19,0,0,0,1,357.57
5164,2024-09-02,71,2,2,0,Standard,Corporate,Australia,99.32,0,2,2,1,198.64
5165,2023-09-17,22,4,2,1,Suite,Direct,UAE,202.06,1,0,1,0,0.0
5166,2023-02-26,67,2,2,0,Deluxe,OTA,USA,144.9,1,2,0,0,0.0
5167,2024-06-11,21,6,1,0,Deluxe,Corporate,Singapore,179.08,0,0,1,0,1074.48
5168,2023-05-23,12,4,2,0,Standard,OTA,India,82.63,0,2,0,1,330.52
5169,2023-09-15,31,2,2,0,Deluxe,OTA,UK,145.59,0,1,0,0,291.18
5170,2023-01-03,35,2,1,0,Standard,OTA,India,95.92,0,0,3,0,191.84
5171,2024-03-15,43,5,1,1,Deluxe,Travel Agent,India,161.96,0,0,1,0,809.8
5172,2023-11-22,3,2,2,0,Executive,OTA,Germany,414.06,0,1,0,0,828.12
5173,2024-09-24,25,2,4,1,Deluxe,OTA,UK,124.73,1,1,0,0,0.0
5174,2023-09-02,104,3,4,0,Standard,Travel Agent,UAE,103.13,0,1,1,0,309.39
5175,2023-05-30,20,2,1,0,Deluxe,Direct,India,164.92,1,0,1,1,0.0
5176,2023-05-02,59,3,2,1,Standard,Travel Agent,Australia,71.47,0,1,2,0,214.41
5177,2023-05-27,171,1,2,0,Standard,Corporate,USA,98.44,0,0,2,0,98.44
5178,2023-11-26,116,5,3,0,Deluxe,Direct,India,205.18,0,1,0,0,1025.9
5179,2023-03-05,14,5,1,0,Standard,Direct,India,99.17,0,0,1,0,495.85
5180,2023-10-21,56,5,4,0,Deluxe,OTA,India,173.19,0,0,0,0,865.95
5181,2024-09-15,58,3,3,0,Deluxe,OTA,Germany,175.01,0,1,3,0,525.03
5182,2024-07-14,50,5,2,1,Standard,OTA,India,103.8,1,1,1,1,0.0
5183,2024-04-10,12,2,1,0,Standard,Corporate,India,64.08,0,0,0,0,128.16
5184,2024-10-13,38,3,1,0,Deluxe,Direct,India,147.82,1,1,0,1,0.0
5185,2024-07-23,37,3,2,0,Executive,Direct,India,356.22,0,1,0,0,1068.66
5186,2024-04-21,10,4,3,0,Standard,Direct,USA,61.61,0,0,0,1,246.44
5187,2024-09-22,26,1,2,2,Standard,Travel Agent,Singapore,103.18,0,1,0,0,103.18
5188,2023-04-01,39,3,4,0,Executive,Direct,Singapore,323.26,1,0,0,0,0.0
5189,2024-08-20,30,4,2,0,Suite,OTA,Singapore,262.36,0,0,0,0,1049.44
5190,2023-08-04,52,3,3,0,Executive,Corporate,UK,385.64,0,0,2,0,1156.92
5191,2024-06-19,26,6,3,0,Standard,Direct,Singapore,93.61,0,1,0,0,561.66
5192,2024-10-28,35,5,1,0,Executive,Direct,India,345.95,0,0,0,0,1729.75
5193,2023-12-29,62,7,1,0,Suite,Corporate,India,345.01,0,0,0,0,2415.07
5194,2023-03-06,96,1,2,2,Standard,OTA,Australia,100.37,1,2,2,0,0.0
5195,2023-09-28,11,5,2,0,Deluxe,OTA,Germany,139.81,0,1,2,0,699.05
5196,2023-10-25,51,1,1,1,Standard,OTA,India,86.73,1,0,1,0,0.0
5197,2024-11-14,22,5,2,2,Standard,Travel Agent,India,105.35,0,0,1,1,526.75
5198,2024-11-19,43,4,2,2,Deluxe,Direct,India,174.24,1,1,0,0,0.0
5199,2024-02-19,11,3,2,0,Standard,Corporate,USA,89.91,0,0,0,1,269.73
5200,2024-11-24,72,3,4,1,Executive,Travel Agent,Germany,532.1,0,1,1,0,1596.3
5201,2023-11-15,17,2,1,0,Executive,Direct,India,417.95,0,2,1,0,835.9
5202,2023-10-28,62,4,1,0,Suite,Direct,USA,269.9,0,1,0,0,1079.6
5203,2024-09-02,12,2,2,0,Standard,Travel Agent,India,78.66,0,0,0,0,157.32
5204,2024-05-02,9,2,2,0,Deluxe,OTA,UAE,133.43,1,0,2,0,0.0
5205,2024-01-17,28,5,2,0,Suite,OTA,UK,300.11,0,0,2,0,1500.55
5206,2023-11-30,38,6,2,0,Standard,Direct,India,108.51,0,0,0,0,651.06
5207,2024-05-30,123,6,2,0,Deluxe,Travel Agent,India,145.63,0,1,1,0,873.78
5208,2024-07-04,37,6,3,0,Standard,Direct,India,95.42,1,1,0,1,0.0
5209,2023-12-25,14,2,2,1,Deluxe,OTA,UK,162.25,1,1,2,0,0.0
5210,2023-01-24,56,3,2,0,Deluxe,Travel Agent,India,169.83,1,0,0,0,0.0
5211,2023-03-16,80,3,2,0,Suite,Corporate,UK,212.44,1,2,0,0,0.0
5212,2023-04-16,16,1,2,0,Deluxe,Direct,India,157.41,0,1,1,0,157.41
5213,2023-12-04,61,5,1,0,Suite,OTA,Australia,277.11,0,3,0,0,1385.55
5214,2024-03-24,73,3,1,0,Standard,Direct,Germany,104.42,0,0,1,0,313.26
5215,2024-08-09,57,4,3,0,Deluxe,OTA,UK,173.6,0,2,1,0,694.4
5216,2023-06-19,19,2,3,1,Suite,Direct,India,313.71,0,0,1,1,627.42
5217,2024-07-28,38,3,2,1,Deluxe,Travel Agent,India,179.96,1,0,0,0,0.0
5218,2024-05-01,43,2,3,0,Suite,OTA,India,233.95,1,1,0,0,0.0
5219,2023-02-07,71,5,2,0,Deluxe,Corporate,India,145.5,0,0,1,0,727.5
5220,2023-09-14,20,4,2,2,Deluxe,Direct,India,149.09,0,1,0,0,596.36
5221,2023-08-09,62,1,3,0,Executive,OTA,UK,387.09,0,1,1,0,387.09
5222,2024-10-09,29,2,2,0,Standard,OTA,Australia,105.17,0,0,1,1,210.34
5223,2024-11-03,25,2,2,0,Deluxe,OTA,India,201.91,0,1,1,0,403.82
5224,2024-08-21,34,4,2,0,Deluxe,Corporate,Australia,127.75,0,0,1,0,511.0
5225,2024-01-21,3,3,3,2,Suite,Corporate,USA,340.13,0,0,1,0,1020.39
5226,2023-12-26,4,3,2,1,Deluxe,Travel Agent,India,192.24,0,0,2,0,576.72
5227,2023-08-16,6,5,2,2,Deluxe,Direct,India,164.52,0,1,1,1,822.6
5228,2024-07-18,45,2,1,0,Standard,Travel Agent,India,84.27,1,0,1,0,0.0
5229,2023-03-04,27,5,2,1,Executive,Corporate,UK,331.01,0,1,0,0,1655.05
5230,2023-07-17,19,2,2,0,Standard,OTA,India,86.67,0,0,1,1,173.34
5231,2023-04-09,32,3,2,0,Deluxe,OTA,USA,137.59,1,1,0,0,0.0
5232,2023-12-27,63,7,2,0,Standard,OTA,UAE,106.79,1,1,1,0,0.0
5233,2023-08-07,31,4,2,1,Deluxe,OTA,USA,164.74,0,1,1,0,658.96
5234,2023-05-25,13,3,1,0,Standard,Direct,India,73.0,0,0,1,0,219.0
5235,2023-10-02,135,7,2,0,Deluxe,Direct,Germany,120.1,1,0,0,1,0.0
5236,2024-09-20,33,3,2,0,Deluxe,OTA,India,162.25,0,0,0,0,486.75
5237,2024-02-12,74,2,2,0,Deluxe,OTA,UAE,116.64,1,2,3,1,0.0
5238,2024-08-23,57,3,2,0,Standard,Direct,UAE,98.46,0,1,0,0,295.38
5239,2024-10-29,24,7,4,0,Suite,Corporate,Germany,278.04,0,0,1,1,1946.28
5240,2024-10-20,95,3,2,0,Deluxe,OTA,USA,140.05,0,0,1,0,420.15
5241,2023-09-14,21,4,1,0,Standard,Direct,Australia,62.48,0,1,2,0,249.92
5242,2024-10-02,44,5,3,0,Standard,Travel Agent,India,68.1,0,0,0,0,340.5
5243,2024-10-25,40,3,1,0,Suite,OTA,USA,192.49,1,3,1,0,0.0
5244,2024-12-01,43,4,3,0,Executive,Travel Agent,UAE,557.94,0,0,0,0,2231.76
5245,2023-09-14,85,1,2,1,Suite,Corporate,Australia,218.09,0,0,0,0,218.09
5246,2023-06-16,34,1,1,1,Suite,OTA,UK,265.67,0,3,1,1,265.67
5247,2024-03-02,38,4,4,0,Deluxe,Direct,UK,159.57,0,0,2,0,638.28
5248,2024-11-11,40,6,2,0,Standard,OTA,Singapore,130.19,1,0,1,0,0.0
5249,2024-10-19,119,7,3,0,Suite,OTA,USA,247.81,0,3,2,0,1734.67
5250,2024-02-21,70,4,2,1,Standard,OTA,USA,95.68,0,1,0,0,382.72
5251,2023-04-19,8,4,2,0,Deluxe,Travel Agent,UAE,124.76,0,0,2,0,499.04
5252,2023-11-05,21,3,2,0,Deluxe,OTA,India,173.33,0,0,0,1,519.99
5253,2024-06-05,35,6,2,0,Standard,Travel Agent,India,116.85,0,0,1,0,701.1
5254,2024-02-14,84,5,2,1,Standard,OTA,UAE,73.08,1,0,0,0,0.0
5255,2023-09-10,89,2,1,0,Standard,OTA,India,85.76,0,3,0,0,171.52
5256,2023-09-08,32,4,2,0,Standard,Direct,Australia,103.47,1,0,1,0,0.0
5257,2023-02-13,21,1,2,0,Standard,Direct,UK,80.34,0,0,1,0,80.34
5258,2023-07-30,29,3,2,1,Standard,OTA,UAE,108.94,0,0,1,0,326.82
5259,2024-05-03,36,3,1,0,Standard,Travel Agent,India,89.19,0,1,1,0,267.57
5260,2023-06-26,27,5,2,0,Standard,Corporate,Singapore,88.33,0,0,1,1,441.65
5261,2024-12-26,75,4,2,0,Deluxe,Direct,Singapore,179.31,0,0,2,0,717.24
5262,2023-03-02,25,2,2,0,Suite,Corporate,UK,232.87,0,2,2,0,465.74
5263,2024-03-05,17,2,4,0,Deluxe,OTA,India,126.52,0,0,1,1,253.04
5264,2023-12-29,28,2,1,0,Deluxe,Corporate,USA,215.55,0,0,2,0,431.1
5265,2024-08-31,42,2,2,0,Deluxe,Direct,India,188.27,0,5,0,0,376.54
5266,2024-10-10,76,3,2,2,Deluxe,OTA,India,136.04,0,2,0,0,408.12
5267,2024-02-01,15,7,2,0,Executive,Travel Agent,India,289.77,0,0,2,0,2028.39
5268,2024-04-05,42,6,2,0,Deluxe,OTA,India,142.84,0,1,1,0,857.04
5269,2024-05-25,43,3,1,1,Deluxe,Corporate,Singapore,156.15,0,0,2,0,468.45
5270,2024-01-16,48,3,2,0,Suite,Corporate,UAE,254.25,1,0,1,1,0.0
5271,2023-05-15,25,2,1,0,Deluxe,OTA,UAE,175.23,1,0,0,0,0.0
5272,2023-11-09,48,2,1,0,Deluxe,Direct,UAE,122.53,1,1,0,0,0.0
5273,2023-06-26,56,2,3,0,Deluxe,Direct,India,145.5,0,2,1,0,291.0
5274,2023-12-06,25,4,3,0,Standard,Direct,Singapore,114.66,0,0,3,0,458.64
5275,2024-03-25,38,4,2,0,Deluxe,OTA,UK,141.39,0,2,0,0,565.56
5276,2023-06-02,30,3,1,0,Suite,Direct,India,272.83,0,3,0,0,818.49
5277,2023-07-02,18,3,2,1,Deluxe,OTA,UAE,165.4,0,1,2,0,496.2
5278,2024-08-23,11,3,2,0,Standard,Direct,UK,111.06,0,0,1,1,333.18
5279,2023-10-03,21,3,2,0,Deluxe,Corporate,UK,108.81,0,1,0,0,326.43
5280,2023-05-25,22,2,3,0,Suite,OTA,India,188.26,0,2,1,0,376.52
5281,2024-06-04,11,2,2,2,Standard,OTA,UK,106.1,1,0,1,0,0.0
5282,2024-06-07,46,3,2,0,Executive,OTA,India,454.59,0,0,1,1,1363.77
5283,2024-08-26,59,4,1,0,Standard,OTA,Germany,96.13,1,1,1,0,0.0
5284,2024-07-08,29,2,2,0,Deluxe,Travel Agent,UK,170.41,0,3,0,0,340.82
5285,2024-12-25,33,2,2,0,Standard,Direct,UK,109.21,0,1,0,0,218.42
5286,2024-02-24,23,4,2,2,Deluxe,Travel Agent,UK,135.61,0,2,1,0,542.44
5287,2023-07-29,31,2,2,0,Executive,Direct,Singapore,356.45,1,1,0,0,0.0
5288,2024-09-21,48,5,1,0,Deluxe,Direct,India,160.7,1,0,0,0,0.0
5289,2023-07-13,42,5,3,0,Standard,Corporate,USA,88.23,0,0,1,1,441.15
5290,2023-08-01,31,1,3,0,Suite,Direct,UAE,289.63,0,0,2,1,289.63
5291,2024-08-27,22,6,2,0,Deluxe,OTA,UK,150.28,0,3,0,0,901.68
5292,2024-10-05,56,2,1,0,Deluxe,Direct,UAE,172.81,1,1,2,0,0.0
5293,2023-09-05,24,3,1,0,Standard,OTA,Singapore,70.82,1,0,1,1,0.0
5294,2024-06-16,12,2,1,0,Deluxe,Travel Agent,USA,154.88,0,0,0,0,309.76
5295,2024-11-04,37,1,2,0,Deluxe,Direct,Germany,179.84,0,0,0,1,179.84
5296,2024-08-06,7,4,2,0,Deluxe,OTA,USA,149.48,0,1,1,0,597.92
5297,2023-01-04,41,3,3,1,Standard,Travel Agent,UAE,109.91,1,2,2,0,0.0
5298,2024-04-30,43,6,2,2,Standard,Travel Agent,USA,79.3,0,0,1,0,475.8
5299,2023-05-05,21,3,2,1,Standard,Travel Agent,USA,86.31,0,0,2,0,258.93
5300,2024-09-09,23,5,3,0,Suite,Direct,Singapore,212.91,0,1,1,0,1064.55
5301,2023-02-18,61,4,2,0,Executive,OTA,UAE,254.35,0,0,1,0,1017.4
5302,2024-12-25,112,4,2,0,Deluxe,OTA,UAE,206.88,0,1,0,1,827.52
5303,2023-05-10,34,2,4,0,Suite,OTA,USA,203.06,0,0,1,1,406.12
5304,2023-11-03,21,5,2,1,Standard,Travel Agent,India,130.69,0,0,1,0,653.45
5305,2023-06-20,43,6,2,0,Suite,Corporate,India,198.1,0,0,0,0,1188.6
5306,2024-08-17,30,2,2,0,Standard,Travel Agent,India,98.65,1,1,1,0,0.0
5307,2023-10-15,41,2,2,0,Standard,OTA,UAE,94.76,1,1,0,1,0.0
5308,2024-06-27,37,4,2,2,Standard,OTA,Germany,116.81,0,1,1,0,467.24
5309,2023-02-19,38,5,2,0,Deluxe,Direct,India,157.42,0,0,0,0,787.1
5310,2023-11-27,5,1,1,1,Deluxe,OTA,USA,187.06,0,0,1,0,187.06
5311,2024-10-27,23,3,4,1,Standard,Direct,Australia,86.49,0,1,1,1,259.47
5312,2024-11-07,21,3,2,0,Standard,Travel Agent,India,107.72,0,2,2,1,323.16
5313,2023-06-02,21,4,3,1,Deluxe,Travel Agent,India,174.94,0,0,0,1,699.76
5314,2023-10-15,51,2,1,0,Suite,Corporate,India,262.03,0,0,0,0,524.06
5315,2023-10-26,13,8,2,0,Standard,OTA,USA,91.81,0,0,2,1,734.48
5316,2024-02-17,5,5,4,0,Standard,Direct,USA,88.01,0,0,2,0,440.05
5317,2024-01-28,21,3,2,1,Deluxe,Direct,India,202.2,0,0,0,1,606.6
5318,2023-03-19,17,4,1,0,Deluxe,Corporate,Germany,142.24,0,1,1,0,568.96
5319,2024-07-10,34,3,2,0,Deluxe,Direct,USA,150.94,1,0,0,0,0.0
5320,2023-06-14,17,4,1,0,Deluxe,OTA,India,177.03,0,0,3,1,708.12
5321,2023-08-18,27,4,2,0,Deluxe,Direct,Germany,188.82,0,0,2,0,755.28
5322,2024-09-05,24,3,1,0,Standard,Travel Agent,India,82.96,0,0,1,0,248.88
5323,2024-05-18,74,3,2,0,Suite,OTA,UAE,248.86,0,0,0,0,746.58
5324,2023-10-17,18,2,1,0,Suite,OTA,USA,196.94,1,0,2,1,0.0
5325,2024-10-28,49,2,2,0,Deluxe,Travel Agent,India,140.71,0,0,0,0,281.42
5326,2023-10-15,31,2,2,0,Standard,OTA,India,101.16,0,1,0,0,202.32
5327,2024-02-17,62,3,2,0,Executive,OTA,Germany,381.11,0,0,1,0,1143.33
5328,2023-06-29,88,4,2,0,Standard,Direct,India,95.72,0,1,2,0,382.88
5329,2023-05-14,31,2,2,1,Executive,Direct,Singapore,312.44,0,0,0,0,624.88
5330,2023-12-25,7,2,4,0,Deluxe,OTA,USA,188.82,0,0,0,1,377.64
5331,2024-02-16,13,4,3,0,Deluxe,Corporate,UAE,168.73,1,1,3,0,0.0
5332,2024-08-11,10,1,4,1,Standard,Direct,UK,121.41,1,0,1,0,0.0
5333,2023-10-13,23,2,3,0,Standard,OTA,Singapore,83.3,0,0,1,0,166.6
5334,2024-10-15,20,4,2,0,Standard,Direct,India,83.54,1,0,0,0,0.0
5335,2024-03-19,38,3,1,0,Standard,OTA,India,61.25,0,1,0,1,183.75
5336,2023-02-21,59,5,3,0,Standard,Direct,Australia,92.79,0,0,1,0,463.95
5337,2024-06-23,6,1,2,0,Standard,Travel Agent,India,112.57,0,1,1,0,112.57
5338,2024-02-24,33,3,2,1,Deluxe,Corporate,UK,152.95,0,3,1,0,458.85
5339,2023-10-12,18,4,2,0,Suite,OTA,Australia,260.71,0,1,1,1,1042.84
5340,2023-12-08,33,1,2,0,Standard,Travel Agent,Singapore,115.36,0,0,0,0,115.36
5341,2023-08-09,23,5,2,0,Deluxe,Direct,Germany,158.17,0,2,1,1,790.85
5342,2024-03-24,52,4,4,0,Standard,OTA,India,82.48,1,3,4,1,0.0
5343,2024-02-18,13,2,1,0,Deluxe,Direct,UK,122.64,0,0,1,0,245.28
5344,2023-11-23,19,5,1,1,Deluxe,OTA,UAE,181.37,0,1,1,1,906.85
5345,2023-07-28,29,5,1,0,Deluxe,OTA,India,184.42,0,1,0,0,922.1
5346,2023-10-19,25,3,2,0,Standard,OTA,UAE,59.61,0,0,2,1,178.83
5347,2023-12-30,29,2,2,0,Standard,Travel Agent,Australia,135.07,0,0,0,0,270.14
5348,2023-12-11,8,3,2,0,Standard,Corporate,UK,107.45,0,0,1,0,322.35
5349,2023-08-14,80,1,1,0,Executive,OTA,USA,392.5,1,1,0,0,0.0
5350,2024-02-29,22,5,3,0,Standard,OTA,UAE,82.26,0,2,0,0,411.3
5351,2023-06-15,14,6,2,0,Deluxe,Travel Agent,India,175.58,0,1,2,0,1053.48
5352,2024-01-01,29,3,1,0,Standard,OTA,UK,123.04,1,0,0,0,0.0
5353,2023-03-30,33,2,1,0,Deluxe,OTA,USA,133.11,0,1,0,1,266.22
5354,2023-12-11,102,3,2,0,Standard,OTA,UK,119.96,0,0,1,0,359.88
5355,2024-07-26,65,3,2,0,Standard,Direct,USA,122.09,0,1,1,0,366.27
5356,2024-08-20,25,2,2,0,Standard,OTA,USA,82.39,0,0,1,1,164.78
5357,2024-05-22,91,2,1,0,Standard,OTA,India,71.53,0,2,2,0,143.06
5358,2024-06-28,80,3,3,0,Standard,OTA,UK,97.02,1,0,0,0,0.0
5359,2023-02-18,14,3,2,0,Standard,Corporate,Singapore,99.33,1,1,1,0,0.0
5360,2023-09-07,118,1,2,2,Suite,Direct,India,201.32,1,1,0,0,0.0
5361,2024-04-22,22,1,2,0,Standard,Corporate,UK,60.49,0,3,1,1,60.49
5362,2024-08-07,36,3,2,2,Standard,OTA,UAE,84.38,0,0,3,1,253.14
5363,2024-03-01,72,2,4,1,Standard,Direct,UK,87.78,0,0,3,0,175.56
5364,2024-09-15,6,5,2,0,Suite,Direct,Australia,266.96,0,0,1,1,1334.8
5365,2023-07-19,29,2,1,0,Standard,Travel Agent,Singapore,110.89,0,0,0,0,221.78
5366,2023-04-23,40,4,4,0,Suite,Direct,Australia,281.91,0,0,1,0,1127.64
5367,2023-03-05,63,3,2,0,Standard,Direct,USA,93.97,0,0,0,0,281.91
5368,2024-03-01,32,2,2,2,Standard,OTA,India,82.87,0,0,0,0,165.74
5369,2024-04-30,6,2,1,0,Standard,Corporate,USA,60.76,1,1,2,1,0.0
5370,2023-07-28,102,7,2,0,Standard,OTA,USA,103.95,1,2,1,0,0.0
5371,2024-07-26,33,3,4,0,Standard,OTA,India,106.61,0,0,0,0,319.83
5372,2024-06-23,41,6,4,0,Standard,Travel Agent,Germany,111.73,0,1,1,0,670.38
5373,2023-09-20,9,4,4,0,Executive,OTA,Australia,332.21,1,2,1,0,0.0
5374,2023-06-24,78,4,3,0,Deluxe,OTA,UK,193.85,0,0,0,1,775.4
5375,2024-06-25,22,3,2,0,Suite,OTA,UK,266.96,0,1,0,1,800.88
5376,2024-05-05,18,4,2,0,Suite,OTA,India,240.9,0,0,1,1,963.6
5377,2023-05-05,67,1,1,0,Standard,Direct,Singapore,75.19,0,2,0,0,75.19
5378,2023-07-06,10,4,2,0,Suite,Direct,USA,238.64,1,0,0,0,0.0
5379,2023-12-21,41,7,2,0,Deluxe,OTA,India,155.18,0,2,2,0,1086.26
5380,2024-01-09,18,3,2,0,Deluxe,Direct,Singapore,230.1,0,1,1,0,690.3
5381,2023-05-02,45,6,2,0,Deluxe,Travel Agent,Germany,161.12,0,1,1,0,966.72
5382,2024-11-23,53,3,2,0,Deluxe,OTA,India,171.34,0,1,0,0,514.02
5383,2023-10-11,22,3,3,0,Deluxe,Direct,UK,136.13,1,2,1,0,0.0
5384,2023-10-06,75,3,4,0,Standard,Corporate,UK,77.09,0,1,0,1,231.27
5385,2023-02-14,33,3,2,0,Executive,Travel Agent,Australia,308.05,0,1,1,0,924.15
5386,2024-10-01,103,3,1,0,Standard,OTA,USA,75.29,0,0,0,0,225.87
5387,2023-06-21,67,3,3,0,Standard,Travel Agent,USA,94.37,0,1,1,0,283.11
5388,2024-12-21,35,4,2,0,Standard,OTA,UK,139.87,0,1,2,0,559.48
5389,2023-12-29,35,4,2,0,Deluxe,Direct,Singapore,210.85,0,0,1,0,843.4
5390,2024-09-30,11,4,4,0,Standard,OTA,India,88.35,0,0,0,1,353.4
5391,2023-05-11,67,4,2,1,Suite,Direct,UK,233.27,0,1,0,0,933.08
5392,2023-05-02,20,6,2,2,Deluxe,Corporate,India,118.58,0,0,0,0,711.48
5393,2024-08-07,38,3,2,2,Suite,OTA,India,222.46,0,0,2,1,667.38
5394,2024-08-21,102,3,2,0,Standard,Travel Agent,UAE,92.55,0,4,0,0,277.65
5395,2024-02-01,74,6,2,0,Standard,Direct,UAE,77.11,0,0,1,0,462.66
5396,2023-01-24,15,3,2,1,Deluxe,OTA,Germany,164.49,0,0,1,0,493.47
5397,2024-11-19,33,3,2,0,Standard,Direct,USA,98.87,0,1,4,1,296.61
5398,2023-10-15,41,2,1,2,Standard,OTA,Germany,92.73,0,0,1,0,185.46
5399,2024-11-14,80,1,4,0,Suite,OTA,USA,344.09,0,1,0,1,344.09
5400,2024-09-27,72,2,2,0,Deluxe,OTA,India,111.83,0,1,1,0,223.66
5401,2024-09-13,48,1,2,0,Executive,OTA,USA,293.55,0,1,0,0,293.55
5402,2024-05-17,45,7,1,0,Deluxe,Direct,India,154.19,0,1,2,0,1079.33
5403,2024-05-06,32,4,2,0,Standard,OTA,USA,62.17,0,0,2,0,248.68
5404,2024-01-24,40,6,2,2,Suite,Direct,USA,245.56,0,0,1,1,1473.36
5405,2023-01-19,27,4,2,0,Executive,Travel Agent,India,507.82,0,1,0,0,2031.28
5406,2023-10-11,56,4,1,0,Deluxe,OTA,USA,138.77,0,1,3,0,555.08
5407,2024-06-17,47,6,2,0,Standard,Travel Agent,UK,126.75,0,0,0,0,760.5
5408,2024-08-15,65,3,3,0,Standard,Corporate,USA,76.32,1,0,0,0,0.0
5409,2024-02-13,64,2,2,2,Suite,OTA,India,275.04,0,0,1,0,550.08
5410,2024-06-01,20,3,2,0,Standard,OTA,Singapore,93.03,1,2,2,1,0.0
5411,2023-01-16,3,2,2,0,Standard,OTA,Germany,119.6,0,1,1,0,239.2
5412,2023-12-08,19,1,2,0,Standard,OTA,India,91.76,0,0,1,0,91.76
5413,2024-01-06,40,4,2,0,Suite,OTA,USA,353.46,0,1,0,0,1413.84
5414,2024-10-13,27,3,2,0,Standard,Corporate,India,95.98,0,1,0,0,287.94
5415,2023-08-16,26,3,1,0,Deluxe,OTA,Singapore,147.61,0,1,0,0,442.83
5416,2023-06-17,18,3,1,1,Deluxe,Corporate,UAE,149.42,0,0,2,0,448.26
5417,2023-09-15,44,2,2,0,Suite,OTA,UK,244.48,1,1,0,0,0.0
5418,2023-05-05,7,1,3,0,Standard,Travel Agent,India,94.65,0,0,0,1,94.65
5419,2024-02-12,48,3,2,0,Standard,OTA,India,68.95,0,0,0,1,206.85
5420,2024-04-14,49,4,2,0,Standard,OTA,Singapore,89.72,0,0,0,1,358.88
5421,2024-08-07,64,5,3,0,Standard,Corporate,USA,95.27,0,0,1,0,476.35
5422,2024-12-10,182,7,2,0,Standard,Travel Agent,India,113.86,0,1,0,0,797.02
5423,2023-02-23,3,3,2,0,Standard,OTA,USA,64.71,0,2,2,0,194.13
5424,2023-06-30,47,2,1,0,Standard,OTA,UK,102.52,1,1,2,0,0.0
5425,2023-08-08,54,3,3,0,Suite,OTA,India,269.58,0,0,2,0,808.74
5426,2023-07-02,19,2,2,0,Standard,Direct,USA,105.13,0,0,3,1,210.26
5427,2024-08-26,28,4,2,0,Executive,Direct,India,312.55,0,3,1,0,1250.2
5428,2023-04-12,22,4,2,0,Standard,Corporate,USA,88.98,0,1,0,1,355.92
5429,2023-01-22,49,4,2,0,Standard,OTA,Singapore,138.64,0,1,1,0,554.56
5430,2024-09-20,69,5,2,2,Suite,OTA,USA,275.87,0,2,1,1,1379.35
5431,2024-12-02,12,6,2,0,Suite,OTA,Germany,283.95,1,0,1,0,0.0
5432,2023-06-15,44,5,1,0,Standard,OTA,India,93.63,1,0,0,0,0.0
5433,2023-08-31,78,5,2,0,Suite,Travel Agent,Germany,303.55,0,0,0,1,1517.75
5434,2024-01-03,20,1,2,0,Suite,OTA,USA,325.57,0,0,0,0,325.57
5435,2024-01-19,2,2,1,0,Deluxe,OTA,India,232.44,0,1,3,1,464.88
5436,2024-12-24,16,3,3,2,Deluxe,OTA,UK,177.27,0,1,2,0,531.81
5437,2023-10-23,15,3,1,1,Standard,OTA,India,85.85,0,1,2,0,257.55
5438,2023-01-09,17,3,2,0,Standard,Corporate,Germany,116.61,0,0,0,0,349.83
5439,2023-11-05,101,2,2,2,Standard,OTA,Germany,145.7,1,1,1,0,0.0
5440,2024-02-11,116,6,2,0,Standard,Travel Agent,India,66.84,0,0,2,0,401.04
5441,2024-01-13,85,3,1,1,Deluxe,Corporate,USA,204.8,1,1,2,1,0.0
5442,2024-01-09,27,2,3,2,Standard,Direct,India,120.35,0,0,0,0,240.7
5443,2024-11-04,87,7,2,0,Standard,OTA,India,123.25,1,0,3,1,0.0
5444,2024-08-12,3,6,2,1,Standard,Direct,India,90.78,0,0,0,0,544.68
5445,2023-07-03,14,2,1,1,Deluxe,Corporate,UK,163.3,0,0,2,0,326.6
5446,2023-09-17,57,4,3,0,Deluxe,OTA,UAE,162.69,0,1,3,0,650.76
5447,2024-05-02,21,4,2,0,Suite,OTA,Singapore,253.12,1,0,0,1,0.0
5448,2023-10-27,12,4,2,0,Executive,OTA,USA,359.73,0,0,1,1,1438.92
5449,2023-11-09,43,6,1,0,Executive,Travel Agent,India,417.5,0,2,1,1,2505.0
5450,2023-05-03,44,2,2,0,Standard,OTA,UK,77.4,0,2,0,1,154.8
5451,2023-07-05,47,3,2,0,Standard,Direct,India,108.92,0,0,1,0,326.76
5452,2024-06-24,51,4,1,0,Deluxe,OTA,UK,179.28,0,0,0,1,717.12
5453,2024-09-07,42,5,2,0,Standard,OTA,USA,103.52,1,0,2,1,0.0
5454,2024-07-26,30,3,3,0,Standard,OTA,India,120.23,0,1,0,0,360.69
5455,2023-08-13,35,2,2,0,Suite,OTA,India,312.53,0,0,0,0,625.06
5456,2023-04-10,58,2,2,0,Standard,Direct,India,74.36,0,1,0,0,148.72
5457,2023-04-27,41,2,2,2,Deluxe,Direct,India,118.45,0,0,0,0,236.9
5458,2023-10-15,23,7,3,0,Deluxe,Corporate,UAE,167.98,0,0,1,0,1175.86
5459,2024-01-13,19,4,2,2,Suite,Direct,India,387.97,0,0,2,1,1551.88
5460,2024-10-13,35,2,1,0,Suite,OTA,UAE,260.45,0,1,1,0,520.9
5461,2024-10-18,78,2,2,0,Suite,Direct,UK,260.43,1,2,0,0,0.0
5462,2023-01-02,51,3,2,0,Standard,Direct,India,110.76,0,2,0,1,332.28
5463,2024-05-31,81,4,1,2,Deluxe,OTA,India,171.0,1,0,2,1,0.0
5464,2023-08-07,26,5,4,0,Standard,Corporate,Australia,104.72,0,2,1,0,523.6
5465,2023-05-25,38,3,1,1,Executive,OTA,USA,284.5,1,2,1,0,0.0
5466,2024-02-10,43,3,2,0,Standard,Travel Agent,India,97.62,0,0,0,0,292.86
5467,2023-01-25,59,4,2,0,Standard,Travel Agent,UK,87.48,0,0,1,0,349.92
5468,2023-09-01,26,2,2,1,Executive,OTA,India,319.44,0,1,0,0,638.88
5469,2024-02-08,51,1,1,0,Deluxe,Corporate,USA,102.71,0,0,1,0,102.71
5470,2023-07-18,75,2,2,0,Standard,Direct,India,86.13,0,0,0,0,172.26
5471,2024-03-09,32,3,2,0,Standard,Direct,India,83.57,0,1,0,0,250.71
5472,2023-12-02,17,5,3,1,Deluxe,OTA,UK,151.38,0,1,0,0,756.9
5473,2024-08-06,77,4,1,0,Deluxe,OTA,USA,177.95,0,1,2,0,711.8
5474,2023-05-13,54,3,1,0,Deluxe,OTA,USA,140.37,0,1,0,0,421.11
5475,2023-02-11,10,4,4,0,Standard,Corporate,Australia,88.43,0,3,0,0,353.72
5476,2024-01-22,32,3,2,0,Deluxe,Direct,India,157.37,0,0,2,0,472.11
5477,2023-07-07,105,7,2,0,Standard,Corporate,UK,117.89,1,1,1,0,0.0
5478,2024-05-30,48,3,2,0,Executive,OTA,Germany,349.71,0,1,3,0,1049.13
5479,2023-03-10,34,3,1,0,Deluxe,Travel Agent,USA,158.88,0,1,2,0,476.64
5480,2024-02-24,15,4,4,0,Executive,OTA,UAE,359.41,0,2,2,0,1437.64
5481,2024-12-23,15,1,2,1,Standard,OTA,UK,82.41,1,0,1,0,0.0
5482,2023-03-09,57,4,3,0,Executive,OTA,India,296.35,0,1,0,1,1185.4
5483,2023-08-09,16,9,2,0,Suite,OTA,Australia,284.5,0,1,1,1,2560.5
5484,2024-09-08,43,2,3,0,Deluxe,Corporate,India,171.01,0,2,0,0,342.02
5485,2024-01-25,32,2,2,0,Executive,OTA,USA,434.48,0,0,2,0,868.96
5486,2023-05-08,41,6,1,0,Deluxe,Direct,UK,162.57,0,0,0,0,975.42
5487,2023-06-05,30,4,2,0,Executive,Travel Agent,UK,328.53,0,0,1,1,1314.12
5488,2024-07-12,47,2,3,0,Suite,OTA,USA,277.06,0,0,0,1,554.12
5489,2024-09-20,64,3,2,0,Executive,OTA,UAE,360.87,1,1,1,1,0.0
5490,2023-09-21,30,4,2,0,Standard,OTA,UAE,92.27,0,0,0,1,369.08
5491,2023-12-12,60,3,1,0,Standard,OTA,USA,126.65,1,0,0,1,0.0
5492,2024-07-25,83,3,2,0,Deluxe,Travel Agent,USA,117.9,1,0,0,0,0.0
5493,2023-05-10,43,5,2,0,Deluxe,Corporate,India,131.72,1,1,0,0,0.0
5494,2023-05-31,56,2,2,0,Standard,OTA,UAE,89.14,1,0,0,0,0.0
5495,2024-07-19,12,5,2,0,Standard,Direct,Singapore,122.65,0,0,2,0,613.25
5496,2023-05-17,31,3,1,0,Standard,OTA,India,85.42,0,0,2,0,256.26
5497,2024-07-16,9,2,2,0,Executive,OTA,India,356.32,0,1,0,1,712.64
5498,2023-12-29,23,3,2,0,Deluxe,OTA,Singapore,128.31,0,0,0,1,384.93
5499,2024-12-23,31,2,1,0,Standard,Corporate,USA,134.65,0,0,1,0,269.3
5500,2023-01-25,111,2,2,2,Standard,Corporate,UAE,115.93,0,2,0,0,231.86
5501,2024-11-21,19,2,3,0,Executive,Corporate,USA,362.15,0,1,0,0,724.3
5502,2023-06-14,33,3,1,1,Standard,Direct,UK,92.27,0,1,0,0,276.81
5503,2023-01-26,16,3,2,0,Deluxe,Direct,India,180.99,0,1,1,0,542.97
5504,2024-06-12,29,3,2,0,Executive,OTA,Germany,380.53,1,2,2,1,0.0
5505,2024-01-24,47,2,2,0,Executive,Corporate,USA,337.46,0,1,0,0,674.92
5506,2024-09-03,53,4,3,0,Standard,Travel Agent,USA,70.49,0,1,0,0,281.96
5507,2023-03-21,26,5,2,0,Deluxe,Direct,UK,137.8,0,1,1,1,689.0
5508,2023-02-28,21,3,2,1,Executive,OTA,Singapore,279.23,0,1,2,0,837.69
5509,2024-02-19,90,5,2,0,Standard,Corporate,Germany,62.93,0,0,1,0,314.65
5510,2024-10-05,25,1,1,0,Deluxe,Direct,India,135.3,0,0,1,1,135.3
5511,2023-10-24,4,5,2,0,Suite,OTA,India,219.68,0,1,1,1,1098.4
5512,2024-08-05,75,6,2,0,Standard,OTA,India,77.12,1,1,2,0,0.0
5513,2024-10-23,6,4,1,1,Standard,Direct,Australia,95.7,0,0,0,0,382.8
5514,2024-09-26,75,3,3,0,Standard,OTA,India,91.41,0,1,0,0,274.23
5515,2024-01-07,9,3,4,1,Standard,Corporate,UAE,137.86,0,0,1,1,413.58
5516,2024-05-24,11,4,2,0,Standard,Direct,UK,93.0,0,0,0,1,372.0
5517,2024-01-19,14,4,2,0,Standard,OTA,UAE,105.78,0,0,2,0,423.12
5518,2024-05-07,23,2,2,0,Deluxe,Corporate,UK,116.91,0,2,3,0,233.82
5519,2024-02-18,76,4,2,0,Executive,OTA,India,399.78,1,0,0,0,0.0
5520,2024-01-19,14,2,4,1,Executive,OTA,USA,421.39,1,3,1,0,0.0
5521,2023-11-15,47,4,2,0,Suite,Travel Agent,India,295.84,1,0,0,0,0.0
5522,2024-04-21,40,3,2,0,Suite,OTA,India,244.21,0,1,1,0,732.63
5523,2024-07-02,36,1,1,0,Standard,OTA,India,94.2,0,0,0,0,94.2
5524,2024-11-01,67,3,2,0,Standard,OTA,Australia,122.32,1,2,0,0,0.0
5525,2024-03-23,38,3,2,0,Suite,Corporate,India,245.75,0,0,0,0,737.25
5526,2023-03-15,40,5,1,0,Executive,Travel Agent,India,283.75,0,1,0,0,1418.75
5527,2024-03-04,56,6,2,0,Deluxe,Direct,India,125.02,0,0,2,0,750.12
5528,2023-08-19,24,3,1,0,Deluxe,OTA,India,174.91,0,3,1,1,524.73
5529,2023-01-20,34,4,1,1,Executive,Corporate,India,412.97,0,0,1,0,1651.88
5530,2023-02-22,43,6,3,0,Deluxe,Travel Agent,UAE,108.15,0,1,6,1,648.9
5531,2024-03-07,63,2,1,0,Suite,OTA,UK,210.22,0,2,0,0,420.44
5532,2024-11-20,30,5,2,0,Executive,Travel Agent,UK,362.46,0,1,1,0,1812.3
5533,2024-01-05,33,3,1,0,Deluxe,Direct,Australia,200.23,0,0,0,0,600.69
5534,2023-11-22,46,3,2,0,Standard,Direct,India,94.17,1,1,1,1,0.0
5535,2023-03-06,31,3,4,0,Executive,Corporate,UK,231.87,0,0,0,0,695.61
5536,2024-05-08,19,2,2,0,Suite,OTA,UK,258.4,1,0,0,0,0.0
5537,2023-02-10,56,5,4,0,Standard,Direct,UAE,85.02,0,0,0,1,425.1
5538,2024-09-06,38,4,2,0,Executive,OTA,India,252.94,1,0,0,1,0.0
5539,2024-08-18,25,6,2,0,Standard,OTA,USA,120.25,1,0,2,1,0.0
5540,2024-12-24,13,4,1,0,Executive,Corporate,India,381.09,1,1,0,0,0.0
5541,2023-07-27,6,4,4,0,Suite,Direct,India,261.84,0,1,0,0,1047.36
5542,2023-04-29,48,3,3,0,Standard,Travel Agent,UK,93.29,1,1,2,0,0.0
5543,2023-08-07,19,2,1,0,Suite,Travel Agent,India,293.15,0,1,1,1,586.3
5544,2024-08-06,8,4,1,0,Standard,Travel Agent,Australia,98.47,0,0,0,0,393.88
5545,2023-06-09,17,4,2,0,Executive,Travel Agent,Singapore,339.88,0,0,1,0,1359.52
5546,2024-10-09,42,6,1,0,Deluxe,Travel Agent,USA,109.91,0,0,1,1,659.46
5547,2023-04-23,19,7,2,0,Deluxe,OTA,Singapore,122.09,0,0,1,0,854.63
5548,2023-02-05,43,8,4,1,Executive,Direct,USA,320.63,0,0,0,0,2565.04
5549,2023-06-10,22,3,3,2,Standard,Corporate,India,114.35,0,2,0,0,343.05
5550,2024-07-04,33,5,2,1,Deluxe,Direct,Australia,139.09,0,0,1,0,695.45
5551,2024-03-15,36,3,2,0,Deluxe,OTA,India,135.7,0,0,4,0,407.1
5552,2023-09-16,54,3,2,1,Standard,Direct,India,83.05,0,3,1,0,249.15
5553,2024-04-23,55,8,4,0,Standard,OTA,India,73.52,0,1,0,0,588.16
5554,2024-04-18,34,1,2,1,Deluxe,OTA,UAE,139.21,0,0,0,0,139.21
5555,2024-02-09,15,3,3,0,Standard,OTA,India,87.86,0,1,2,0,263.58
5556,2024-01-11,72,3,2,0,Deluxe,OTA,UAE,197.06,0,2,2,0,591.18
5557,2023-03-16,25,2,2,0,Deluxe,OTA,Germany,120.43,0,1,0,0,240.86
5558,2023-07-09,2,2,1,0,Standard,Corporate,Australia,109.74,0,1,0,0,219.48
5559,2024-01-21,41,4,3,0,Standard,OTA,Australia,120.15,0,0,0,0,480.6
5560,2023-04-09,42,4,2,0,Standard,Corporate,India,94.34,0,0,0,1,377.36
5561,2023-12-14,26,2,2,0,Standard,Direct,UK,113.97,0,1,0,1,227.94
5562,2023-03-27,9,2,2,1,Deluxe,OTA,Australia,129.3,1,0,1,1,0.0
5563,2024-07-28,7,3,1,1,Standard,Direct,India,145.17,0,0,0,0,435.51
5564,2023-03-17,27,3,2,0,Executive,OTA,Singapore,405.43,0,0,3,0,1216.29
5565,2023-03-09,14,2,3,0,Standard,Corporate,UAE,74.2,0,2,1,0,148.4
5566,2024-04-10,63,7,2,0,Standard,Direct,Singapore,92.37,0,1,2,1,646.59
5567,2023-06-10,26,3,1,0,Suite,Travel Agent,India,346.58,0,0,1,0,1039.74
5568,2023-09-14,24,3,2,1,Standard,Travel Agent,India,67.09,0,2,2,0,201.27
5569,2023-08-18,104,3,2,0,Deluxe,Direct,Singapore,133.23,0,1,1,1,399.69
5570,2023-06-08,3,3,2,1,Standard,OTA,India,98.16,1,0,0,0,0.0
5571,2024-07-10,33,3,2,0,Executive,Direct,Australia,353.07,1,1,1,1,0.0
5572,2024-05-20,6,3,2,1,Standard,OTA,India,55.94,0,1,0,0,167.82
5573,2023-06-24,77,4,4,0,Standard,Travel Agent,India,111.74,0,2,0,0,446.96
5574,2024-05-16,8,5,2,0,Deluxe,OTA,UK,130.32,0,0,0,0,651.6
5575,2024-06-04,44,3,4,0,Standard,Corporate,Australia,88.69,0,0,1,1,266.07
5576,2024-01-29,39,6,2,0,Executive,Travel Agent,USA,480.43,0,0,0,0,2882.58
5577,2024-02-27,6,3,3,0,Executive,OTA,UK,291.01,0,0,2,1,873.03
5578,2024-11-13,44,4,3,1,Suite,OTA,India,282.01,0,1,3,0,1128.04
5579,2023-11-28,22,3,1,0,Standard,OTA,India,107.67,0,2,1,0,323.01
5580,2023-10-09,50,1,2,0,Deluxe,OTA,UAE,108.34,0,3,0,0,108.34
5581,2024-01-29,21,4,1,0,Standard,OTA,UAE,95.79,1,1,1,0,0.0
5582,2024-09-02,44,4,2,0,Standard,OTA,Australia,52.7,1,0,0,1,0.0
5583,2024-06-01,31,2,1,0,Standard,Corporate,India,115.17,0,1,2,0,230.34
5584,2023-02-24,44,5,1,0,Deluxe,Direct,India,165.47,0,0,0,0,827.35
5585,2023-12-02,49,2,3,1,Deluxe,OTA,UK,208.03,1,1,1,0,0.0
5586,2024-06-24,28,3,3,0,Suite,Direct,USA,269.65,1,2,0,1,0.0
5587,2023-06-13,25,2,2,0,Deluxe,OTA,UK,153.81,0,0,1,0,307.62
5588,2024-12-22,48,3,2,0,Standard,Direct,India,146.16,0,0,2,0,438.48
5589,2024-08-12,22,1,3,0,Standard,Direct,Germany,93.87,0,1,0,1,93.87
5590,2024-09-10,29,4,4,1,Deluxe,Direct,USA,143.36,0,0,1,0,573.44
5591,2023-03-01,86,2,1,0,Deluxe,Corporate,UAE,141.77,0,0,0,0,283.54
5592,2024-02-28,33,4,1,0,Standard,Direct,India,66.39,0,2,1,0,265.56
5593,2024-01-21,55,2,3,0,Deluxe,OTA,India,216.68,0,0,1,0,433.36
5594,2024-04-02,19,5,1,0,Suite,OTA,India,189.43,0,0,0,0,947.15
5595,2024-09-12,44,4,2,0,Standard,Direct,USA,74.2,0,1,0,0,296.8
5596,2023-09-15,29,6,2,0,Suite,Corporate,USA,246.21,1,1,2,0,0.0
5597,2024-01-25,25,2,2,0,Executive,Direct,India,463.79,0,0,0,1,927.58
5598,2024-05-11,5,4,1,0,Executive,Corporate,USA,313.59,0,0,1,1,1254.36
5599,2024-07-03,14,3,2,1,Standard,Direct,USA,99.33,0,0,1,0,297.99
5600,2024-07-16,5,2,2,1,Standard,OTA,India,77.53,0,0,1,1,155.06
5601,2023-09-03,108,5,3,0,Deluxe,Travel Agent,India,145.39,0,0,2,0,726.95
5602,2024-12-29,31,5,2,0,Standard,Direct,UK,116.45,0,2,3,0,582.25
5603,2023-01-08,34,5,3,0,Standard,Travel Agent,India,142.37,1,0,1,1,0.0
5604,2023-12-26,61,4,1,0,Standard,OTA,India,97.74,0,0,0,0,390.96
5605,2024-03-20,41,3,1,0,Deluxe,OTA,USA,104.96,0,1,0,1,314.88
5606,2023-02-14,25,6,4,0,Standard,Direct,India,75.46,0,0,0,0,452.76
5607,2023-11-26,25,2,1,0,Standard,Direct,UAE,114.42,1,1,1,0,0.0
5608,2024-03-10,13,4,1,0,Suite,Travel Agent,UK,259.2,0,1,0,0,1036.8
5609,2024-03-19,46,5,1,0,Deluxe,Direct,India,150.0,0,0,0,0,750.0
5610,2023-03-28,47,2,2,0,Standard,OTA,India,76.41,1,1,0,0,0.0
5611,2023-07-22,34,2,2,2,Executive,OTA,India,430.34,0,1,1,1,860.68
5612,2023-06-28,30,5,3,0,Suite,OTA,Australia,259.71,0,1,0,0,1298.55
5613,2024-04-12,48,1,1,0,Standard,OTA,India,97.13,0,1,0,0,97.13
5614,2023-08-29,13,2,2,0,Standard,Direct,India,84.34,0,0,1,0,168.68
5615,2024-02-22,42,1,2,0,Deluxe,Direct,Germany,129.1,0,0,1,0,129.1
5616,2024-06-17,89,2,4,1,Deluxe,OTA,India,173.04,1,1,1,0,0.0
5617,2024-08-05,20,8,2,0,Suite,OTA,India,238.78,0,1,0,0,1910.24
5618,2023-05-15,28,4,2,0,Standard,Corporate,Germany,78.0,0,0,0,1,312.0
5619,2024-10-21,74,5,2,0,Deluxe,OTA,USA,128.38,0,0,0,0,641.9
5620,2023-05-01,34,3,2,0,Standard,OTA,India,65.42,1,0,2,0,0.0
5621,2023-01-16,58,4,2,0,Executive,Direct,India,438.35,0,2,0,0,1753.4
5622,2023-02-02,44,4,2,2,Standard,Travel Agent,Germany,74.19,0,2,1,0,296.76
5623,2023-05-27,47,3,2,1,Deluxe,OTA,India,148.03,1,0,0,0,0.0
5624,2024-09-29,19,6,2,0,Deluxe,Travel Agent,USA,159.88,0,2,1,0,959.28
5625,2023-06-01,19,1,1,0,Suite,Direct,India,285.55,0,0,0,0,285.55
5626,2024-05-21,53,1,2,0,Deluxe,OTA,India,110.91,0,0,0,0,110.91
5627,2023-11-02,10,1,2,0,Deluxe,Travel Agent,India,183.49,0,0,2,1,183.49
5628,2023-01-30,29,2,1,1,Executive,OTA,India,451.14,0,0,2,1,902.28
5629,2023-11-21,48,4,2,1,Deluxe,OTA,UK,160.94,0,0,2,0,643.76
5630,2023-01-21,28,3,3,0,Deluxe,Direct,UK,220.23,0,2,1,0,660.69
5631,2023-12-14,30,4,2,1,Suite,OTA,India,310.5,0,0,0,0,1242.0
5632,2024-02-12,60,4,2,0,Standard,Direct,India,84.41,1,0,1,0,0.0
5633,2024-01-16,80,7,2,0,Deluxe,OTA,Germany,193.01,0,0,3,0,1351.07
5634,2023-07-26,136,2,2,2,Standard,Direct,USA,85.45,1,2,0,0,0.0
5635,2024-07-13,76,4,1,1,Standard,Travel Agent,UK,97.48,0,0,0,1,389.92
5636,2024-03-11,23,2,2,0,Deluxe,Travel Agent,India,147.68,0,0,1,1,295.36
5637,2023-07-05,16,6,1,0,Standard,Corporate,UK,92.14,0,0,0,0,552.84
5638,2023-11-14,24,5,2,0,Standard,Corporate,USA,88.89,0,1,1,0,444.45
5639,2023-03-21,48,4,2,2,Deluxe,OTA,India,127.19,0,0,2,1,508.76
5640,2024-11-05,26,2,1,0,Deluxe,Travel Agent,UK,172.89,0,1,2,1,345.78
5641,2024-07-03,20,3,4,0,Standard,OTA,India,98.65,0,0,0,1,295.95
5642,2023-07-30,87,4,3,0,Deluxe,Travel Agent,India,170.8,0,3,2,0,683.2
5643,2024-05-07,25,4,1,0,Standard,OTA,USA,96.54,1,1,0,0,0.0
5644,2024-05-10,46,4,2,0,Standard,Travel Agent,India,81.96,0,0,0,0,327.84
5645,2024-03-21,45,1,1,0,Standard,OTA,Germany,61.23,0,0,0,1,61.23
5646,2023-02-09,6,2,4,0,Deluxe,OTA,India,106.89,0,0,0,1,213.78
5647,2024-10-03,83,4,2,2,Deluxe,OTA,India,118.29,0,0,3,0,473.16
5648,2024-11-28,12,3,2,0,Executive,Direct,India,427.41,0,0,1,0,1282.23
5649,2024-12-12,9,2,4,1,Deluxe,OTA,Germany,170.86,1,0,0,0,0.0
5650,2024-12-16,23,4,2,2,Executive,OTA,Australia,421.09,1,0,0,1,0.0
5651,2024-11-09,17,4,3,0,Standard,OTA,Australia,113.96,1,0,1,0,0.0
5652,2024-06-23,75,3,1,0,Deluxe,OTA,Australia,187.89,0,0,1,1,563.67
5653,2023-02-11,40,4,1,1,Deluxe,OTA,Australia,120.77,1,1,0,0,0.0
5654,2023-12-06,21,3,2,0,Deluxe,OTA,Singapore,178.47,0,2,0,0,535.41
5655,2023-06-28,8,4,3,0,Suite,OTA,India,282.33,0,0,0,1,1129.32
5656,2023-06-10,44,1,1,0,Deluxe,OTA,UK,159.11,0,0,0,1,159.11
5657,2024-08-29,27,5,2,0,Standard,Corporate,India,115.13,0,4,0,1,575.65
5658,2024-08-16,48,1,3,0,Deluxe,Direct,Australia,138.58,0,1,1,1,138.58
5659,2024-01-17,40,5,1,0,Standard,Travel Agent,India,116.82,0,0,1,0,584.1
5660,2024-06-21,17,1,2,2,Standard,Direct,UAE,121.19,0,0,0,0,121.19
5661,2023-04-05,52,5,1,0,Deluxe,OTA,India,116.17,1,1,1,0,0.0
5662,2023-06-12,11,2,1,0,Standard,Direct,UK,99.4,0,1,0,0,198.8
5663,2024-09-20,26,6,2,0,Deluxe,Travel Agent,Germany,133.7,0,0,2,1,802.2
5664,2023-11-26,29,2,3,0,Standard,Direct,USA,128.24,0,1,0,0,256.48
5665,2024-02-04,32,2,1,0,Suite,Travel Agent,Singapore,245.57,1,0,0,0,0.0
5666,2023-12-04,10,3,2,0,Standard,OTA,India,107.72,1,1,0,1,0.0
5667,2023-05-28,72,4,2,0,Standard,OTA,UK,85.29,1,0,0,1,0.0
5668,2024-08-26,17,3,2,0,Standard,Corporate,Australia,89.06,0,0,0,0,267.18
5669,2024-07-07,7,3,2,0,Deluxe,OTA,UK,162.25,0,3,2,0,486.75
5670,2024-05-14,41,3,2,0,Standard,Direct,USA,85.95,0,1,1,0,257.85
5671,2023-09-15,107,8,3,1,Standard,OTA,India,110.16,0,1,2,0,881.28
5672,2024-04-14,5,2,3,0,Standard,OTA,Germany,116.89,0,4,3,0,233.78
5673,2024-11-26,14,1,1,1,Standard,Travel Agent,India,119.83,1,0,0,0,0.0
5674,2024-04-19,60,5,2,1,Executive,Direct,India,343.86,1,0,1,1,0.0
5675,2023-12-27,33,1,2,1,Deluxe,OTA,India,196.04,0,0,1,0,196.04
5676,2023-07-17,11,2,2,0,Deluxe,OTA,USA,162.18,0,0,1,1,324.36
5677,2024-01-17,29,3,2,0,Standard,Travel Agent,India,103.28,0,1,0,0,309.84
5678,2023-09-29,91,1,3,0,Deluxe,OTA,Singapore,184.53,0,0,0,0,184.53
5679,2024-03-22,78,5,2,0,Suite,Direct,UK,282.11,0,0,0,1,1410.55
5680,2023-02-03,152,3,2,0,Standard,Travel Agent,Singapore,83.6,0,1,1,0,250.8
5681,2023-05-19,54,5,1,0,Executive,Direct,UAE,384.18,0,0,0,0,1920.9
5682,2024-07-28,22,1,2,0,Standard,OTA,Germany,117.83,0,0,1,1,117.83
5683,2023-10-05,59,2,2,0,Standard,Travel Agent,India,70.86,1,0,1,0,0.0
5684,2023-11-13,19,7,2,0,Suite,Corporate,UAE,299.16,0,0,1,0,2094.12
5685,2024-02-02,30,2,4,0,Deluxe,Direct,India,148.23,0,2,2,0,296.46
5686,2023-11-16,19,2,4,0,Deluxe,Travel Agent,India,120.54,0,1,2,0,241.08
5687,2024-07-07,54,4,4,0,Executive,Travel Agent,India,343.37,0,2,0,1,1373.48
5688,2023-06-29,50,4,2,0,Suite,Corporate,UK,298.21,1,0,1,0,0.0
5689,2024-07-07,20,4,2,1,Executive,Travel Agent,UK,377.84,1,0,1,1,0.0
5690,2023-06-02,69,1,2,0,Deluxe,Direct,India,191.93,0,0,0,0,191.93
5691,2023-09-28,83,3,4,0,Deluxe,Corporate,Australia,149.7,0,0,1,1,449.1
5692,2024-03-05,22,4,2,0,Deluxe,Direct,Australia,97.65,0,1,2,0,390.6
5693,2024-10-08,44,3,1,0,Standard,OTA,Germany,95.45,1,2,0,0,0.0
5694,2023-06-19,87,1,1,0,Standard,OTA,UK,94.0,0,0,0,0,94.0
5695,2024-03-04,41,3,3,1,Suite,OTA,UK,230.19,1,0,0,0,0.0
5696,2023-02-16,26,3,2,0,Standard,Direct,India,98.6,0,1,2,0,295.8
5697,2023-02-25,31,3,2,0,Suite,Direct,USA,282.25,1,0,1,0,0.0
5698,2024-07-14,22,2,2,0,Standard,Travel Agent,India,108.04,0,1,3,0,216.08
5699,2024-06-08,70,4,2,0,Standard,OTA,Singapore,103.32,0,3,0,0,413.28
5700,2023-10-02,64,3,3,0,Standard,OTA,UK,75.68,0,1,1,0,227.04
5701,2024-03-30,120,5,3,0,Standard,Travel Agent,India,85.75,0,1,1,0,428.75
5702,2023-10-05,18,4,1,0,Standard,Corporate,India,92.12,0,1,0,1,368.48
5703,2023-07-22,21,5,1,0,Standard,Direct,USA,117.55,0,1,1,1,587.75
5704,2023-11-11,9,2,2,0,Deluxe,OTA,India,206.9,0,0,1,0,413.8
5705,2023-08-16,48,3,1,0,Standard,Corporate,Germany,93.47,1,0,1,1,0.0
5706,2024-08-17,13,3,2,0,Standard,OTA,UAE,120.05,0,0,0,0,360.15
5707,2023-10-28,116,3,4,0,Standard,OTA,UAE,71.19,0,1,3,0,213.57
5708,2023-08-23,17,3,1,0,Standard,Direct,UAE,117.46,0,0,1,0,352.38
5709,2024-01-27,5,4,2,0,Executive,Corporate,Australia,450.77,0,0,1,0,1803.08
5710,2024-07-07,12,4,2,0,Suite,OTA,India,268.91,0,2,0,1,1075.64
5711,2023-07-19,41,3,2,0,Standard,Corporate,USA,109.21,0,0,0,1,327.63
5712,2024-11-16,31,3,2,0,Standard,OTA,UK,140.94,0,0,0,0,422.82
5713,2023-12-05,16,2,2,1,Standard,OTA,Singapore,107.04,0,0,2,0,214.08
5714,2024-04-27,30,5,2,1,Deluxe,Corporate,India,173.32,0,2,2,0,866.6
5715,2024-11-29,20,2,3,0,Standard,OTA,India,139.15,0,2,1,0,278.3
5716,2023-11-12,48,4,2,0,Deluxe,Travel Agent,India,211.02,0,1,1,0,844.08
5717,2023-05-26,13,5,3,0,Standard,OTA,Singapore,73.89,1,1,1,0,0.0
5718,2024-06-29,37,3,1,0,Deluxe,Corporate,India,182.12,0,1,2,0,546.36
5719,2023-01-05,38,4,2,0,Standard,OTA,India,108.11,0,0,0,1,432.44
5720,2023-12-01,32,3,3,0,Standard,OTA,Australia,120.49,0,1,2,0,361.47
5721,2024-12-16,44,3,2,0,Standard,Travel Agent,Singapore,103.2,0,0,1,0,309.6
5722,2023-10-30,30,4,4,1,Deluxe,Corporate,USA,141.72,1,1,0,0,0.0
5723,2024-05-14,53,5,2,1,Deluxe,Corporate,India,110.58,0,0,0,0,552.9
5724,2024-01-19,32,4,4,0,Deluxe,OTA,USA,230.74,0,1,3,0,922.96
5725,2023-06-06,72,4,1,2,Standard,OTA,India,95.42,0,3,3,0,381.68
5726,2023-08-20,36,1,1,0,Deluxe,Direct,India,161.27,0,2,0,0,161.27
5727,2024-01-18,69,2,2,0,Standard,Direct,USA,104.24,0,1,3,0,208.48
5728,2023-03-18,21,6,3,0,Deluxe,Corporate,Germany,153.07,0,0,0,0,918.42
5729,2023-10-30,14,2,1,1,Suite,Travel Agent,India,258.08,0,0,1,1,516.16
5730,2023-10-30,53,2,2,2,Standard,OTA,UK,86.82,0,1,1,0,173.64
5731,2024-09-01,32,6,4,0,Suite,OTA,India,288.86,0,0,1,1,1733.16
5732,2023-04-01,3,1,2,0,Executive,Direct,India,342.38,0,1,3,1,342.38
5733,2024-09-07,18,5,2,0,Executive,OTA,India,336.21,0,0,2,1,1681.05
5734,2023-10-27,41,2,1,0,Standard,Corporate,India,112.5,0,1,1,0,225.0
5735,2024-04-20,30,6,2,0,Suite,OTA,India,248.82,0,0,0,1,1492.92
5736,2024-02-11,17,3,3,2,Standard,OTA,India,85.95,0,1,1,0,257.85
5737,2023-08-07,32,2,2,1,Standard,OTA,India,88.51,0,0,0,0,177.02
5738,2024-11-10,36,5,1,0,Deluxe,Direct,USA,208.97,0,1,0,0,1044.85
5739,2023-06-13,7,2,2,0,Standard,OTA,India,83.51,0,1,1,1,167.02
5740,2023-01-27,68,4,2,0,Standard,Direct,India,126.93,0,0,2,0,507.72
5741,2024-07-01,78,3,3,0,Executive,OTA,UAE,367.08,0,2,1,1,1101.24
5742,2024-03-29,18,3,2,2,Standard,Corporate,Germany,98.53,0,1,0,1,295.59
5743,2024-10-12,105,4,3,0,Deluxe,OTA,India,118.11,1,1,0,0,0.0
5744,2023-12-01,30,6,2,1,Suite,Corporate,Singapore,259.64,0,1,2,0,1557.84
5745,2023-01-13,20,2,1,0,Standard,Direct,India,117.68,0,1,1,1,235.36
5746,2023-01-15,19,3,2,0,Executive,OTA,UAE,457.96,0,1,0,0,1373.88
5747,2023-11-13,100,6,2,1,Executive,OTA,USA,350.71,0,0,2,1,2104.26
5748,2023-07-02,13,4,1,0,Standard,OTA,India,92.27,1,0,2,0,0.0
5749,2024-11-04,36,3,2,0,Deluxe,Direct,India,184.61,0,1,3,0,553.83
5750,2023-03-28,40,3,1,0,Standard,Direct,India,77.01,0,1,4,0,231.03
5751,2024-10-04,53,3,2,0,Executive,Direct,UK,378.48,1,0,2,1,0.0
5752,2023-06-08,34,1,2,0,Standard,Corporate,India,80.15,1,0,2,1,0.0
5753,2023-03-29,96,4,1,0,Standard,Direct,Australia,78.96,0,2,0,0,315.84
5754,2023-07-20,107,3,2,0,Deluxe,Direct,India,187.31,0,1,1,0,561.93
5755,2023-04-16,82,1,2,0,Deluxe,Travel Agent,USA,144.17,1,0,1,0,0.0
5756,2023-10-20,42,3,2,0,Deluxe,OTA,India,139.03,0,0,3,1,417.09
5757,2023-08-30,61,6,4,1,Standard,OTA,Singapore,106.51,1,0,1,1,0.0
5758,2024-01-22,26,3,3,1,Deluxe,OTA,India,201.16,0,0,2,0,603.48
5759,2024-01-28,70,3,2,2,Deluxe,Corporate,India,186.44,1,0,2,0,0.0
5760,2023-01-01,21,3,2,0,Deluxe,Corporate,UK,188.22,0,1,2,0,564.66
5761,2023-04-02,15,2,2,0,Deluxe,Corporate,India,165.02,0,2,1,1,330.04
5762,2023-04-29,15,6,3,0,Standard,OTA,USA,95.31,0,2,0,1,571.86
5763,2023-05-23,48,3,2,2,Standard,Direct,India,83.1,1,2,0,0,0.0
5764,2023-03-10,88,4,2,0,Standard,Travel Agent,Australia,94.61,0,2,2,0,378.44
5765,2023-08-18,93,2,1,1,Standard,Travel Agent,Germany,109.73,0,0,0,0,219.46
5766,2024-02-06,4,1,3,1,Standard,OTA,India,89.62,0,1,0,0,89.62
5767,2023-08-14,63,4,3,0,Standard,OTA,UAE,112.0,0,2,0,0,448.0
5768,2023-08-29,15,1,2,0,Standard,OTA,India,84.14,0,1,1,1,84.14
5769,2023-12-09,134,2,2,0,Deluxe,Direct,Australia,223.31,1,0,2,0,0.0
5770,2024-02-05,11,4,2,0,Deluxe,OTA,India,129.31,0,0,1,0,517.24
5771,2023-08-30,7,4,1,2,Suite,Corporate,India,223.26,0,0,3,1,893.04
5772,2023-06-11,64,7,1,0,Standard,Corporate,Australia,98.15,0,1,4,0,687.05
5773,2023-10-26,24,2,3,1,Standard,Direct,India,76.07,0,0,4,0,152.14
5774,2023-01-18,23,5,2,0,Standard,OTA,Australia,121.71,0,1,4,1,608.55
5775,2023-12-26,18,5,2,0,Suite,Direct,UK,260.14,0,1,2,1,1300.7
5776,2024-11-18,20,3,3,0,Deluxe,OTA,USA,137.58,0,1,0,1,412.74
5777,2023-10-18,66,4,1,0,Standard,OTA,India,77.46,1,1,0,0,0.0
5778,2023-03-21,15,7,2,0,Standard,Direct,UK,75.42,1,0,0,0,0.0
5779,2024-05-31,29,3,4,0,Standard,Corporate,UK,103.82,1,0,0,1,0.0
5780,2023-04-03,14,2,3,2,Standard,Travel Agent,USA,82.47,0,1,1,0,164.94
5781,2023-05-22,35,8,1,0,Standard,Corporate,USA,86.84,0,0,0,0,694.72
5782,2023-04-17,23,2,1,0,Suite,Travel Agent,UK,209.61,0,1,1,1,419.22
5783,2024-10-07,46,2,2,0,Standard,Travel Agent,USA,68.31,0,1,0,0,136.62
5784,2024-12-17,50,3,1,0,Executive,Travel Agent,UAE,468.77,1,0,0,0,0.0
5785,2024-02-20,89,6,2,0,Standard,OTA,USA,74.34,1,2,3,0,0.0
5786,2024-03-26,129,6,1,0,Standard,Direct,Singapore,86.22,0,2,1,0,517.32
5787,2024-04-16,19,2,3,0,Executive,Direct,UK,286.75,0,0,0,1,573.5
5788,2024-03-21,54,1,2,1,Standard,OTA,India,86.31,0,1,0,0,86.31
5789,2024-02-02,23,6,2,2,Suite,OTA,Singapore,262.17,0,0,2,0,1573.02
5790,2024-12-21,49,5,2,0,Standard,Direct,Singapore,126.11,0,1,0,0,630.55
5791,2024-06-19,47,2,1,1,Deluxe,OTA,Singapore,163.74,0,0,0,1,327.48
5792,2023-03-06,46,4,2,0,Suite,Corporate,India,213.64,0,1,1,0,854.56
5793,2023-10-14,57,5,4,0,Standard,Direct,India,73.18,0,0,1,1,365.9
5794,2024-12-12,37,2,2,0,Standard,OTA,India,111.74,0,1,2,1,223.48
5795,2023-10-22,25,5,1,0,Standard,Corporate,Australia,104.65,0,2,1,0,523.25
5796,2023-05-29,36,3,3,0,Standard,OTA,UAE,79.57,0,0,4,0,238.71
5797,2024-09-25,123,5,1,0,Standard,Direct,India,76.99,1,0,2,0,0.0
5798,2024-03-30,21,5,2,0,Deluxe,OTA,India,154.18,0,0,2,0,770.9
5799,2024-02-15,26,2,1,1,Standard,Corporate,Australia,89.4,1,0,1,1,0.0
5800,2023-11-03,18,6,2,0,Deluxe,Direct,India,195.02,0,0,1,1,1170.12
5801,2023-04-01,5,6,2,0,Deluxe,Direct,UK,122.69,0,0,2,0,736.14
5802,2023-10-08,31,5,2,0,Suite,OTA,India,257.8,1,1,0,1,0.0
5803,2023-11-16,51,2,2,0,Executive,OTA,India,422.72,0,0,1,0,845.44
5804,2024-11-10,16,6,2,0,Suite,Travel Agent,India,348.69,0,0,3,1,2092.14
5805,2023-08-13,80,5,2,0,Standard,Corporate,India,103.85,0,0,2,0,519.25
5806,2023-04-19,45,3,2,1,Standard,Travel Agent,India,83.21,0,0,2,1,249.63
5807,2023-11-09,66,3,2,0,Deluxe,OTA,USA,170.64,0,1,1,0,511.92
5808,2024-12-28,42,5,1,0,Standard,Travel Agent,India,117.68,1,0,3,0,0.0
5809,2023-12-19,29,2,3,0,Standard,OTA,Singapore,104.3,0,0,2,0,208.6
5810,2023-10-04,25,3,2,0,Suite,OTA,UK,224.57,0,1,0,1,673.71
5811,2024-05-01,40,3,2,0,Deluxe,OTA,India,134.38,0,0,0,0,403.14
5812,2024-04-18,43,5,1,0,Standard,OTA,India,75.07,0,0,2,1,375.35
5813,2023-08-07,22,3,4,0,Deluxe,OTA,USA,159.73,0,0,0,1,479.19
5814,2024-12-07,29,6,2,0,Standard,Travel Agent,USA,129.89,0,0,1,0,779.34
5815,2024-03-08,108,1,1,1,Standard,Direct,UAE,98.15,0,0,3,0,98.15
5816,2023-02-12,36,2,1,0,Executive,OTA,Germany,364.95,0,0,2,1,729.9
5817,2023-10-25,39,3,2,0,Standard,Direct,UK,92.51,1,0,1,0,0.0
5818,2024-11-04,91,3,1,0,Deluxe,OTA,India,189.95,0,0,2,0,569.85
5819,2023-10-15,43,2,2,1,Standard,OTA,India,114.13,0,0,0,0,228.26
5820,2024-02-19,33,2,2,0,Standard,Corporate,India,89.9,0,0,1,0,179.8
5821,2024-03-23,65,4,2,0,Standard,OTA,India,103.04,1,0,2,0,0.0
5822,2024-05-29,56,1,2,2,Standard,Travel Agent,USA,68.23,1,0,0,0,0.0
5823,2024-09-28,40,4,2,1,Deluxe,OTA,India,163.07,0,1,1,0,652.28
5824,2023-04-19,42,4,1,0,Standard,Direct,India,88.17,0,1,0,0,352.68
5825,2024-01-13,27,2,2,0,Deluxe,OTA,India,200.75,0,3,0,0,401.5
5826,2024-01-25,13,3,3,0,Deluxe,Direct,Australia,132.37,1,1,0,0,0.0
5827,2023-04-22,50,3,3,1,Standard,Travel Agent,India,66.29,0,0,1,0,198.87
5828,2024-05-06,9,5,2,0,Standard,OTA,UK,77.32,1,1,1,0,0.0
5829,2023-03-28,13,3,3,0,Standard,OTA,Australia,74.84,0,1,3,0,224.52
5830,2023-11-30,28,5,1,0,Standard,Travel Agent,Australia,88.67,0,0,1,0,443.35
5831,2023-08-30,26,8,1,0,Standard,OTA,Germany,100.46,1,0,0,0,0.0
5832,2023-04-24,54,5,1,0,Standard,OTA,UK,69.12,0,3,1,1,345.6
5833,2024-08-23,64,2,1,0,Standard,OTA,India,88.33,1,0,2,1,0.0
5834,2023-06-28,118,2,3,0,Standard,Travel Agent,USA,119.77,0,0,0,0,239.54
5835,2023-07-06,7,2,1,0,Standard,Travel Agent,USA,101.81,0,0,0,0,203.62
5836,2024-09-15,46,4,2,1,Deluxe,OTA,UK,141.86,0,1,0,0,567.44
5837,2024-10-02,45,3,1,0,Standard,Direct,India,66.44,0,0,0,0,199.32
5838,2023-01-26,41,6,3,0,Standard,Travel Agent,India,96.52,0,1,1,0,579.12
5839,2023-07-22,50,8,3,2,Executive,OTA,India,383.07,0,1,0,0,3064.56
5840,2024-06-01,58,4,2,0,Suite,OTA,USA,283.79,0,0,0,0,1135.16
5841,2024-07-22,82,4,2,0,Standard,OTA,Australia,92.28,1,0,3,0,0.0
5842,2024-12-30,42,3,3,0,Deluxe,OTA,UAE,150.63,0,1,2,0,451.89
5843,2024-02-09,98,3,3,0,Executive,Travel Agent,India,308.84,0,1,3,0,926.52
5844,2023-01-06,42,3,2,0,Deluxe,OTA,Singapore,160.38,1,0,1,0,0.0
5845,2024-09-29,24,3,2,0,Deluxe,OTA,UK,113.98,0,1,1,0,341.94
5846,2023-04-28,39,3,2,0,Deluxe,Travel Agent,Germany,121.95,0,0,2,0,365.85
5847,2023-03-30,17,4,2,0,Suite,Corporate,Germany,203.9,0,3,1,0,815.6
5848,2024-05-07,18,7,4,0,Standard,Direct,UK,77.04,1,0,3,0,0.0
5849,2024-03-16,30,2,2,0,Deluxe,Direct,Singapore,157.85,1,1,0,1,0.0
5850,2023-02-13,27,5,2,0,Standard,OTA,USA,83.99,0,0,0,1,419.95
5851,2023-05-04,80,5,2,2,Deluxe,Travel Agent,Germany,139.73,0,0,0,0,698.65
5852,2024-03-06,30,4,4,0,Standard,Direct,India,77.07,0,1,0,1,308.28
5853,2023-07-06,15,4,2,0,Suite,Corporate,Singapore,284.76,0,0,1,0,1139.04
5854,2024-05-14,34,2,4,0,Standard,Direct,UAE,59.42,0,1,0,1,118.84
5855,2023-10-28,42,3,2,1,Deluxe,OTA,India,160.33,0,2,0,0,480.99
5856,2024-03-05,37,7,2,0,Executive,Travel Agent,UK,298.57,0,1,0,0,2089.99
5857,2023-12-13,14,3,2,0,Standard,Direct,India,120.46,1,0,1,1,0.0
5858,2023-09-24,86,4,1,0,Standard,Travel Agent,USA,62.41,1,1,1,0,0.0
5859,2023-09-07,6,3,2,0,Standard,Travel Agent,UAE,88.76,0,0,2,0,266.28
5860,2024-05-24,37,5,2,2,Deluxe,Direct,India,120.33,0,2,0,1,601.65
5861,2024-01-11,14,3,2,0,Standard,Direct,UAE,122.5,1,2,2,0,0.0
5862,2024-03-09,68,3,2,0,Deluxe,Corporate,UAE,134.38,0,2,1,0,403.14
5863,2024-02-26,46,5,2,0,Deluxe,Corporate,Singapore,136.48,0,0,2,1,682.4
5864,2023-06-01,42,4,3,0,Standard,OTA,Singapore,95.01,0,2,0,0,380.04
5865,2024-10-28,28,2,1,0,Deluxe,Direct,India,145.83,0,0,1,0,291.66
5866,2024-02-16,81,3,3,0,Standard,OTA,India,93.67,0,1,3,1,281.01
5867,2024-06-08,28,5,2,1,Standard,OTA,India,131.2,0,0,0,0,656.0
5868,2024-10-05,104,1,2,2,Executive,OTA,India,315.19,0,1,0,0,315.19
5869,2024-11-06,17,4,1,0,Standard,Travel Agent,India,94.59,0,1,0,0,378.36
5870,2024-05-01,35,3,1,0,Standard,OTA,USA,73.73,0,0,1,0,221.19
5871,2024-07-28,56,7,2,0,Standard,Corporate,Australia,118.79,0,0,1,0,831.53
5872,2023-12-11,49,3,3,1,Deluxe,Direct,UAE,189.71,0,1,0,1,569.13
5873,2024-06-22,33,2,2,0,Deluxe,OTA,UK,151.69,0,0,2,1,303.38
5874,2023-08-23,7,3,1,1,Standard,OTA,India,86.23,0,2,2,0,258.69
5875,2024-06-03,38,3,2,0,Standard,Travel Agent,India,99.32,0,1,1,1,297.96
5876,2023-03-04,26,3,3,0,Suite,OTA,India,290.81,0,1,1,0,872.43
5877,2024-10-29,21,2,2,0,Standard,Corporate,India,73.26,0,0,3,1,146.52
5878,2023-06-28,59,7,1,0,Standard,OTA,UAE,79.57,1,3,1,0,0.0
5879,2024-04-24,6,5,2,0,Executive,Corporate,Singapore,336.11,0,1,0,1,1680.55
5880,2023-01-09,33,7,4,0,Deluxe,OTA,Germany,138.68,0,0,0,1,970.76
5881,2023-04-24,2,1,1,0,Standard,Direct,Singapore,85.18,0,1,0,1,85.18
5882,2024-12-21,49,2,1,0,Standard,Travel Agent,India,91.88,0,0,0,0,183.76
5883,2024-08-31,59,5,2,1,Standard,Direct,India,108.81,0,1,2,0,544.05
5884,2023-06-12,38,5,2,0,Deluxe,Travel Agent,India,149.39,1,2,1,1,0.0
5885,2023-04-06,24,2,1,0,Standard,OTA,India,72.49,0,1,1,0,144.98
5886,2024-08-17,80,2,2,1,Deluxe,OTA,India,210.39,0,1,1,1,420.78
5887,2024-12-23,84,2,4,0,Standard,OTA,UK,106.92,1,0,0,0,0.0
5888,2023-05-04,43,4,3,0,Standard,Corporate,USA,78.38,0,0,1,0,313.52
5889,2024-04-29,92,6,1,0,Deluxe,OTA,Australia,125.99,1,0,0,0,0.0
5890,2023-07-27,17,4,3,0,Deluxe,Direct,India,141.62,0,0,1,1,566.48
5891,2024-06-27,31,7,2,1,Deluxe,Corporate,UAE,190.21,0,1,0,0,1331.47
5892,2023-11-02,3,2,2,0,Standard,OTA,UK,103.12,1,1,0,0,0.0
5893,2023-04-02,13,2,1,0,Standard,OTA,UAE,112.48,0,1,0,1,224.96
5894,2023-08-25,12,1,4,0,Standard,Travel Agent,USA,99.46,0,1,2,1,99.46
5895,2024-01-29,49,3,1,0,Standard,Direct,India,108.24,0,0,1,0,324.72
5896,2024-08-05,14,2,1,0,Standard,Direct,India,90.49,0,2,0,0,180.98
5897,2023-01-16,5,2,2,0,Deluxe,Corporate,India,158.58,0,0,0,0,317.16
5898,2024-11-30,20,4,2,0,Suite,Direct,India,333.8,0,2,0,1,1335.2
5899,2024-04-19,22,2,2,0,Executive,OTA,India,413.92,1,0,0,0,0.0
5900,2024-09-30,11,5,2,0,Deluxe,Direct,UK,150.09,0,0,2,0,750.45
5901,2024-11-09,36,5,2,0,Suite,OTA,Australia,342.55,0,2,0,0,1712.75
5902,2023-04-23,41,3,3,0,Standard,Travel Agent,India,76.91,0,0,0,1,230.73
5903,2023-03-10,8,4,2,0,Suite,Corporate,India,262.77,0,0,0,0,1051.08
5904,2024-07-20,54,3,1,0,Standard,OTA,India,103.39,0,1,0,0,310.17
5905,2023-05-18,16,2,3,0,Standard,OTA,India,70.74,0,1,0,0,141.48
5906,2023-04-19,22,3,2,0,Standard,Direct,India,86.13,1,1,0,0,0.0
5907,2023-12-09,47,3,2,0,Deluxe,OTA,Germany,170.81,1,2,0,0,0.0
5908,2024-10-28,22,1,1,0,Deluxe,Travel Agent,India,131.62,0,0,2,0,131.62
5909,2024-08-03,13,4,2,0,Standard,Travel Agent,India,116.32,0,0,0,0,465.28
5910,2024-01-14,35,5,1,2,Suite,OTA,Australia,368.56,0,1,1,1,1842.8
5911,2023-05-24,68,5,2,0,Executive,Direct,UK,253.83,0,1,1,0,1269.15
5912,2023-09-03,63,2,1,1,Deluxe,OTA,India,179.49,0,0,1,0,358.98
5913,2024-05-17,20,3,2,0,Standard,Travel Agent,India,94.94,1,1,1,0,0.0
5914,2023-04-25,15,4,1,0,Deluxe,OTA,Singapore,129.58,0,0,0,0,518.32
5915,2024-01-18,18,3,2,0,Standard,OTA,Singapore,90.47,1,0,0,1,0.0
5916,2023-01-09,63,2,2,0,Standard,Travel Agent,UK,96.96,0,0,2,0,193.92
5917,2023-08-26,18,5,2,0,Standard,Direct,India,105.29,0,2,0,0,526.45
5918,2023-07-01,89,2,3,0,Standard,OTA,UAE,109.64,1,0,1,1,0.0
5919,2024-05-12,46,4,2,1,Standard,Direct,USA,95.47,0,2,0,1,381.88
5920,2024-10-29,32,6,2,0,Standard,Direct,India,76.32,0,1,2,0,457.92
5921,2023-04-17,20,2,2,0,Standard,Direct,India,93.61,0,1,0,0,187.22
5922,2024-08-05,35,4,2,0,Suite,OTA,India,251.05,0,1,0,0,1004.2
5923,2024-04-23,13,2,3,2,Suite,Corporate,India,224.31,0,0,1,0,448.62
5924,2024-12-08,9,3,2,0,Suite,Direct,UK,386.91,0,2,2,0,1160.73
5925,2024-10-27,46,3,4,0,Standard,OTA,UAE,85.6,1,0,0,0,0.0
5926,2023-03-15,32,4,1,0,Suite,Corporate,Singapore,183.12,0,0,0,1,732.48
5927,2024-06-26,55,3,3,0,Deluxe,Corporate,Singapore,147.67,1,0,0,0,0.0
5928,2024-03-08,40,5,2,0,Standard,OTA,Germany,101.74,0,1,1,1,508.7
5929,2023-03-24,20,3,1,2,Standard,Travel Agent,India,92.42,0,0,1,0,277.26
5930,2023-07-07,63,4,2,0,Standard,Direct,USA,118.96,0,2,1,1,475.84
5931,2024-11-07,22,7,1,0,Standard,Travel Agent,India,90.6,0,1,1,1,634.2
5932,2024-02-01,75,6,3,0,Suite,Travel Agent,UK,176.6,0,2,0,0,1059.6
5933,2023-09-05,21,3,3,0,Standard,OTA,India,85.29,0,1,2,1,255.87
5934,2023-08-22,10,4,2,1,Standard,Direct,UK,99.69,0,0,0,0,398.76
5935,2024-09-03,83,5,1,0,Deluxe,OTA,India,115.27,0,0,2,0,576.35
5936,2023-07-26,20,4,4,1,Suite,Direct,UK,226.78,0,0,2,0,907.12
5937,2023-04-26,22,5,3,1,Deluxe,Direct,UAE,126.98,0,1,0,1,634.9
5938,2024-02-23,10,5,2,0,Deluxe,Corporate,India,148.18,0,0,0,0,740.9
5939,2024-12-25,30,3,2,2,Suite,Direct,Singapore,252.52,0,0,0,0,757.56
5940,2023-05-14,12,3,2,2,Standard,Direct,India,90.92,0,0,1,1,272.76
5941,2023-07-06,80,3,2,1,Deluxe,Travel Agent,India,128.32,0,1,1,0,384.96
5942,2023-12-09,24,7,3,0,Executive,OTA,UK,428.59,1,1,2,1,0.0
5943,2023-05-26,15,3,2,0,Suite,OTA,USA,212.25,1,1,0,1,0.0
5944,2024-04-20,34,1,1,0,Standard,Direct,Germany,90.49,0,0,0,1,90.49
5945,2023-07-05,127,4,1,1,Executive,Corporate,USA,331.17,0,0,1,0,1324.68
5946,2023-04-04,35,3,2,0,Standard,Corporate,India,92.7,1,1,0,0,0.0
5947,2023-07-10,27,2,2,0,Deluxe,OTA,USA,161.2,0,0,0,1,322.4
5948,2024-11-10,33,4,3,1,Deluxe,Direct,Australia,169.38,0,0,1,1,677.52
5949,2024-11-13,57,5,3,2,Standard,Travel Agent,India,119.46,0,0,0,0,597.3
5950,2024-01-05,54,4,1,1,Standard,Travel Agent,India,120.85,0,0,0,0,483.4
5951,2023-10-20,39,3,1,1,Deluxe,Direct,Australia,162.57,0,1,1,0,487.71
5952,2024-08-21,64,5,2,0,Standard,OTA,Australia,80.78,1,0,1,0,0.0
5953,2023-05-22,34,3,3,0,Standard,Direct,Australia,85.51,0,0,0,1,256.53
5954,2024-04-22,29,3,3,0,Deluxe,Direct,India,161.55,0,2,0,0,484.65
5955,2024-05-11,34,3,1,2,Deluxe,OTA,Germany,159.48,0,1,1,0,478.44
5956,2024-06-02,21,2,2,0,Suite,OTA,India,281.0,0,0,0,0,562.0
5957,2023-06-09,58,4,3,1,Executive,OTA,UK,469.77,0,1,1,1,1879.08
5958,2024-06-06,20,2,2,0,Executive,OTA,India,329.29,0,0,1,0,658.58
5959,2024-03-22,5,5,2,0,Standard,Direct,USA,97.04,0,2,0,0,485.2
5960,2024-09-30,9,3,1,0,Standard,Direct,Australia,101.31,0,1,2,0,303.93
5961,2023-05-08,42,2,1,2,Deluxe,OTA,India,120.56,0,0,0,0,241.12
5962,2024-03-23,18,3,1,0,Executive,OTA,India,365.11,0,1,1,1,1095.33
5963,2024-08-28,54,6,2,0,Suite,Direct,UK,326.71,0,0,2,1,1960.26
5964,2023-07-23,32,3,2,0,Deluxe,OTA,Germany,200.03,0,0,0,0,600.09
5965,2024-06-26,58,4,2,0,Suite,Travel Agent,USA,285.79,0,1,1,0,1143.16
5966,2023-03-14,5,5,2,0,Standard,Corporate,UAE,60.9,0,1,0,0,304.5
5967,2024-06-08,20,5,1,0,Deluxe,Corporate,Singapore,158.12,0,1,1,0,790.6
5968,2024-03-18,15,1,1,0,Standard,OTA,UAE,88.08,0,2,2,1,88.08
5969,2023-05-21,143,3,1,1,Deluxe,Corporate,USA,143.49,0,1,2,0,430.47
5970,2023-02-18,23,4,1,1,Standard,Corporate,UK,86.26,0,0,2,0,345.04
5971,2024-06-28,8,3,4,0,Standard,OTA,India,125.65,0,1,1,1,376.95
5972,2023-06-26,41,2,1,0,Standard,OTA,India,103.33,0,1,1,0,206.66
5973,2023-12-30,14,5,1,0,Deluxe,Direct,India,181.3,0,1,0,0,906.5
5974,2023-02-14,62,4,2,0,Deluxe,Corporate,USA,141.48,0,0,4,0,565.92
5975,2024-12-04,69,5,2,1,Suite,OTA,India,261.8,0,1,3,1,1309.0
5976,2024-02-05,15,3,1,0,Executive,Direct,India,241.8,0,0,0,0,725.4
5977,2024-11-11,18,1,1,0,Standard,Travel Agent,India,111.74,0,2,1,1,111.74
5978,2023-04-28,39,3,1,0,Standard,Corporate,Australia,77.98,0,0,1,0,233.94
5979,2023-05-31,63,4,1,1,Standard,OTA,India,67.65,0,0,0,0,270.6
5980,2024-03-21,42,4,2,0,Standard,OTA,Australia,69.89,0,0,1,0,279.56
5981,2024-03-17,23,4,2,0,Deluxe,Direct,India,151.83,0,0,0,0,607.32
5982,2024-07-31,10,4,1,1,Deluxe,Travel Agent,USA,170.03,0,0,2,0,680.12
5983,2024-11-08,95,2,2,0,Standard,Travel Agent,Australia,119.27,0,0,0,0,238.54
5984,2024-08-22,43,1,1,0,Deluxe,OTA,India,132.73,0,0,0,0,132.73
5985,2023-04-13,108,4,2,0,Suite,Travel Agent,UK,189.22,1,1,2,0,0.0
5986,2023-08-14,47,5,1,0,Standard,Direct,UAE,77.64,0,1,0,1,388.2
5987,2024-10-29,99,5,1,1,Executive,OTA,UK,324.33,1,1,3,0,0.0
5988,2024-02-05,17,3,2,0,Standard,OTA,India,70.93,1,2,0,1,0.0
5989,2024-09-24,18,2,1,0,Standard,Corporate,USA,81.76,0,3,0,0,163.52
5990,2024-02-15,28,3,1,0,Standard,OTA,India,62.24,0,2,2,0,186.72
5991,2023-02-06,16,5,2,0,Standard,Direct,USA,91.78,0,0,1,1,458.9
5992,2023-12-12,7,1,3,0,Standard,Direct,India,107.26,0,0,0,0,107.26
5993,2024-08-25,19,3,2,0,Standard,Corporate,UAE,89.02,0,2,3,0,267.06
5994,2024-04-23,47,4,1,0,Standard,Corporate,Germany,73.76,0,0,0,1,295.04
5995,2023-04-07,11,5,2,2,Deluxe,Travel Agent,India,151.95,0,1,0,1,759.75
5996,2023-06-03,12,1,2,0,Standard,OTA,UK,98.06,0,1,0,1,98.06
5997,2024-09-15,20,7,2,2,Standard,OTA,Germany,95.5,0,0,1,0,668.5
5998,2024-12-15,14,1,2,0,Deluxe,Travel Agent,USA,231.66,1,0,0,0,0.0
5999,2024-07-03,21,3,2,1,Deluxe,Direct,Australia,172.24,0,1,2,0,516.72
6000,2023-03-13,29,8,4,0,Deluxe,Direct,India,128.88,0,0,2,0,1031.04
